engine,model,ms,result
merge,/home/pventura/src/OpenDefAlgSplitting/benches/scale/corpus/full/chain_unary_n128_k1_definable_fixed_i0.model,33.732,DEFINABLE
merge,/home/pventura/src/OpenDefAlgSplitting/benches/scale/corpus/full/chain_unary_n128_k1_definable_fixed_i1.model,33.718,DEFINABLE
merge,/home/pventura/src/OpenDefAlgSplitting/benches/scale/corpus/full/chain_unary_n128_k1_definable_fixed_i10.model,33.478,DEFINABLE
merge,/home/pventura/src/OpenDefAlgSplitting/benches/scale/corpus/full/chain_unary_n128_k1_definable_fixed_i11.model,33.573,DEFINABLE
merge,/home/pventura/src/OpenDefAlgSplitting/benches/scale/corpus/full/chain_unary_n128_k1_definable_fixed_i12.model,33.358,DEFINABLE
merge,/home/pventura/src/OpenDefAlgSplitting/benches/scale/corpus/full/chain_unary_n128_k1_definable_fixed_i13.model,33.794,DEFINABLE
merge,/home/pventura/src/OpenDefAlgSplitting/benches/scale/corpus/full/chain_unary_n128_k1_definable_fixed_i14.model,33.637,DEFINABLE
merge,/home/pventura/src/OpenDefAlgSplitting/benches/scale/corpus/full/chain_unary_n128_k1_definable_fixed_i15.model,33.669,DEFINABLE
merge,/home/pventura/src/OpenDefAlgSplitting/benches/scale/corpus/full/chain_unary_n128_k1_definable_fixed_i16.model,33.978,DEFINABLE
merge,/home/pventura/src/OpenDefAlgSplitting/benches/scale/corpus/full/chain_unary_n128_k1_definable_fixed_i17.model,33.887,DEFINABLE
merge,/home/pventura/src/OpenDefAlgSplitting/benches/scale/corpus/full/chain_unary_n128_k1_definable_fixed_i18.model,33.418,DEFINABLE
merge,/home/pventura/src/OpenDefAlgSplitting/benches/scale/corpus/full/chain_unary_n128_k1_definable_fixed_i19.model,33.682,DEFINABLE
merge,/home/pventura/src/OpenDefAlgSplitting/benches/scale/corpus/full/chain_unary_n128_k1_definable_fixed_i2.model,33.587,DEFINABLE
merge,/home/pventura/src/OpenDefAlgSplitting/benches/scale/corpus/full/chain_unary_n128_k1_definable_fixed_i20.model,33.808,DEFINABLE
merge,/home/pventura/src/OpenDefAlgSplitting/benches/scale/corpus/full/chain_unary_n128_k1_definable_fixed_i21.model,33.894,DEFINABLE
merge,/home/pventura/src/OpenDefAlgSplitting/benches/scale/corpus/full/chain_unary_n128_k1_definable_fixed_i22.model,33.548,DEFINABLE
merge,/home/pventura/src/OpenDefAlgSplitting/benches/scale/corpus/full/chain_unary_n128_k1_definable_fixed_i23.model,33.643,DEFINABLE
merge,/home/pventura/src/OpenDefAlgSplitting/benches/scale/corpus/full/chain_unary_n128_k1_definable_fixed_i24.model,33.322,DEFINABLE
merge,/home/pventura/src/OpenDefAlgSplitting/benches/scale/corpus/full/chain_unary_n128_k1_definable_fixed_i25.model,33.807,DEFINABLE
merge,/home/pventura/src/OpenDefAlgSplitting/benches/scale/corpus/full/chain_unary_n128_k1_definable_fixed_i26.model,33.194,DEFINABLE
merge,/home/pventura/src/OpenDefAlgSplitting/benches/scale/corpus/full/chain_unary_n128_k1_definable_fixed_i27.model,34.174,DEFINABLE
merge,/home/pventura/src/OpenDefAlgSplitting/benches/scale/corpus/full/chain_unary_n128_k1_definable_fixed_i28.model,33.281,DEFINABLE
merge,/home/pventura/src/OpenDefAlgSplitting/benches/scale/corpus/full/chain_unary_n128_k1_definable_fixed_i29.model,34.129,DEFINABLE
merge,/home/pventura/src/OpenDefAlgSplitting/benches/scale/corpus/full/chain_unary_n128_k1_definable_fixed_i3.model,33.438,DEFINABLE
merge,/home/pventura/src/OpenDefAlgSplitting/benches/scale/corpus/full/chain_unary_n128_k1_definable_fixed_i4.model,33.378,DEFINABLE
merge,/home/pventura/src/OpenDefAlgSplitting/benches/scale/corpus/full/chain_unary_n128_k1_definable_fixed_i5.model,33.360,DEFINABLE
merge,/home/pventura/src/OpenDefAlgSplitting/benches/scale/corpus/full/chain_unary_n128_k1_definable_fixed_i6.model,33.253,DEFINABLE
merge,/home/pventura/src/OpenDefAlgSplitting/benches/scale/corpus/full/chain_unary_n128_k1_definable_fixed_i7.model,33.488,DEFINABLE
merge,/home/pventura/src/OpenDefAlgSplitting/benches/scale/corpus/full/chain_unary_n128_k1_definable_fixed_i8.model,33.709,DEFINABLE
merge,/home/pventura/src/OpenDefAlgSplitting/benches/scale/corpus/full/chain_unary_n128_k1_definable_fixed_i9.model,33.813,DEFINABLE
merge,/home/pventura/src/OpenDefAlgSplitting/benches/scale/corpus/full/chain_unary_n128_k1_nondef_mix_i0.model,33.439,DEFINABLE
merge,/home/pventura/src/OpenDefAlgSplitting/benches/scale/corpus/full/chain_unary_n128_k1_nondef_mix_i1.model,33.423,DEFINABLE
merge,/home/pventura/src/OpenDefAlgSplitting/benches/scale/corpus/full/chain_unary_n128_k1_nondef_mix_i10.model,33.743,DEFINABLE
merge,/home/pventura/src/OpenDefAlgSplitting/benches/scale/corpus/full/chain_unary_n128_k1_nondef_mix_i11.model,33.718,DEFINABLE
merge,/home/pventura/src/OpenDefAlgSplitting/benches/scale/corpus/full/chain_unary_n128_k1_nondef_mix_i12.model,33.495,DEFINABLE
merge,/home/pventura/src/OpenDefAlgSplitting/benches/scale/corpus/full/chain_unary_n128_k1_nondef_mix_i13.model,33.453,DEFINABLE
merge,/home/pventura/src/OpenDefAlgSplitting/benches/scale/corpus/full/chain_unary_n128_k1_nondef_mix_i14.model,34.354,DEFINABLE
merge,/home/pventura/src/OpenDefAlgSplitting/benches/scale/corpus/full/chain_unary_n128_k1_nondef_mix_i15.model,33.877,DEFINABLE
merge,/home/pventura/src/OpenDefAlgSplitting/benches/scale/corpus/full/chain_unary_n128_k1_nondef_mix_i16.model,34.273,DEFINABLE
merge,/home/pventura/src/OpenDefAlgSplitting/benches/scale/corpus/full/chain_unary_n128_k1_nondef_mix_i17.model,33.420,DEFINABLE
merge,/home/pventura/src/OpenDefAlgSplitting/benches/scale/corpus/full/chain_unary_n128_k1_nondef_mix_i18.model,33.145,DEFINABLE
merge,/home/pventura/src/OpenDefAlgSplitting/benches/scale/corpus/full/chain_unary_n128_k1_nondef_mix_i19.model,33.253,DEFINABLE
merge,/home/pventura/src/OpenDefAlgSplitting/benches/scale/corpus/full/chain_unary_n128_k1_nondef_mix_i2.model,33.193,DEFINABLE
merge,/home/pventura/src/OpenDefAlgSplitting/benches/scale/corpus/full/chain_unary_n128_k1_nondef_mix_i20.model,33.843,DEFINABLE
merge,/home/pventura/src/OpenDefAlgSplitting/benches/scale/corpus/full/chain_unary_n128_k1_nondef_mix_i21.model,33.755,DEFINABLE
merge,/home/pventura/src/OpenDefAlgSplitting/benches/scale/corpus/full/chain_unary_n128_k1_nondef_mix_i22.model,33.434,DEFINABLE
merge,/home/pventura/src/OpenDefAlgSplitting/benches/scale/corpus/full/chain_unary_n128_k1_nondef_mix_i23.model,33.966,DEFINABLE
merge,/home/pventura/src/OpenDefAlgSplitting/benches/scale/corpus/full/chain_unary_n128_k1_nondef_mix_i24.model,33.578,DEFINABLE
merge,/home/pventura/src/OpenDefAlgSplitting/benches/scale/corpus/full/chain_unary_n128_k1_nondef_mix_i25.model,33.484,DEFINABLE
merge,/home/pventura/src/OpenDefAlgSplitting/benches/scale/corpus/full/chain_unary_n128_k1_nondef_mix_i26.model,34.023,DEFINABLE
merge,/home/pventura/src/OpenDefAlgSplitting/benches/scale/corpus/full/chain_unary_n128_k1_nondef_mix_i27.model,33.604,DEFINABLE
merge,/home/pventura/src/OpenDefAlgSplitting/benches/scale/corpus/full/chain_unary_n128_k1_nondef_mix_i28.model,33.383,DEFINABLE
merge,/home/pventura/src/OpenDefAlgSplitting/benches/scale/corpus/full/chain_unary_n128_k1_nondef_mix_i29.model,33.740,DEFINABLE
merge,/home/pventura/src/OpenDefAlgSplitting/benches/scale/corpus/full/chain_unary_n128_k1_nondef_mix_i3.model,33.397,DEFINABLE
merge,/home/pventura/src/OpenDefAlgSplitting/benches/scale/corpus/full/chain_unary_n128_k1_nondef_mix_i4.model,33.376,DEFINABLE
merge,/home/pventura/src/OpenDefAlgSplitting/benches/scale/corpus/full/chain_unary_n128_k1_nondef_mix_i5.model,34.008,DEFINABLE
merge,/home/pventura/src/OpenDefAlgSplitting/benches/scale/corpus/full/chain_unary_n128_k1_nondef_mix_i6.model,33.649,DEFINABLE
merge,/home/pventura/src/OpenDefAlgSplitting/benches/scale/corpus/full/chain_unary_n128_k1_nondef_mix_i7.model,34.136,DEFINABLE
merge,/home/pventura/src/OpenDefAlgSplitting/benches/scale/corpus/full/chain_unary_n128_k1_nondef_mix_i8.model,33.356,DEFINABLE
merge,/home/pventura/src/OpenDefAlgSplitting/benches/scale/corpus/full/chain_unary_n128_k1_nondef_mix_i9.model,34.053,DEFINABLE
merge,/home/pventura/src/OpenDefAlgSplitting/benches/scale/corpus/full/chain_unary_n16_k1_definable_fixed_i0.model,0.284,DEFINABLE
merge,/home/pventura/src/OpenDefAlgSplitting/benches/scale/corpus/full/chain_unary_n16_k1_definable_fixed_i1.model,0.285,DEFINABLE
merge,/home/pventura/src/OpenDefAlgSplitting/benches/scale/corpus/full/chain_unary_n16_k1_definable_fixed_i10.model,0.301,DEFINABLE
merge,/home/pventura/src/OpenDefAlgSplitting/benches/scale/corpus/full/chain_unary_n16_k1_definable_fixed_i11.model,0.292,DEFINABLE
merge,/home/pventura/src/OpenDefAlgSplitting/benches/scale/corpus/full/chain_unary_n16_k1_definable_fixed_i12.model,0.288,DEFINABLE
merge,/home/pventura/src/OpenDefAlgSplitting/benches/scale/corpus/full/chain_unary_n16_k1_definable_fixed_i13.model,0.282,DEFINABLE
merge,/home/pventura/src/OpenDefAlgSplitting/benches/scale/corpus/full/chain_unary_n16_k1_definable_fixed_i14.model,0.277,DEFINABLE
merge,/home/pventura/src/OpenDefAlgSplitting/benches/scale/corpus/full/chain_unary_n16_k1_definable_fixed_i15.model,0.285,DEFINABLE
merge,/home/pventura/src/OpenDefAlgSplitting/benches/scale/corpus/full/chain_unary_n16_k1_definable_fixed_i16.model,0.296,DEFINABLE
merge,/home/pventura/src/OpenDefAlgSplitting/benches/scale/corpus/full/chain_unary_n16_k1_definable_fixed_i17.model,0.308,DEFINABLE
merge,/home/pventura/src/OpenDefAlgSplitting/benches/scale/corpus/full/chain_unary_n16_k1_definable_fixed_i18.model,0.275,DEFINABLE
merge,/home/pventura/src/OpenDefAlgSplitting/benches/scale/corpus/full/chain_unary_n16_k1_definable_fixed_i19.model,0.297,DEFINABLE
merge,/home/pventura/src/OpenDefAlgSplitting/benches/scale/corpus/full/chain_unary_n16_k1_definable_fixed_i2.model,0.311,DEFINABLE
merge,/home/pventura/src/OpenDefAlgSplitting/benches/scale/corpus/full/chain_unary_n16_k1_definable_fixed_i20.model,0.280,DEFINABLE
merge,/home/pventura/src/OpenDefAlgSplitting/benches/scale/corpus/full/chain_unary_n16_k1_definable_fixed_i21.model,0.304,DEFINABLE
merge,/home/pventura/src/OpenDefAlgSplitting/benches/scale/corpus/full/chain_unary_n16_k1_definable_fixed_i22.model,0.280,DEFINABLE
merge,/home/pventura/src/OpenDefAlgSplitting/benches/scale/corpus/full/chain_unary_n16_k1_definable_fixed_i23.model,0.288,DEFINABLE
merge,/home/pventura/src/OpenDefAlgSplitting/benches/scale/corpus/full/chain_unary_n16_k1_definable_fixed_i24.model,0.280,DEFINABLE
merge,/home/pventura/src/OpenDefAlgSplitting/benches/scale/corpus/full/chain_unary_n16_k1_definable_fixed_i25.model,0.281,DEFINABLE
merge,/home/pventura/src/OpenDefAlgSplitting/benches/scale/corpus/full/chain_unary_n16_k1_definable_fixed_i26.model,0.291,DEFINABLE
merge,/home/pventura/src/OpenDefAlgSplitting/benches/scale/corpus/full/chain_unary_n16_k1_definable_fixed_i27.model,0.283,DEFINABLE
merge,/home/pventura/src/OpenDefAlgSplitting/benches/scale/corpus/full/chain_unary_n16_k1_definable_fixed_i28.model,0.281,DEFINABLE
merge,/home/pventura/src/OpenDefAlgSplitting/benches/scale/corpus/full/chain_unary_n16_k1_definable_fixed_i29.model,0.301,DEFINABLE
merge,/home/pventura/src/OpenDefAlgSplitting/benches/scale/corpus/full/chain_unary_n16_k1_definable_fixed_i3.model,0.302,DEFINABLE
merge,/home/pventura/src/OpenDefAlgSplitting/benches/scale/corpus/full/chain_unary_n16_k1_definable_fixed_i4.model,0.295,DEFINABLE
merge,/home/pventura/src/OpenDefAlgSplitting/benches/scale/corpus/full/chain_unary_n16_k1_definable_fixed_i5.model,0.305,DEFINABLE
merge,/home/pventura/src/OpenDefAlgSplitting/benches/scale/corpus/full/chain_unary_n16_k1_definable_fixed_i6.model,0.300,DEFINABLE
merge,/home/pventura/src/OpenDefAlgSplitting/benches/scale/corpus/full/chain_unary_n16_k1_definable_fixed_i7.model,0.354,DEFINABLE
merge,/home/pventura/src/OpenDefAlgSplitting/benches/scale/corpus/full/chain_unary_n16_k1_definable_fixed_i8.model,0.279,DEFINABLE
merge,/home/pventura/src/OpenDefAlgSplitting/benches/scale/corpus/full/chain_unary_n16_k1_definable_fixed_i9.model,0.292,DEFINABLE
merge,/home/pventura/src/OpenDefAlgSplitting/benches/scale/corpus/full/chain_unary_n16_k1_nondef_mix_i0.model,0.296,DEFINABLE
merge,/home/pventura/src/OpenDefAlgSplitting/benches/scale/corpus/full/chain_unary_n16_k1_nondef_mix_i1.model,0.356,DEFINABLE
merge,/home/pventura/src/OpenDefAlgSplitting/benches/scale/corpus/full/chain_unary_n16_k1_nondef_mix_i10.model,0.293,DEFINABLE
merge,/home/pventura/src/OpenDefAlgSplitting/benches/scale/corpus/full/chain_unary_n16_k1_nondef_mix_i11.model,0.287,DEFINABLE
merge,/home/pventura/src/OpenDefAlgSplitting/benches/scale/corpus/full/chain_unary_n16_k1_nondef_mix_i12.model,0.290,DEFINABLE
merge,/home/pventura/src/OpenDefAlgSplitting/benches/scale/corpus/full/chain_unary_n16_k1_nondef_mix_i13.model,0.285,DEFINABLE
merge,/home/pventura/src/OpenDefAlgSplitting/benches/scale/corpus/full/chain_unary_n16_k1_nondef_mix_i14.model,0.311,DEFINABLE
merge,/home/pventura/src/OpenDefAlgSplitting/benches/scale/corpus/full/chain_unary_n16_k1_nondef_mix_i15.model,0.282,DEFINABLE
merge,/home/pventura/src/OpenDefAlgSplitting/benches/scale/corpus/full/chain_unary_n16_k1_nondef_mix_i16.model,0.310,DEFINABLE
merge,/home/pventura/src/OpenDefAlgSplitting/benches/scale/corpus/full/chain_unary_n16_k1_nondef_mix_i17.model,0.278,DEFINABLE
merge,/home/pventura/src/OpenDefAlgSplitting/benches/scale/corpus/full/chain_unary_n16_k1_nondef_mix_i18.model,0.317,DEFINABLE
merge,/home/pventura/src/OpenDefAlgSplitting/benches/scale/corpus/full/chain_unary_n16_k1_nondef_mix_i19.model,0.303,DEFINABLE
merge,/home/pventura/src/OpenDefAlgSplitting/benches/scale/corpus/full/chain_unary_n16_k1_nondef_mix_i2.model,0.367,DEFINABLE
merge,/home/pventura/src/OpenDefAlgSplitting/benches/scale/corpus/full/chain_unary_n16_k1_nondef_mix_i20.model,0.282,DEFINABLE
merge,/home/pventura/src/OpenDefAlgSplitting/benches/scale/corpus/full/chain_unary_n16_k1_nondef_mix_i21.model,0.277,DEFINABLE
merge,/home/pventura/src/OpenDefAlgSplitting/benches/scale/corpus/full/chain_unary_n16_k1_nondef_mix_i22.model,0.322,DEFINABLE
merge,/home/pventura/src/OpenDefAlgSplitting/benches/scale/corpus/full/chain_unary_n16_k1_nondef_mix_i23.model,0.287,DEFINABLE
merge,/home/pventura/src/OpenDefAlgSplitting/benches/scale/corpus/full/chain_unary_n16_k1_nondef_mix_i24.model,0.287,DEFINABLE
merge,/home/pventura/src/OpenDefAlgSplitting/benches/scale/corpus/full/chain_unary_n16_k1_nondef_mix_i25.model,0.282,DEFINABLE
merge,/home/pventura/src/OpenDefAlgSplitting/benches/scale/corpus/full/chain_unary_n16_k1_nondef_mix_i26.model,0.297,DEFINABLE
merge,/home/pventura/src/OpenDefAlgSplitting/benches/scale/corpus/full/chain_unary_n16_k1_nondef_mix_i27.model,0.278,DEFINABLE
merge,/home/pventura/src/OpenDefAlgSplitting/benches/scale/corpus/full/chain_unary_n16_k1_nondef_mix_i28.model,0.284,DEFINABLE
merge,/home/pventura/src/OpenDefAlgSplitting/benches/scale/corpus/full/chain_unary_n16_k1_nondef_mix_i29.model,0.285,DEFINABLE
merge,/home/pventura/src/OpenDefAlgSplitting/benches/scale/corpus/full/chain_unary_n16_k1_nondef_mix_i3.model,0.309,DEFINABLE
merge,/home/pventura/src/OpenDefAlgSplitting/benches/scale/corpus/full/chain_unary_n16_k1_nondef_mix_i4.model,0.306,DEFINABLE
merge,/home/pventura/src/OpenDefAlgSplitting/benches/scale/corpus/full/chain_unary_n16_k1_nondef_mix_i5.model,0.285,DEFINABLE
merge,/home/pventura/src/OpenDefAlgSplitting/benches/scale/corpus/full/chain_unary_n16_k1_nondef_mix_i6.model,0.279,DEFINABLE
merge,/home/pventura/src/OpenDefAlgSplitting/benches/scale/corpus/full/chain_unary_n16_k1_nondef_mix_i7.model,0.286,DEFINABLE
merge,/home/pventura/src/OpenDefAlgSplitting/benches/scale/corpus/full/chain_unary_n16_k1_nondef_mix_i8.model,0.348,DEFINABLE
merge,/home/pventura/src/OpenDefAlgSplitting/benches/scale/corpus/full/chain_unary_n16_k1_nondef_mix_i9.model,0.276,DEFINABLE
merge,/home/pventura/src/OpenDefAlgSplitting/benches/scale/corpus/full/chain_unary_n32_k1_definable_fixed_i0.model,1.354,DEFINABLE
merge,/home/pventura/src/OpenDefAlgSplitting/benches/scale/corpus/full/chain_unary_n32_k1_definable_fixed_i1.model,1.138,DEFINABLE
merge,/home/pventura/src/OpenDefAlgSplitting/benches/scale/corpus/full/chain_unary_n32_k1_definable_fixed_i10.model,1.168,DEFINABLE
merge,/home/pventura/src/OpenDefAlgSplitting/benches/scale/corpus/full/chain_unary_n32_k1_definable_fixed_i11.model,1.132,DEFINABLE
merge,/home/pventura/src/OpenDefAlgSplitting/benches/scale/corpus/full/chain_unary_n32_k1_definable_fixed_i12.model,1.201,DEFINABLE
merge,/home/pventura/src/OpenDefAlgSplitting/benches/scale/corpus/full/chain_unary_n32_k1_definable_fixed_i13.model,1.270,DEFINABLE
merge,/home/pventura/src/OpenDefAlgSplitting/benches/scale/corpus/full/chain_unary_n32_k1_definable_fixed_i14.model,1.340,DEFINABLE
merge,/home/pventura/src/OpenDefAlgSplitting/benches/scale/corpus/full/chain_unary_n32_k1_definable_fixed_i15.model,1.499,DEFINABLE
merge,/home/pventura/src/OpenDefAlgSplitting/benches/scale/corpus/full/chain_unary_n32_k1_definable_fixed_i16.model,1.168,DEFINABLE
merge,/home/pventura/src/OpenDefAlgSplitting/benches/scale/corpus/full/chain_unary_n32_k1_definable_fixed_i17.model,1.159,DEFINABLE
merge,/home/pventura/src/OpenDefAlgSplitting/benches/scale/corpus/full/chain_unary_n32_k1_definable_fixed_i18.model,1.167,DEFINABLE
merge,/home/pventura/src/OpenDefAlgSplitting/benches/scale/corpus/full/chain_unary_n32_k1_definable_fixed_i19.model,1.157,DEFINABLE
merge,/home/pventura/src/OpenDefAlgSplitting/benches/scale/corpus/full/chain_unary_n32_k1_definable_fixed_i2.model,1.143,DEFINABLE
merge,/home/pventura/src/OpenDefAlgSplitting/benches/scale/corpus/full/chain_unary_n32_k1_definable_fixed_i20.model,1.164,DEFINABLE
merge,/home/pventura/src/OpenDefAlgSplitting/benches/scale/corpus/full/chain_unary_n32_k1_definable_fixed_i21.model,1.140,DEFINABLE
merge,/home/pventura/src/OpenDefAlgSplitting/benches/scale/corpus/full/chain_unary_n32_k1_definable_fixed_i22.model,1.452,DEFINABLE
merge,/home/pventura/src/OpenDefAlgSplitting/benches/scale/corpus/full/chain_unary_n32_k1_definable_fixed_i23.model,1.470,DEFINABLE
merge,/home/pventura/src/OpenDefAlgSplitting/benches/scale/corpus/full/chain_unary_n32_k1_definable_fixed_i24.model,1.324,DEFINABLE
merge,/home/pventura/src/OpenDefAlgSplitting/benches/scale/corpus/full/chain_unary_n32_k1_definable_fixed_i25.model,1.440,DEFINABLE
merge,/home/pventura/src/OpenDefAlgSplitting/benches/scale/corpus/full/chain_unary_n32_k1_definable_fixed_i26.model,1.529,DEFINABLE
merge,/home/pventura/src/OpenDefAlgSplitting/benches/scale/corpus/full/chain_unary_n32_k1_definable_fixed_i27.model,1.152,DEFINABLE
merge,/home/pventura/src/OpenDefAlgSplitting/benches/scale/corpus/full/chain_unary_n32_k1_definable_fixed_i28.model,1.145,DEFINABLE
merge,/home/pventura/src/OpenDefAlgSplitting/benches/scale/corpus/full/chain_unary_n32_k1_definable_fixed_i29.model,1.141,DEFINABLE
merge,/home/pventura/src/OpenDefAlgSplitting/benches/scale/corpus/full/chain_unary_n32_k1_definable_fixed_i3.model,1.159,DEFINABLE
merge,/home/pventura/src/OpenDefAlgSplitting/benches/scale/corpus/full/chain_unary_n32_k1_definable_fixed_i4.model,1.322,DEFINABLE
merge,/home/pventura/src/OpenDefAlgSplitting/benches/scale/corpus/full/chain_unary_n32_k1_definable_fixed_i5.model,1.151,DEFINABLE
merge,/home/pventura/src/OpenDefAlgSplitting/benches/scale/corpus/full/chain_unary_n32_k1_definable_fixed_i6.model,1.170,DEFINABLE
merge,/home/pventura/src/OpenDefAlgSplitting/benches/scale/corpus/full/chain_unary_n32_k1_definable_fixed_i7.model,1.189,DEFINABLE
merge,/home/pventura/src/OpenDefAlgSplitting/benches/scale/corpus/full/chain_unary_n32_k1_definable_fixed_i8.model,1.519,DEFINABLE
merge,/home/pventura/src/OpenDefAlgSplitting/benches/scale/corpus/full/chain_unary_n32_k1_definable_fixed_i9.model,1.466,DEFINABLE
merge,/home/pventura/src/OpenDefAlgSplitting/benches/scale/corpus/full/chain_unary_n32_k1_nondef_mix_i0.model,1.418,DEFINABLE
merge,/home/pventura/src/OpenDefAlgSplitting/benches/scale/corpus/full/chain_unary_n32_k1_nondef_mix_i1.model,1.135,DEFINABLE
merge,/home/pventura/src/OpenDefAlgSplitting/benches/scale/corpus/full/chain_unary_n32_k1_nondef_mix_i10.model,1.130,DEFINABLE
merge,/home/pventura/src/OpenDefAlgSplitting/benches/scale/corpus/full/chain_unary_n32_k1_nondef_mix_i11.model,1.345,DEFINABLE
merge,/home/pventura/src/OpenDefAlgSplitting/benches/scale/corpus/full/chain_unary_n32_k1_nondef_mix_i12.model,1.768,DEFINABLE
merge,/home/pventura/src/OpenDefAlgSplitting/benches/scale/corpus/full/chain_unary_n32_k1_nondef_mix_i13.model,1.391,DEFINABLE
merge,/home/pventura/src/OpenDefAlgSplitting/benches/scale/corpus/full/chain_unary_n32_k1_nondef_mix_i14.model,1.632,DEFINABLE
merge,/home/pventura/src/OpenDefAlgSplitting/benches/scale/corpus/full/chain_unary_n32_k1_nondef_mix_i15.model,1.418,DEFINABLE
merge,/home/pventura/src/OpenDefAlgSplitting/benches/scale/corpus/full/chain_unary_n32_k1_nondef_mix_i16.model,1.433,DEFINABLE
merge,/home/pventura/src/OpenDefAlgSplitting/benches/scale/corpus/full/chain_unary_n32_k1_nondef_mix_i17.model,1.135,DEFINABLE
merge,/home/pventura/src/OpenDefAlgSplitting/benches/scale/corpus/full/chain_unary_n32_k1_nondef_mix_i18.model,1.143,DEFINABLE
merge,/home/pventura/src/OpenDefAlgSplitting/benches/scale/corpus/full/chain_unary_n32_k1_nondef_mix_i19.model,1.590,DEFINABLE
merge,/home/pventura/src/OpenDefAlgSplitting/benches/scale/corpus/full/chain_unary_n32_k1_nondef_mix_i2.model,1.172,DEFINABLE
merge,/home/pventura/src/OpenDefAlgSplitting/benches/scale/corpus/full/chain_unary_n32_k1_nondef_mix_i20.model,1.580,DEFINABLE
merge,/home/pventura/src/OpenDefAlgSplitting/benches/scale/corpus/full/chain_unary_n32_k1_nondef_mix_i21.model,1.141,DEFINABLE
merge,/home/pventura/src/OpenDefAlgSplitting/benches/scale/corpus/full/chain_unary_n32_k1_nondef_mix_i22.model,1.595,DEFINABLE
merge,/home/pventura/src/OpenDefAlgSplitting/benches/scale/corpus/full/chain_unary_n32_k1_nondef_mix_i23.model,1.336,DEFINABLE
merge,/home/pventura/src/OpenDefAlgSplitting/benches/scale/corpus/full/chain_unary_n32_k1_nondef_mix_i24.model,1.287,DEFINABLE
merge,/home/pventura/src/OpenDefAlgSplitting/benches/scale/corpus/full/chain_unary_n32_k1_nondef_mix_i25.model,1.434,DEFINABLE
merge,/home/pventura/src/OpenDefAlgSplitting/benches/scale/corpus/full/chain_unary_n32_k1_nondef_mix_i26.model,1.368,DEFINABLE
merge,/home/pventura/src/OpenDefAlgSplitting/benches/scale/corpus/full/chain_unary_n32_k1_nondef_mix_i27.model,1.684,DEFINABLE
merge,/home/pventura/src/OpenDefAlgSplitting/benches/scale/corpus/full/chain_unary_n32_k1_nondef_mix_i28.model,1.545,DEFINABLE
merge,/home/pventura/src/OpenDefAlgSplitting/benches/scale/corpus/full/chain_unary_n32_k1_nondef_mix_i29.model,1.557,DEFINABLE
merge,/home/pventura/src/OpenDefAlgSplitting/benches/scale/corpus/full/chain_unary_n32_k1_nondef_mix_i3.model,1.683,DEFINABLE
merge,/home/pventura/src/OpenDefAlgSplitting/benches/scale/corpus/full/chain_unary_n32_k1_nondef_mix_i4.model,1.351,DEFINABLE
merge,/home/pventura/src/OpenDefAlgSplitting/benches/scale/corpus/full/chain_unary_n32_k1_nondef_mix_i5.model,1.126,DEFINABLE
merge,/home/pventura/src/OpenDefAlgSplitting/benches/scale/corpus/full/chain_unary_n32_k1_nondef_mix_i6.model,1.140,DEFINABLE
merge,/home/pventura/src/OpenDefAlgSplitting/benches/scale/corpus/full/chain_unary_n32_k1_nondef_mix_i7.model,1.328,DEFINABLE
merge,/home/pventura/src/OpenDefAlgSplitting/benches/scale/corpus/full/chain_unary_n32_k1_nondef_mix_i8.model,1.610,DEFINABLE
merge,/home/pventura/src/OpenDefAlgSplitting/benches/scale/corpus/full/chain_unary_n32_k1_nondef_mix_i9.model,1.186,DEFINABLE
merge,/home/pventura/src/OpenDefAlgSplitting/benches/scale/corpus/full/chain_unary_n4_k1_definable_fixed_i0.model,0.090,DEFINABLE
merge,/home/pventura/src/OpenDefAlgSplitting/benches/scale/corpus/full/chain_unary_n4_k1_definable_fixed_i1.model,0.116,DEFINABLE
merge,/home/pventura/src/OpenDefAlgSplitting/benches/scale/corpus/full/chain_unary_n4_k1_definable_fixed_i10.model,0.080,DEFINABLE
merge,/home/pventura/src/OpenDefAlgSplitting/benches/scale/corpus/full/chain_unary_n4_k1_definable_fixed_i11.model,0.075,DEFINABLE
merge,/home/pventura/src/OpenDefAlgSplitting/benches/scale/corpus/full/chain_unary_n4_k1_definable_fixed_i12.model,0.060,DEFINABLE
merge,/home/pventura/src/OpenDefAlgSplitting/benches/scale/corpus/full/chain_unary_n4_k1_definable_fixed_i13.model,0.076,DEFINABLE
merge,/home/pventura/src/OpenDefAlgSplitting/benches/scale/corpus/full/chain_unary_n4_k1_definable_fixed_i14.model,0.086,DEFINABLE
merge,/home/pventura/src/OpenDefAlgSplitting/benches/scale/corpus/full/chain_unary_n4_k1_definable_fixed_i15.model,0.083,DEFINABLE
merge,/home/pventura/src/OpenDefAlgSplitting/benches/scale/corpus/full/chain_unary_n4_k1_definable_fixed_i16.model,0.116,DEFINABLE
merge,/home/pventura/src/OpenDefAlgSplitting/benches/scale/corpus/full/chain_unary_n4_k1_definable_fixed_i17.model,0.070,DEFINABLE
merge,/home/pventura/src/OpenDefAlgSplitting/benches/scale/corpus/full/chain_unary_n4_k1_definable_fixed_i18.model,0.071,DEFINABLE
merge,/home/pventura/src/OpenDefAlgSplitting/benches/scale/corpus/full/chain_unary_n4_k1_definable_fixed_i19.model,0.071,DEFINABLE
merge,/home/pventura/src/OpenDefAlgSplitting/benches/scale/corpus/full/chain_unary_n4_k1_definable_fixed_i2.model,0.058,DEFINABLE
merge,/home/pventura/src/OpenDefAlgSplitting/benches/scale/corpus/full/chain_unary_n4_k1_definable_fixed_i20.model,0.094,DEFINABLE
merge,/home/pventura/src/OpenDefAlgSplitting/benches/scale/corpus/full/chain_unary_n4_k1_definable_fixed_i21.model,0.083,DEFINABLE
merge,/home/pventura/src/OpenDefAlgSplitting/benches/scale/corpus/full/chain_unary_n4_k1_definable_fixed_i22.model,0.077,DEFINABLE
merge,/home/pventura/src/OpenDefAlgSplitting/benches/scale/corpus/full/chain_unary_n4_k1_definable_fixed_i23.model,0.059,DEFINABLE
merge,/home/pventura/src/OpenDefAlgSplitting/benches/scale/corpus/full/chain_unary_n4_k1_definable_fixed_i24.model,0.057,DEFINABLE
merge,/home/pventura/src/OpenDefAlgSplitting/benches/scale/corpus/full/chain_unary_n4_k1_definable_fixed_i25.model,0.083,DEFINABLE
merge,/home/pventura/src/OpenDefAlgSplitting/benches/scale/corpus/full/chain_unary_n4_k1_definable_fixed_i26.model,0.095,DEFINABLE
merge,/home/pventura/src/OpenDefAlgSplitting/benches/scale/corpus/full/chain_unary_n4_k1_definable_fixed_i27.model,0.072,DEFINABLE
merge,/home/pventura/src/OpenDefAlgSplitting/benches/scale/corpus/full/chain_unary_n4_k1_definable_fixed_i28.model,0.087,DEFINABLE
merge,/home/pventura/src/OpenDefAlgSplitting/benches/scale/corpus/full/chain_unary_n4_k1_definable_fixed_i29.model,0.094,DEFINABLE
merge,/home/pventura/src/OpenDefAlgSplitting/benches/scale/corpus/full/chain_unary_n4_k1_definable_fixed_i3.model,0.058,DEFINABLE
merge,/home/pventura/src/OpenDefAlgSplitting/benches/scale/corpus/full/chain_unary_n4_k1_definable_fixed_i4.model,0.072,DEFINABLE
merge,/home/pventura/src/OpenDefAlgSplitting/benches/scale/corpus/full/chain_unary_n4_k1_definable_fixed_i5.model,0.077,DEFINABLE
merge,/home/pventura/src/OpenDefAlgSplitting/benches/scale/corpus/full/chain_unary_n4_k1_definable_fixed_i6.model,0.071,DEFINABLE
merge,/home/pventura/src/OpenDefAlgSplitting/benches/scale/corpus/full/chain_unary_n4_k1_definable_fixed_i7.model,0.061,DEFINABLE
merge,/home/pventura/src/OpenDefAlgSplitting/benches/scale/corpus/full/chain_unary_n4_k1_definable_fixed_i8.model,0.087,DEFINABLE
merge,/home/pventura/src/OpenDefAlgSplitting/benches/scale/corpus/full/chain_unary_n4_k1_definable_fixed_i9.model,0.083,DEFINABLE
merge,/home/pventura/src/OpenDefAlgSplitting/benches/scale/corpus/full/chain_unary_n4_k1_nondef_mix_i0.model,0.065,DEFINABLE
merge,/home/pventura/src/OpenDefAlgSplitting/benches/scale/corpus/full/chain_unary_n4_k1_nondef_mix_i1.model,0.073,DEFINABLE
merge,/home/pventura/src/OpenDefAlgSplitting/benches/scale/corpus/full/chain_unary_n4_k1_nondef_mix_i10.model,0.085,DEFINABLE
merge,/home/pventura/src/OpenDefAlgSplitting/benches/scale/corpus/full/chain_unary_n4_k1_nondef_mix_i11.model,0.061,DEFINABLE
merge,/home/pventura/src/OpenDefAlgSplitting/benches/scale/corpus/full/chain_unary_n4_k1_nondef_mix_i12.model,0.074,DEFINABLE
merge,/home/pventura/src/OpenDefAlgSplitting/benches/scale/corpus/full/chain_unary_n4_k1_nondef_mix_i13.model,0.059,DEFINABLE
merge,/home/pventura/src/OpenDefAlgSplitting/benches/scale/corpus/full/chain_unary_n4_k1_nondef_mix_i14.model,0.085,DEFINABLE
merge,/home/pventura/src/OpenDefAlgSplitting/benches/scale/corpus/full/chain_unary_n4_k1_nondef_mix_i15.model,0.059,DEFINABLE
merge,/home/pventura/src/OpenDefAlgSplitting/benches/scale/corpus/full/chain_unary_n4_k1_nondef_mix_i16.model,0.058,DEFINABLE
merge,/home/pventura/src/OpenDefAlgSplitting/benches/scale/corpus/full/chain_unary_n4_k1_nondef_mix_i17.model,0.055,DEFINABLE
merge,/home/pventura/src/OpenDefAlgSplitting/benches/scale/corpus/full/chain_unary_n4_k1_nondef_mix_i18.model,0.086,DEFINABLE
merge,/home/pventura/src/OpenDefAlgSplitting/benches/scale/corpus/full/chain_unary_n4_k1_nondef_mix_i19.model,0.082,DEFINABLE
merge,/home/pventura/src/OpenDefAlgSplitting/benches/scale/corpus/full/chain_unary_n4_k1_nondef_mix_i2.model,0.072,DEFINABLE
merge,/home/pventura/src/OpenDefAlgSplitting/benches/scale/corpus/full/chain_unary_n4_k1_nondef_mix_i20.model,0.052,DEFINABLE
merge,/home/pventura/src/OpenDefAlgSplitting/benches/scale/corpus/full/chain_unary_n4_k1_nondef_mix_i21.model,0.054,DEFINABLE
merge,/home/pventura/src/OpenDefAlgSplitting/benches/scale/corpus/full/chain_unary_n4_k1_nondef_mix_i22.model,0.093,DEFINABLE
merge,/home/pventura/src/OpenDefAlgSplitting/benches/scale/corpus/full/chain_unary_n4_k1_nondef_mix_i23.model,0.056,DEFINABLE
merge,/home/pventura/src/OpenDefAlgSplitting/benches/scale/corpus/full/chain_unary_n4_k1_nondef_mix_i24.model,0.056,DEFINABLE
merge,/home/pventura/src/OpenDefAlgSplitting/benches/scale/corpus/full/chain_unary_n4_k1_nondef_mix_i25.model,0.056,DEFINABLE
merge,/home/pventura/src/OpenDefAlgSplitting/benches/scale/corpus/full/chain_unary_n4_k1_nondef_mix_i26.model,0.073,DEFINABLE
merge,/home/pventura/src/OpenDefAlgSplitting/benches/scale/corpus/full/chain_unary_n4_k1_nondef_mix_i27.model,0.083,DEFINABLE
merge,/home/pventura/src/OpenDefAlgSplitting/benches/scale/corpus/full/chain_unary_n4_k1_nondef_mix_i28.model,0.066,DEFINABLE
merge,/home/pventura/src/OpenDefAlgSplitting/benches/scale/corpus/full/chain_unary_n4_k1_nondef_mix_i29.model,0.071,DEFINABLE
merge,/home/pventura/src/OpenDefAlgSplitting/benches/scale/corpus/full/chain_unary_n4_k1_nondef_mix_i3.model,0.054,DEFINABLE
merge,/home/pventura/src/OpenDefAlgSplitting/benches/scale/corpus/full/chain_unary_n4_k1_nondef_mix_i4.model,0.082,DEFINABLE
merge,/home/pventura/src/OpenDefAlgSplitting/benches/scale/corpus/full/chain_unary_n4_k1_nondef_mix_i5.model,0.056,DEFINABLE
merge,/home/pventura/src/OpenDefAlgSplitting/benches/scale/corpus/full/chain_unary_n4_k1_nondef_mix_i6.model,0.059,DEFINABLE
merge,/home/pventura/src/OpenDefAlgSplitting/benches/scale/corpus/full/chain_unary_n4_k1_nondef_mix_i7.model,0.055,DEFINABLE
merge,/home/pventura/src/OpenDefAlgSplitting/benches/scale/corpus/full/chain_unary_n4_k1_nondef_mix_i8.model,0.053,DEFINABLE
merge,/home/pventura/src/OpenDefAlgSplitting/benches/scale/corpus/full/chain_unary_n4_k1_nondef_mix_i9.model,0.057,DEFINABLE
merge,/home/pventura/src/OpenDefAlgSplitting/benches/scale/corpus/full/chain_unary_n64_k1_definable_fixed_i0.model,6.056,DEFINABLE
merge,/home/pventura/src/OpenDefAlgSplitting/benches/scale/corpus/full/chain_unary_n64_k1_definable_fixed_i1.model,5.591,DEFINABLE
merge,/home/pventura/src/OpenDefAlgSplitting/benches/scale/corpus/full/chain_unary_n64_k1_definable_fixed_i10.model,5.674,DEFINABLE
merge,/home/pventura/src/OpenDefAlgSplitting/benches/scale/corpus/full/chain_unary_n64_k1_definable_fixed_i11.model,5.620,DEFINABLE
merge,/home/pventura/src/OpenDefAlgSplitting/benches/scale/corpus/full/chain_unary_n64_k1_definable_fixed_i12.model,5.589,DEFINABLE
merge,/home/pventura/src/OpenDefAlgSplitting/benches/scale/corpus/full/chain_unary_n64_k1_definable_fixed_i13.model,5.656,DEFINABLE
merge,/home/pventura/src/OpenDefAlgSplitting/benches/scale/corpus/full/chain_unary_n64_k1_definable_fixed_i14.model,6.044,DEFINABLE
merge,/home/pventura/src/OpenDefAlgSplitting/benches/scale/corpus/full/chain_unary_n64_k1_definable_fixed_i15.model,5.641,DEFINABLE
merge,/home/pventura/src/OpenDefAlgSplitting/benches/scale/corpus/full/chain_unary_n64_k1_definable_fixed_i16.model,5.901,DEFINABLE
merge,/home/pventura/src/OpenDefAlgSplitting/benches/scale/corpus/full/chain_unary_n64_k1_definable_fixed_i17.model,5.780,DEFINABLE
merge,/home/pventura/src/OpenDefAlgSplitting/benches/scale/corpus/full/chain_unary_n64_k1_definable_fixed_i18.model,5.764,DEFINABLE
merge,/home/pventura/src/OpenDefAlgSplitting/benches/scale/corpus/full/chain_unary_n64_k1_definable_fixed_i19.model,5.633,DEFINABLE
merge,/home/pventura/src/OpenDefAlgSplitting/benches/scale/corpus/full/chain_unary_n64_k1_definable_fixed_i2.model,5.649,DEFINABLE
merge,/home/pventura/src/OpenDefAlgSplitting/benches/scale/corpus/full/chain_unary_n64_k1_definable_fixed_i20.model,5.677,DEFINABLE
merge,/home/pventura/src/OpenDefAlgSplitting/benches/scale/corpus/full/chain_unary_n64_k1_definable_fixed_i21.model,5.960,DEFINABLE
merge,/home/pventura/src/OpenDefAlgSplitting/benches/scale/corpus/full/chain_unary_n64_k1_definable_fixed_i22.model,5.587,DEFINABLE
merge,/home/pventura/src/OpenDefAlgSplitting/benches/scale/corpus/full/chain_unary_n64_k1_definable_fixed_i23.model,5.649,DEFINABLE
merge,/home/pventura/src/OpenDefAlgSplitting/benches/scale/corpus/full/chain_unary_n64_k1_definable_fixed_i24.model,5.753,DEFINABLE
merge,/home/pventura/src/OpenDefAlgSplitting/benches/scale/corpus/full/chain_unary_n64_k1_definable_fixed_i25.model,5.623,DEFINABLE
merge,/home/pventura/src/OpenDefAlgSplitting/benches/scale/corpus/full/chain_unary_n64_k1_definable_fixed_i26.model,5.646,DEFINABLE
merge,/home/pventura/src/OpenDefAlgSplitting/benches/scale/corpus/full/chain_unary_n64_k1_definable_fixed_i27.model,5.606,DEFINABLE
merge,/home/pventura/src/OpenDefAlgSplitting/benches/scale/corpus/full/chain_unary_n64_k1_definable_fixed_i28.model,5.636,DEFINABLE
merge,/home/pventura/src/OpenDefAlgSplitting/benches/scale/corpus/full/chain_unary_n64_k1_definable_fixed_i29.model,5.796,DEFINABLE
merge,/home/pventura/src/OpenDefAlgSplitting/benches/scale/corpus/full/chain_unary_n64_k1_definable_fixed_i3.model,5.636,DEFINABLE
merge,/home/pventura/src/OpenDefAlgSplitting/benches/scale/corpus/full/chain_unary_n64_k1_definable_fixed_i4.model,5.808,DEFINABLE
merge,/home/pventura/src/OpenDefAlgSplitting/benches/scale/corpus/full/chain_unary_n64_k1_definable_fixed_i5.model,5.601,DEFINABLE
merge,/home/pventura/src/OpenDefAlgSplitting/benches/scale/corpus/full/chain_unary_n64_k1_definable_fixed_i6.model,5.622,DEFINABLE
merge,/home/pventura/src/OpenDefAlgSplitting/benches/scale/corpus/full/chain_unary_n64_k1_definable_fixed_i7.model,5.884,DEFINABLE
merge,/home/pventura/src/OpenDefAlgSplitting/benches/scale/corpus/full/chain_unary_n64_k1_definable_fixed_i8.model,6.149,DEFINABLE
merge,/home/pventura/src/OpenDefAlgSplitting/benches/scale/corpus/full/chain_unary_n64_k1_definable_fixed_i9.model,5.823,DEFINABLE
merge,/home/pventura/src/OpenDefAlgSplitting/benches/scale/corpus/full/chain_unary_n64_k1_nondef_mix_i0.model,5.585,DEFINABLE
merge,/home/pventura/src/OpenDefAlgSplitting/benches/scale/corpus/full/chain_unary_n64_k1_nondef_mix_i1.model,5.644,DEFINABLE
merge,/home/pventura/src/OpenDefAlgSplitting/benches/scale/corpus/full/chain_unary_n64_k1_nondef_mix_i10.model,5.616,DEFINABLE
merge,/home/pventura/src/OpenDefAlgSplitting/benches/scale/corpus/full/chain_unary_n64_k1_nondef_mix_i11.model,5.676,DEFINABLE
merge,/home/pventura/src/OpenDefAlgSplitting/benches/scale/corpus/full/chain_unary_n64_k1_nondef_mix_i12.model,6.330,DEFINABLE
merge,/home/pventura/src/OpenDefAlgSplitting/benches/scale/corpus/full/chain_unary_n64_k1_nondef_mix_i13.model,5.618,DEFINABLE
merge,/home/pventura/src/OpenDefAlgSplitting/benches/scale/corpus/full/chain_unary_n64_k1_nondef_mix_i14.model,5.872,DEFINABLE
merge,/home/pventura/src/OpenDefAlgSplitting/benches/scale/corpus/full/chain_unary_n64_k1_nondef_mix_i15.model,5.712,DEFINABLE
merge,/home/pventura/src/OpenDefAlgSplitting/benches/scale/corpus/full/chain_unary_n64_k1_nondef_mix_i16.model,5.928,DEFINABLE
merge,/home/pventura/src/OpenDefAlgSplitting/benches/scale/corpus/full/chain_unary_n64_k1_nondef_mix_i17.model,5.664,DEFINABLE
merge,/home/pventura/src/OpenDefAlgSplitting/benches/scale/corpus/full/chain_unary_n64_k1_nondef_mix_i18.model,5.639,DEFINABLE
merge,/home/pventura/src/OpenDefAlgSplitting/benches/scale/corpus/full/chain_unary_n64_k1_nondef_mix_i19.model,5.880,DEFINABLE
merge,/home/pventura/src/OpenDefAlgSplitting/benches/scale/corpus/full/chain_unary_n64_k1_nondef_mix_i2.model,5.676,DEFINABLE
merge,/home/pventura/src/OpenDefAlgSplitting/benches/scale/corpus/full/chain_unary_n64_k1_nondef_mix_i20.model,6.333,DEFINABLE
merge,/home/pventura/src/OpenDefAlgSplitting/benches/scale/corpus/full/chain_unary_n64_k1_nondef_mix_i21.model,5.836,DEFINABLE
merge,/home/pventura/src/OpenDefAlgSplitting/benches/scale/corpus/full/chain_unary_n64_k1_nondef_mix_i22.model,6.051,DEFINABLE
merge,/home/pventura/src/OpenDefAlgSplitting/benches/scale/corpus/full/chain_unary_n64_k1_nondef_mix_i23.model,6.160,DEFINABLE
merge,/home/pventura/src/OpenDefAlgSplitting/benches/scale/corpus/full/chain_unary_n64_k1_nondef_mix_i24.model,5.922,DEFINABLE
merge,/home/pventura/src/OpenDefAlgSplitting/benches/scale/corpus/full/chain_unary_n64_k1_nondef_mix_i25.model,5.704,DEFINABLE
merge,/home/pventura/src/OpenDefAlgSplitting/benches/scale/corpus/full/chain_unary_n64_k1_nondef_mix_i26.model,6.042,DEFINABLE
merge,/home/pventura/src/OpenDefAlgSplitting/benches/scale/corpus/full/chain_unary_n64_k1_nondef_mix_i27.model,5.711,DEFINABLE
merge,/home/pventura/src/OpenDefAlgSplitting/benches/scale/corpus/full/chain_unary_n64_k1_nondef_mix_i28.model,5.698,DEFINABLE
merge,/home/pventura/src/OpenDefAlgSplitting/benches/scale/corpus/full/chain_unary_n64_k1_nondef_mix_i29.model,5.642,DEFINABLE
merge,/home/pventura/src/OpenDefAlgSplitting/benches/scale/corpus/full/chain_unary_n64_k1_nondef_mix_i3.model,5.663,DEFINABLE
merge,/home/pventura/src/OpenDefAlgSplitting/benches/scale/corpus/full/chain_unary_n64_k1_nondef_mix_i4.model,5.644,DEFINABLE
merge,/home/pventura/src/OpenDefAlgSplitting/benches/scale/corpus/full/chain_unary_n64_k1_nondef_mix_i5.model,5.683,DEFINABLE
merge,/home/pventura/src/OpenDefAlgSplitting/benches/scale/corpus/full/chain_unary_n64_k1_nondef_mix_i6.model,5.617,DEFINABLE
merge,/home/pventura/src/OpenDefAlgSplitting/benches/scale/corpus/full/chain_unary_n64_k1_nondef_mix_i7.model,5.632,DEFINABLE
merge,/home/pventura/src/OpenDefAlgSplitting/benches/scale/corpus/full/chain_unary_n64_k1_nondef_mix_i8.model,5.677,DEFINABLE
merge,/home/pventura/src/OpenDefAlgSplitting/benches/scale/corpus/full/chain_unary_n64_k1_nondef_mix_i9.model,5.651,DEFINABLE
merge,/home/pventura/src/OpenDefAlgSplitting/benches/scale/corpus/full/chain_unary_n8_k1_definable_fixed_i0.model,0.108,DEFINABLE
merge,/home/pventura/src/OpenDefAlgSplitting/benches/scale/corpus/full/chain_unary_n8_k1_definable_fixed_i1.model,0.136,DEFINABLE
merge,/home/pventura/src/OpenDefAlgSplitting/benches/scale/corpus/full/chain_unary_n8_k1_definable_fixed_i10.model,0.101,DEFINABLE
merge,/home/pventura/src/OpenDefAlgSplitting/benches/scale/corpus/full/chain_unary_n8_k1_definable_fixed_i11.model,0.124,DEFINABLE
merge,/home/pventura/src/OpenDefAlgSplitting/benches/scale/corpus/full/chain_unary_n8_k1_definable_fixed_i12.model,0.122,DEFINABLE
merge,/home/pventura/src/OpenDefAlgSplitting/benches/scale/corpus/full/chain_unary_n8_k1_definable_fixed_i13.model,0.104,DEFINABLE
merge,/home/pventura/src/OpenDefAlgSplitting/benches/scale/corpus/full/chain_unary_n8_k1_definable_fixed_i14.model,0.127,DEFINABLE
merge,/home/pventura/src/OpenDefAlgSplitting/benches/scale/corpus/full/chain_unary_n8_k1_definable_fixed_i15.model,0.109,DEFINABLE
merge,/home/pventura/src/OpenDefAlgSplitting/benches/scale/corpus/full/chain_unary_n8_k1_definable_fixed_i16.model,0.098,DEFINABLE
merge,/home/pventura/src/OpenDefAlgSplitting/benches/scale/corpus/full/chain_unary_n8_k1_definable_fixed_i17.model,0.103,DEFINABLE
merge,/home/pventura/src/OpenDefAlgSplitting/benches/scale/corpus/full/chain_unary_n8_k1_definable_fixed_i18.model,0.101,DEFINABLE
merge,/home/pventura/src/OpenDefAlgSplitting/benches/scale/corpus/full/chain_unary_n8_k1_definable_fixed_i19.model,0.157,DEFINABLE
merge,/home/pventura/src/OpenDefAlgSplitting/benches/scale/corpus/full/chain_unary_n8_k1_definable_fixed_i2.model,0.134,DEFINABLE
merge,/home/pventura/src/OpenDefAlgSplitting/benches/scale/corpus/full/chain_unary_n8_k1_definable_fixed_i20.model,0.122,DEFINABLE
merge,/home/pventura/src/OpenDefAlgSplitting/benches/scale/corpus/full/chain_unary_n8_k1_definable_fixed_i21.model,0.112,DEFINABLE
merge,/home/pventura/src/OpenDefAlgSplitting/benches/scale/corpus/full/chain_unary_n8_k1_definable_fixed_i22.model,0.103,DEFINABLE
merge,/home/pventura/src/OpenDefAlgSplitting/benches/scale/corpus/full/chain_unary_n8_k1_definable_fixed_i23.model,0.112,DEFINABLE
merge,/home/pventura/src/OpenDefAlgSplitting/benches/scale/corpus/full/chain_unary_n8_k1_definable_fixed_i24.model,0.111,DEFINABLE
merge,/home/pventura/src/OpenDefAlgSplitting/benches/scale/corpus/full/chain_unary_n8_k1_definable_fixed_i25.model,0.126,DEFINABLE
merge,/home/pventura/src/OpenDefAlgSplitting/benches/scale/corpus/full/chain_unary_n8_k1_definable_fixed_i26.model,0.117,DEFINABLE
merge,/home/pventura/src/OpenDefAlgSplitting/benches/scale/corpus/full/chain_unary_n8_k1_definable_fixed_i27.model,0.098,DEFINABLE
merge,/home/pventura/src/OpenDefAlgSplitting/benches/scale/corpus/full/chain_unary_n8_k1_definable_fixed_i28.model,0.102,DEFINABLE
merge,/home/pventura/src/OpenDefAlgSplitting/benches/scale/corpus/full/chain_unary_n8_k1_definable_fixed_i29.model,0.098,DEFINABLE
merge,/home/pventura/src/OpenDefAlgSplitting/benches/scale/corpus/full/chain_unary_n8_k1_definable_fixed_i3.model,0.155,DEFINABLE
merge,/home/pventura/src/OpenDefAlgSplitting/benches/scale/corpus/full/chain_unary_n8_k1_definable_fixed_i4.model,0.097,DEFINABLE
merge,/home/pventura/src/OpenDefAlgSplitting/benches/scale/corpus/full/chain_unary_n8_k1_definable_fixed_i5.model,0.103,DEFINABLE
merge,/home/pventura/src/OpenDefAlgSplitting/benches/scale/corpus/full/chain_unary_n8_k1_definable_fixed_i6.model,0.107,DEFINABLE
merge,/home/pventura/src/OpenDefAlgSplitting/benches/scale/corpus/full/chain_unary_n8_k1_definable_fixed_i7.model,0.125,DEFINABLE
merge,/home/pventura/src/OpenDefAlgSplitting/benches/scale/corpus/full/chain_unary_n8_k1_definable_fixed_i8.model,0.124,DEFINABLE
merge,/home/pventura/src/OpenDefAlgSplitting/benches/scale/corpus/full/chain_unary_n8_k1_definable_fixed_i9.model,0.096,DEFINABLE
merge,/home/pventura/src/OpenDefAlgSplitting/benches/scale/corpus/full/chain_unary_n8_k1_nondef_mix_i0.model,0.113,DEFINABLE
merge,/home/pventura/src/OpenDefAlgSplitting/benches/scale/corpus/full/chain_unary_n8_k1_nondef_mix_i1.model,0.099,DEFINABLE
merge,/home/pventura/src/OpenDefAlgSplitting/benches/scale/corpus/full/chain_unary_n8_k1_nondef_mix_i10.model,0.100,DEFINABLE
merge,/home/pventura/src/OpenDefAlgSplitting/benches/scale/corpus/full/chain_unary_n8_k1_nondef_mix_i11.model,0.102,DEFINABLE
merge,/home/pventura/src/OpenDefAlgSplitting/benches/scale/corpus/full/chain_unary_n8_k1_nondef_mix_i12.model,0.098,DEFINABLE
merge,/home/pventura/src/OpenDefAlgSplitting/benches/scale/corpus/full/chain_unary_n8_k1_nondef_mix_i13.model,0.102,DEFINABLE
merge,/home/pventura/src/OpenDefAlgSplitting/benches/scale/corpus/full/chain_unary_n8_k1_nondef_mix_i14.model,0.105,DEFINABLE
merge,/home/pventura/src/OpenDefAlgSplitting/benches/scale/corpus/full/chain_unary_n8_k1_nondef_mix_i15.model,0.107,DEFINABLE
merge,/home/pventura/src/OpenDefAlgSplitting/benches/scale/corpus/full/chain_unary_n8_k1_nondef_mix_i16.model,0.106,DEFINABLE
merge,/home/pventura/src/OpenDefAlgSplitting/benches/scale/corpus/full/chain_unary_n8_k1_nondef_mix_i17.model,0.122,DEFINABLE
merge,/home/pventura/src/OpenDefAlgSplitting/benches/scale/corpus/full/chain_unary_n8_k1_nondef_mix_i18.model,0.112,DEFINABLE
merge,/home/pventura/src/OpenDefAlgSplitting/benches/scale/corpus/full/chain_unary_n8_k1_nondef_mix_i19.model,0.128,DEFINABLE
merge,/home/pventura/src/OpenDefAlgSplitting/benches/scale/corpus/full/chain_unary_n8_k1_nondef_mix_i2.model,0.112,DEFINABLE
merge,/home/pventura/src/OpenDefAlgSplitting/benches/scale/corpus/full/chain_unary_n8_k1_nondef_mix_i20.model,0.100,DEFINABLE
merge,/home/pventura/src/OpenDefAlgSplitting/benches/scale/corpus/full/chain_unary_n8_k1_nondef_mix_i21.model,0.101,DEFINABLE
merge,/home/pventura/src/OpenDefAlgSplitting/benches/scale/corpus/full/chain_unary_n8_k1_nondef_mix_i22.model,0.120,DEFINABLE
merge,/home/pventura/src/OpenDefAlgSplitting/benches/scale/corpus/full/chain_unary_n8_k1_nondef_mix_i23.model,0.101,DEFINABLE
merge,/home/pventura/src/OpenDefAlgSplitting/benches/scale/corpus/full/chain_unary_n8_k1_nondef_mix_i24.model,0.126,DEFINABLE
merge,/home/pventura/src/OpenDefAlgSplitting/benches/scale/corpus/full/chain_unary_n8_k1_nondef_mix_i25.model,0.136,DEFINABLE
merge,/home/pventura/src/OpenDefAlgSplitting/benches/scale/corpus/full/chain_unary_n8_k1_nondef_mix_i26.model,0.104,DEFINABLE
merge,/home/pventura/src/OpenDefAlgSplitting/benches/scale/corpus/full/chain_unary_n8_k1_nondef_mix_i27.model,0.111,DEFINABLE
merge,/home/pventura/src/OpenDefAlgSplitting/benches/scale/corpus/full/chain_unary_n8_k1_nondef_mix_i28.model,0.100,DEFINABLE
merge,/home/pventura/src/OpenDefAlgSplitting/benches/scale/corpus/full/chain_unary_n8_k1_nondef_mix_i29.model,0.120,DEFINABLE
merge,/home/pventura/src/OpenDefAlgSplitting/benches/scale/corpus/full/chain_unary_n8_k1_nondef_mix_i3.model,0.100,DEFINABLE
merge,/home/pventura/src/OpenDefAlgSplitting/benches/scale/corpus/full/chain_unary_n8_k1_nondef_mix_i4.model,0.105,DEFINABLE
merge,/home/pventura/src/OpenDefAlgSplitting/benches/scale/corpus/full/chain_unary_n8_k1_nondef_mix_i5.model,0.107,DEFINABLE
merge,/home/pventura/src/OpenDefAlgSplitting/benches/scale/corpus/full/chain_unary_n8_k1_nondef_mix_i6.model,0.131,DEFINABLE
merge,/home/pventura/src/OpenDefAlgSplitting/benches/scale/corpus/full/chain_unary_n8_k1_nondef_mix_i7.model,0.101,DEFINABLE
merge,/home/pventura/src/OpenDefAlgSplitting/benches/scale/corpus/full/chain_unary_n8_k1_nondef_mix_i8.model,0.108,DEFINABLE
merge,/home/pventura/src/OpenDefAlgSplitting/benches/scale/corpus/full/chain_unary_n8_k1_nondef_mix_i9.model,0.110,DEFINABLE
merge,/home/pventura/src/OpenDefAlgSplitting/benches/scale/corpus/full/cyclic_group_n16_k1_definable_eq_i0.model,0.370,DEFINABLE
merge,/home/pventura/src/OpenDefAlgSplitting/benches/scale/corpus/full/cyclic_group_n16_k1_definable_eq_i1.model,0.363,DEFINABLE
merge,/home/pventura/src/OpenDefAlgSplitting/benches/scale/corpus/full/cyclic_group_n16_k1_definable_eq_i10.model,0.356,DEFINABLE
merge,/home/pventura/src/OpenDefAlgSplitting/benches/scale/corpus/full/cyclic_group_n16_k1_definable_eq_i11.model,0.388,DEFINABLE
merge,/home/pventura/src/OpenDefAlgSplitting/benches/scale/corpus/full/cyclic_group_n16_k1_definable_eq_i12.model,0.361,DEFINABLE
merge,/home/pventura/src/OpenDefAlgSplitting/benches/scale/corpus/full/cyclic_group_n16_k1_definable_eq_i13.model,0.355,DEFINABLE
merge,/home/pventura/src/OpenDefAlgSplitting/benches/scale/corpus/full/cyclic_group_n16_k1_definable_eq_i14.model,0.365,DEFINABLE
merge,/home/pventura/src/OpenDefAlgSplitting/benches/scale/corpus/full/cyclic_group_n16_k1_definable_eq_i15.model,0.389,DEFINABLE
merge,/home/pventura/src/OpenDefAlgSplitting/benches/scale/corpus/full/cyclic_group_n16_k1_definable_eq_i16.model,0.363,DEFINABLE
merge,/home/pventura/src/OpenDefAlgSplitting/benches/scale/corpus/full/cyclic_group_n16_k1_definable_eq_i17.model,0.351,DEFINABLE
merge,/home/pventura/src/OpenDefAlgSplitting/benches/scale/corpus/full/cyclic_group_n16_k1_definable_eq_i18.model,0.359,DEFINABLE
merge,/home/pventura/src/OpenDefAlgSplitting/benches/scale/corpus/full/cyclic_group_n16_k1_definable_eq_i19.model,0.373,DEFINABLE
merge,/home/pventura/src/OpenDefAlgSplitting/benches/scale/corpus/full/cyclic_group_n16_k1_definable_eq_i2.model,0.383,DEFINABLE
merge,/home/pventura/src/OpenDefAlgSplitting/benches/scale/corpus/full/cyclic_group_n16_k1_definable_eq_i20.model,0.372,DEFINABLE
merge,/home/pventura/src/OpenDefAlgSplitting/benches/scale/corpus/full/cyclic_group_n16_k1_definable_eq_i21.model,0.361,DEFINABLE
merge,/home/pventura/src/OpenDefAlgSplitting/benches/scale/corpus/full/cyclic_group_n16_k1_definable_eq_i22.model,0.360,DEFINABLE
merge,/home/pventura/src/OpenDefAlgSplitting/benches/scale/corpus/full/cyclic_group_n16_k1_definable_eq_i23.model,0.357,DEFINABLE
merge,/home/pventura/src/OpenDefAlgSplitting/benches/scale/corpus/full/cyclic_group_n16_k1_definable_eq_i24.model,0.356,DEFINABLE
merge,/home/pventura/src/OpenDefAlgSplitting/benches/scale/corpus/full/cyclic_group_n16_k1_definable_eq_i25.model,0.360,DEFINABLE
merge,/home/pventura/src/OpenDefAlgSplitting/benches/scale/corpus/full/cyclic_group_n16_k1_definable_eq_i26.model,0.379,DEFINABLE
merge,/home/pventura/src/OpenDefAlgSplitting/benches/scale/corpus/full/cyclic_group_n16_k1_definable_eq_i27.model,0.357,DEFINABLE
merge,/home/pventura/src/OpenDefAlgSplitting/benches/scale/corpus/full/cyclic_group_n16_k1_definable_eq_i28.model,0.357,DEFINABLE
merge,/home/pventura/src/OpenDefAlgSplitting/benches/scale/corpus/full/cyclic_group_n16_k1_definable_eq_i29.model,0.369,DEFINABLE
merge,/home/pventura/src/OpenDefAlgSplitting/benches/scale/corpus/full/cyclic_group_n16_k1_definable_eq_i3.model,0.354,DEFINABLE
merge,/home/pventura/src/OpenDefAlgSplitting/benches/scale/corpus/full/cyclic_group_n16_k1_definable_eq_i4.model,0.368,DEFINABLE
merge,/home/pventura/src/OpenDefAlgSplitting/benches/scale/corpus/full/cyclic_group_n16_k1_definable_eq_i5.model,0.357,DEFINABLE
merge,/home/pventura/src/OpenDefAlgSplitting/benches/scale/corpus/full/cyclic_group_n16_k1_definable_eq_i6.model,0.365,DEFINABLE
merge,/home/pventura/src/OpenDefAlgSplitting/benches/scale/corpus/full/cyclic_group_n16_k1_definable_eq_i7.model,0.356,DEFINABLE
merge,/home/pventura/src/OpenDefAlgSplitting/benches/scale/corpus/full/cyclic_group_n16_k1_definable_eq_i8.model,0.371,DEFINABLE
merge,/home/pventura/src/OpenDefAlgSplitting/benches/scale/corpus/full/cyclic_group_n16_k1_definable_eq_i9.model,0.370,DEFINABLE
merge,/home/pventura/src/OpenDefAlgSplitting/benches/scale/corpus/full/cyclic_group_n16_k1_nondef_mix_i0.model,0.424,DEFINABLE
merge,/home/pventura/src/OpenDefAlgSplitting/benches/scale/corpus/full/cyclic_group_n16_k1_nondef_mix_i1.model,0.374,DEFINABLE
merge,/home/pventura/src/OpenDefAlgSplitting/benches/scale/corpus/full/cyclic_group_n16_k1_nondef_mix_i10.model,0.363,DEFINABLE
merge,/home/pventura/src/OpenDefAlgSplitting/benches/scale/corpus/full/cyclic_group_n16_k1_nondef_mix_i11.model,0.390,DEFINABLE
merge,/home/pventura/src/OpenDefAlgSplitting/benches/scale/corpus/full/cyclic_group_n16_k1_nondef_mix_i12.model,0.395,DEFINABLE
merge,/home/pventura/src/OpenDefAlgSplitting/benches/scale/corpus/full/cyclic_group_n16_k1_nondef_mix_i13.model,0.508,DEFINABLE
merge,/home/pventura/src/OpenDefAlgSplitting/benches/scale/corpus/full/cyclic_group_n16_k1_nondef_mix_i14.model,0.366,DEFINABLE
merge,/home/pventura/src/OpenDefAlgSplitting/benches/scale/corpus/full/cyclic_group_n16_k1_nondef_mix_i15.model,0.390,DEFINABLE
merge,/home/pventura/src/OpenDefAlgSplitting/benches/scale/corpus/full/cyclic_group_n16_k1_nondef_mix_i16.model,0.351,DEFINABLE
merge,/home/pventura/src/OpenDefAlgSplitting/benches/scale/corpus/full/cyclic_group_n16_k1_nondef_mix_i17.model,0.365,DEFINABLE
merge,/home/pventura/src/OpenDefAlgSplitting/benches/scale/corpus/full/cyclic_group_n16_k1_nondef_mix_i18.model,0.382,DEFINABLE
merge,/home/pventura/src/OpenDefAlgSplitting/benches/scale/corpus/full/cyclic_group_n16_k1_nondef_mix_i19.model,0.376,DEFINABLE
merge,/home/pventura/src/OpenDefAlgSplitting/benches/scale/corpus/full/cyclic_group_n16_k1_nondef_mix_i2.model,0.395,DEFINABLE
merge,/home/pventura/src/OpenDefAlgSplitting/benches/scale/corpus/full/cyclic_group_n16_k1_nondef_mix_i20.model,0.384,DEFINABLE
merge,/home/pventura/src/OpenDefAlgSplitting/benches/scale/corpus/full/cyclic_group_n16_k1_nondef_mix_i21.model,0.390,DEFINABLE
merge,/home/pventura/src/OpenDefAlgSplitting/benches/scale/corpus/full/cyclic_group_n16_k1_nondef_mix_i22.model,0.375,DEFINABLE
merge,/home/pventura/src/OpenDefAlgSplitting/benches/scale/corpus/full/cyclic_group_n16_k1_nondef_mix_i23.model,0.369,DEFINABLE
merge,/home/pventura/src/OpenDefAlgSplitting/benches/scale/corpus/full/cyclic_group_n16_k1_nondef_mix_i24.model,0.475,DEFINABLE
merge,/home/pventura/src/OpenDefAlgSplitting/benches/scale/corpus/full/cyclic_group_n16_k1_nondef_mix_i25.model,0.383,DEFINABLE
merge,/home/pventura/src/OpenDefAlgSplitting/benches/scale/corpus/full/cyclic_group_n16_k1_nondef_mix_i26.model,0.384,DEFINABLE
merge,/home/pventura/src/OpenDefAlgSplitting/benches/scale/corpus/full/cyclic_group_n16_k1_nondef_mix_i27.model,0.363,DEFINABLE
merge,/home/pventura/src/OpenDefAlgSplitting/benches/scale/corpus/full/cyclic_group_n16_k1_nondef_mix_i28.model,0.367,DEFINABLE
merge,/home/pventura/src/OpenDefAlgSplitting/benches/scale/corpus/full/cyclic_group_n16_k1_nondef_mix_i29.model,0.380,DEFINABLE
merge,/home/pventura/src/OpenDefAlgSplitting/benches/scale/corpus/full/cyclic_group_n16_k1_nondef_mix_i3.model,0.361,DEFINABLE
merge,/home/pventura/src/OpenDefAlgSplitting/benches/scale/corpus/full/cyclic_group_n16_k1_nondef_mix_i4.model,0.372,DEFINABLE
merge,/home/pventura/src/OpenDefAlgSplitting/benches/scale/corpus/full/cyclic_group_n16_k1_nondef_mix_i5.model,0.375,DEFINABLE
merge,/home/pventura/src/OpenDefAlgSplitting/benches/scale/corpus/full/cyclic_group_n16_k1_nondef_mix_i6.model,0.385,DEFINABLE
merge,/home/pventura/src/OpenDefAlgSplitting/benches/scale/corpus/full/cyclic_group_n16_k1_nondef_mix_i7.model,0.525,DEFINABLE
merge,/home/pventura/src/OpenDefAlgSplitting/benches/scale/corpus/full/cyclic_group_n16_k1_nondef_mix_i8.model,0.468,DEFINABLE
merge,/home/pventura/src/OpenDefAlgSplitting/benches/scale/corpus/full/cyclic_group_n16_k1_nondef_mix_i9.model,0.489,DEFINABLE
merge,/home/pventura/src/OpenDefAlgSplitting/benches/scale/corpus/full/cyclic_group_n16_k2_definable_eq_i0.model,0.367,DEFINABLE
merge,/home/pventura/src/OpenDefAlgSplitting/benches/scale/corpus/full/cyclic_group_n16_k2_definable_eq_i1.model,0.369,DEFINABLE
merge,/home/pventura/src/OpenDefAlgSplitting/benches/scale/corpus/full/cyclic_group_n16_k2_definable_eq_i10.model,0.377,DEFINABLE
merge,/home/pventura/src/OpenDefAlgSplitting/benches/scale/corpus/full/cyclic_group_n16_k2_definable_eq_i11.model,0.517,DEFINABLE
merge,/home/pventura/src/OpenDefAlgSplitting/benches/scale/corpus/full/cyclic_group_n16_k2_definable_eq_i12.model,0.396,DEFINABLE
merge,/home/pventura/src/OpenDefAlgSplitting/benches/scale/corpus/full/cyclic_group_n16_k2_definable_eq_i13.model,0.368,DEFINABLE
merge,/home/pventura/src/OpenDefAlgSplitting/benches/scale/corpus/full/cyclic_group_n16_k2_definable_eq_i14.model,0.389,DEFINABLE
merge,/home/pventura/src/OpenDefAlgSplitting/benches/scale/corpus/full/cyclic_group_n16_k2_definable_eq_i15.model,0.388,DEFINABLE
merge,/home/pventura/src/OpenDefAlgSplitting/benches/scale/corpus/full/cyclic_group_n16_k2_definable_eq_i16.model,0.378,DEFINABLE
merge,/home/pventura/src/OpenDefAlgSplitting/benches/scale/corpus/full/cyclic_group_n16_k2_definable_eq_i17.model,0.456,DEFINABLE
merge,/home/pventura/src/OpenDefAlgSplitting/benches/scale/corpus/full/cyclic_group_n16_k2_definable_eq_i18.model,0.366,DEFINABLE
merge,/home/pventura/src/OpenDefAlgSplitting/benches/scale/corpus/full/cyclic_group_n16_k2_definable_eq_i19.model,0.605,DEFINABLE
merge,/home/pventura/src/OpenDefAlgSplitting/benches/scale/corpus/full/cyclic_group_n16_k2_definable_eq_i2.model,0.372,DEFINABLE
merge,/home/pventura/src/OpenDefAlgSplitting/benches/scale/corpus/full/cyclic_group_n16_k2_definable_eq_i20.model,0.472,DEFINABLE
merge,/home/pventura/src/OpenDefAlgSplitting/benches/scale/corpus/full/cyclic_group_n16_k2_definable_eq_i21.model,0.377,DEFINABLE
merge,/home/pventura/src/OpenDefAlgSplitting/benches/scale/corpus/full/cyclic_group_n16_k2_definable_eq_i22.model,0.395,DEFINABLE
merge,/home/pventura/src/OpenDefAlgSplitting/benches/scale/corpus/full/cyclic_group_n16_k2_definable_eq_i23.model,0.371,DEFINABLE
merge,/home/pventura/src/OpenDefAlgSplitting/benches/scale/corpus/full/cyclic_group_n16_k2_definable_eq_i24.model,0.395,DEFINABLE
merge,/home/pventura/src/OpenDefAlgSplitting/benches/scale/corpus/full/cyclic_group_n16_k2_definable_eq_i25.model,0.395,DEFINABLE
merge,/home/pventura/src/OpenDefAlgSplitting/benches/scale/corpus/full/cyclic_group_n16_k2_definable_eq_i26.model,0.392,DEFINABLE
merge,/home/pventura/src/OpenDefAlgSplitting/benches/scale/corpus/full/cyclic_group_n16_k2_definable_eq_i27.model,0.367,DEFINABLE
merge,/home/pventura/src/OpenDefAlgSplitting/benches/scale/corpus/full/cyclic_group_n16_k2_definable_eq_i28.model,0.466,DEFINABLE
merge,/home/pventura/src/OpenDefAlgSplitting/benches/scale/corpus/full/cyclic_group_n16_k2_definable_eq_i29.model,0.390,DEFINABLE
merge,/home/pventura/src/OpenDefAlgSplitting/benches/scale/corpus/full/cyclic_group_n16_k2_definable_eq_i3.model,0.393,DEFINABLE
merge,/home/pventura/src/OpenDefAlgSplitting/benches/scale/corpus/full/cyclic_group_n16_k2_definable_eq_i4.model,0.394,DEFINABLE
merge,/home/pventura/src/OpenDefAlgSplitting/benches/scale/corpus/full/cyclic_group_n16_k2_definable_eq_i5.model,0.369,DEFINABLE
merge,/home/pventura/src/OpenDefAlgSplitting/benches/scale/corpus/full/cyclic_group_n16_k2_definable_eq_i6.model,0.382,DEFINABLE
merge,/home/pventura/src/OpenDefAlgSplitting/benches/scale/corpus/full/cyclic_group_n16_k2_definable_eq_i7.model,0.381,DEFINABLE
merge,/home/pventura/src/OpenDefAlgSplitting/benches/scale/corpus/full/cyclic_group_n16_k2_definable_eq_i8.model,0.379,DEFINABLE
merge,/home/pventura/src/OpenDefAlgSplitting/benches/scale/corpus/full/cyclic_group_n16_k2_definable_eq_i9.model,0.434,DEFINABLE
merge,/home/pventura/src/OpenDefAlgSplitting/benches/scale/corpus/full/cyclic_group_n16_k2_nondef_mix_i0.model,4.518,DEFINABLE
merge,/home/pventura/src/OpenDefAlgSplitting/benches/scale/corpus/full/cyclic_group_n16_k2_nondef_mix_i1.model,4.470,DEFINABLE
merge,/home/pventura/src/OpenDefAlgSplitting/benches/scale/corpus/full/cyclic_group_n16_k2_nondef_mix_i10.model,4.624,DEFINABLE
merge,/home/pventura/src/OpenDefAlgSplitting/benches/scale/corpus/full/cyclic_group_n16_k2_nondef_mix_i11.model,4.631,DEFINABLE
merge,/home/pventura/src/OpenDefAlgSplitting/benches/scale/corpus/full/cyclic_group_n16_k2_nondef_mix_i12.model,4.508,DEFINABLE
merge,/home/pventura/src/OpenDefAlgSplitting/benches/scale/corpus/full/cyclic_group_n16_k2_nondef_mix_i13.model,4.758,DEFINABLE
merge,/home/pventura/src/OpenDefAlgSplitting/benches/scale/corpus/full/cyclic_group_n16_k2_nondef_mix_i14.model,4.483,DEFINABLE
merge,/home/pventura/src/OpenDefAlgSplitting/benches/scale/corpus/full/cyclic_group_n16_k2_nondef_mix_i15.model,4.652,DEFINABLE
merge,/home/pventura/src/OpenDefAlgSplitting/benches/scale/corpus/full/cyclic_group_n16_k2_nondef_mix_i16.model,4.498,DEFINABLE
merge,/home/pventura/src/OpenDefAlgSplitting/benches/scale/corpus/full/cyclic_group_n16_k2_nondef_mix_i17.model,4.595,DEFINABLE
merge,/home/pventura/src/OpenDefAlgSplitting/benches/scale/corpus/full/cyclic_group_n16_k2_nondef_mix_i18.model,4.574,DEFINABLE
merge,/home/pventura/src/OpenDefAlgSplitting/benches/scale/corpus/full/cyclic_group_n16_k2_nondef_mix_i19.model,4.607,DEFINABLE
merge,/home/pventura/src/OpenDefAlgSplitting/benches/scale/corpus/full/cyclic_group_n16_k2_nondef_mix_i2.model,4.490,DEFINABLE
merge,/home/pventura/src/OpenDefAlgSplitting/benches/scale/corpus/full/cyclic_group_n16_k2_nondef_mix_i20.model,4.555,DEFINABLE
merge,/home/pventura/src/OpenDefAlgSplitting/benches/scale/corpus/full/cyclic_group_n16_k2_nondef_mix_i21.model,4.468,DEFINABLE
merge,/home/pventura/src/OpenDefAlgSplitting/benches/scale/corpus/full/cyclic_group_n16_k2_nondef_mix_i22.model,4.568,DEFINABLE
merge,/home/pventura/src/OpenDefAlgSplitting/benches/scale/corpus/full/cyclic_group_n16_k2_nondef_mix_i23.model,4.481,DEFINABLE
merge,/home/pventura/src/OpenDefAlgSplitting/benches/scale/corpus/full/cyclic_group_n16_k2_nondef_mix_i24.model,4.514,DEFINABLE
merge,/home/pventura/src/OpenDefAlgSplitting/benches/scale/corpus/full/cyclic_group_n16_k2_nondef_mix_i25.model,4.502,DEFINABLE
merge,/home/pventura/src/OpenDefAlgSplitting/benches/scale/corpus/full/cyclic_group_n16_k2_nondef_mix_i26.model,4.557,DEFINABLE
merge,/home/pventura/src/OpenDefAlgSplitting/benches/scale/corpus/full/cyclic_group_n16_k2_nondef_mix_i27.model,4.501,DEFINABLE
merge,/home/pventura/src/OpenDefAlgSplitting/benches/scale/corpus/full/cyclic_group_n16_k2_nondef_mix_i28.model,4.439,DEFINABLE
merge,/home/pventura/src/OpenDefAlgSplitting/benches/scale/corpus/full/cyclic_group_n16_k2_nondef_mix_i29.model,4.469,DEFINABLE
merge,/home/pventura/src/OpenDefAlgSplitting/benches/scale/corpus/full/cyclic_group_n16_k2_nondef_mix_i3.model,5.242,DEFINABLE
merge,/home/pventura/src/OpenDefAlgSplitting/benches/scale/corpus/full/cyclic_group_n16_k2_nondef_mix_i4.model,4.938,DEFINABLE
merge,/home/pventura/src/OpenDefAlgSplitting/benches/scale/corpus/full/cyclic_group_n16_k2_nondef_mix_i5.model,4.537,DEFINABLE
merge,/home/pventura/src/OpenDefAlgSplitting/benches/scale/corpus/full/cyclic_group_n16_k2_nondef_mix_i6.model,4.503,DEFINABLE
merge,/home/pventura/src/OpenDefAlgSplitting/benches/scale/corpus/full/cyclic_group_n16_k2_nondef_mix_i7.model,4.522,DEFINABLE
merge,/home/pventura/src/OpenDefAlgSplitting/benches/scale/corpus/full/cyclic_group_n16_k2_nondef_mix_i8.model,4.529,DEFINABLE
merge,/home/pventura/src/OpenDefAlgSplitting/benches/scale/corpus/full/cyclic_group_n16_k2_nondef_mix_i9.model,4.501,DEFINABLE
merge,/home/pventura/src/OpenDefAlgSplitting/benches/scale/corpus/full/cyclic_group_n32_k1_definable_eq_i0.model,1.272,DEFINABLE
merge,/home/pventura/src/OpenDefAlgSplitting/benches/scale/corpus/full/cyclic_group_n32_k1_definable_eq_i1.model,1.264,DEFINABLE
merge,/home/pventura/src/OpenDefAlgSplitting/benches/scale/corpus/full/cyclic_group_n32_k1_definable_eq_i10.model,1.449,DEFINABLE
merge,/home/pventura/src/OpenDefAlgSplitting/benches/scale/corpus/full/cyclic_group_n32_k1_definable_eq_i11.model,1.256,DEFINABLE
merge,/home/pventura/src/OpenDefAlgSplitting/benches/scale/corpus/full/cyclic_group_n32_k1_definable_eq_i12.model,1.251,DEFINABLE
merge,/home/pventura/src/OpenDefAlgSplitting/benches/scale/corpus/full/cyclic_group_n32_k1_definable_eq_i13.model,1.375,DEFINABLE
merge,/home/pventura/src/OpenDefAlgSplitting/benches/scale/corpus/full/cyclic_group_n32_k1_definable_eq_i14.model,1.259,DEFINABLE
merge,/home/pventura/src/OpenDefAlgSplitting/benches/scale/corpus/full/cyclic_group_n32_k1_definable_eq_i15.model,1.292,DEFINABLE
merge,/home/pventura/src/OpenDefAlgSplitting/benches/scale/corpus/full/cyclic_group_n32_k1_definable_eq_i16.model,1.351,DEFINABLE
merge,/home/pventura/src/OpenDefAlgSplitting/benches/scale/corpus/full/cyclic_group_n32_k1_definable_eq_i17.model,1.454,DEFINABLE
merge,/home/pventura/src/OpenDefAlgSplitting/benches/scale/corpus/full/cyclic_group_n32_k1_definable_eq_i18.model,1.441,DEFINABLE
merge,/home/pventura/src/OpenDefAlgSplitting/benches/scale/corpus/full/cyclic_group_n32_k1_definable_eq_i19.model,1.451,DEFINABLE
merge,/home/pventura/src/OpenDefAlgSplitting/benches/scale/corpus/full/cyclic_group_n32_k1_definable_eq_i2.model,1.252,DEFINABLE
merge,/home/pventura/src/OpenDefAlgSplitting/benches/scale/corpus/full/cyclic_group_n32_k1_definable_eq_i20.model,1.448,DEFINABLE
merge,/home/pventura/src/OpenDefAlgSplitting/benches/scale/corpus/full/cyclic_group_n32_k1_definable_eq_i21.model,1.405,DEFINABLE
merge,/home/pventura/src/OpenDefAlgSplitting/benches/scale/corpus/full/cyclic_group_n32_k1_definable_eq_i22.model,1.435,DEFINABLE
merge,/home/pventura/src/OpenDefAlgSplitting/benches/scale/corpus/full/cyclic_group_n32_k1_definable_eq_i23.model,1.237,DEFINABLE
merge,/home/pventura/src/OpenDefAlgSplitting/benches/scale/corpus/full/cyclic_group_n32_k1_definable_eq_i24.model,1.425,DEFINABLE
merge,/home/pventura/src/OpenDefAlgSplitting/benches/scale/corpus/full/cyclic_group_n32_k1_definable_eq_i25.model,1.245,DEFINABLE
merge,/home/pventura/src/OpenDefAlgSplitting/benches/scale/corpus/full/cyclic_group_n32_k1_definable_eq_i26.model,1.266,DEFINABLE
merge,/home/pventura/src/OpenDefAlgSplitting/benches/scale/corpus/full/cyclic_group_n32_k1_definable_eq_i27.model,1.255,DEFINABLE
merge,/home/pventura/src/OpenDefAlgSplitting/benches/scale/corpus/full/cyclic_group_n32_k1_definable_eq_i28.model,1.306,DEFINABLE
merge,/home/pventura/src/OpenDefAlgSplitting/benches/scale/corpus/full/cyclic_group_n32_k1_definable_eq_i29.model,1.437,DEFINABLE
merge,/home/pventura/src/OpenDefAlgSplitting/benches/scale/corpus/full/cyclic_group_n32_k1_definable_eq_i3.model,1.418,DEFINABLE
merge,/home/pventura/src/OpenDefAlgSplitting/benches/scale/corpus/full/cyclic_group_n32_k1_definable_eq_i4.model,1.280,DEFINABLE
merge,/home/pventura/src/OpenDefAlgSplitting/benches/scale/corpus/full/cyclic_group_n32_k1_definable_eq_i5.model,1.237,DEFINABLE
merge,/home/pventura/src/OpenDefAlgSplitting/benches/scale/corpus/full/cyclic_group_n32_k1_definable_eq_i6.model,1.270,DEFINABLE
merge,/home/pventura/src/OpenDefAlgSplitting/benches/scale/corpus/full/cyclic_group_n32_k1_definable_eq_i7.model,1.253,DEFINABLE
merge,/home/pventura/src/OpenDefAlgSplitting/benches/scale/corpus/full/cyclic_group_n32_k1_definable_eq_i8.model,1.257,DEFINABLE
merge,/home/pventura/src/OpenDefAlgSplitting/benches/scale/corpus/full/cyclic_group_n32_k1_definable_eq_i9.model,1.233,DEFINABLE
merge,/home/pventura/src/OpenDefAlgSplitting/benches/scale/corpus/full/cyclic_group_n32_k1_nondef_mix_i0.model,1.277,DEFINABLE
merge,/home/pventura/src/OpenDefAlgSplitting/benches/scale/corpus/full/cyclic_group_n32_k1_nondef_mix_i1.model,1.281,DEFINABLE
merge,/home/pventura/src/OpenDefAlgSplitting/benches/scale/corpus/full/cyclic_group_n32_k1_nondef_mix_i10.model,1.237,DEFINABLE
merge,/home/pventura/src/OpenDefAlgSplitting/benches/scale/corpus/full/cyclic_group_n32_k1_nondef_mix_i11.model,1.266,DEFINABLE
merge,/home/pventura/src/OpenDefAlgSplitting/benches/scale/corpus/full/cyclic_group_n32_k1_nondef_mix_i12.model,1.265,DEFINABLE
merge,/home/pventura/src/OpenDefAlgSplitting/benches/scale/corpus/full/cyclic_group_n32_k1_nondef_mix_i13.model,1.256,DEFINABLE
merge,/home/pventura/src/OpenDefAlgSplitting/benches/scale/corpus/full/cyclic_group_n32_k1_nondef_mix_i14.model,1.317,DEFINABLE
merge,/home/pventura/src/OpenDefAlgSplitting/benches/scale/corpus/full/cyclic_group_n32_k1_nondef_mix_i15.model,1.273,DEFINABLE
merge,/home/pventura/src/OpenDefAlgSplitting/benches/scale/corpus/full/cyclic_group_n32_k1_nondef_mix_i16.model,1.282,DEFINABLE
merge,/home/pventura/src/OpenDefAlgSplitting/benches/scale/corpus/full/cyclic_group_n32_k1_nondef_mix_i17.model,1.285,DEFINABLE
merge,/home/pventura/src/OpenDefAlgSplitting/benches/scale/corpus/full/cyclic_group_n32_k1_nondef_mix_i18.model,1.268,DEFINABLE
merge,/home/pventura/src/OpenDefAlgSplitting/benches/scale/corpus/full/cyclic_group_n32_k1_nondef_mix_i19.model,1.247,DEFINABLE
merge,/home/pventura/src/OpenDefAlgSplitting/benches/scale/corpus/full/cyclic_group_n32_k1_nondef_mix_i2.model,1.261,DEFINABLE
merge,/home/pventura/src/OpenDefAlgSplitting/benches/scale/corpus/full/cyclic_group_n32_k1_nondef_mix_i20.model,1.276,DEFINABLE
merge,/home/pventura/src/OpenDefAlgSplitting/benches/scale/corpus/full/cyclic_group_n32_k1_nondef_mix_i21.model,1.474,DEFINABLE
merge,/home/pventura/src/OpenDefAlgSplitting/benches/scale/corpus/full/cyclic_group_n32_k1_nondef_mix_i22.model,1.280,DEFINABLE
merge,/home/pventura/src/OpenDefAlgSplitting/benches/scale/corpus/full/cyclic_group_n32_k1_nondef_mix_i23.model,1.248,DEFINABLE
merge,/home/pventura/src/OpenDefAlgSplitting/benches/scale/corpus/full/cyclic_group_n32_k1_nondef_mix_i24.model,1.344,DEFINABLE
merge,/home/pventura/src/OpenDefAlgSplitting/benches/scale/corpus/full/cyclic_group_n32_k1_nondef_mix_i25.model,1.764,DEFINABLE
merge,/home/pventura/src/OpenDefAlgSplitting/benches/scale/corpus/full/cyclic_group_n32_k1_nondef_mix_i26.model,1.310,DEFINABLE
merge,/home/pventura/src/OpenDefAlgSplitting/benches/scale/corpus/full/cyclic_group_n32_k1_nondef_mix_i27.model,1.313,DEFINABLE
merge,/home/pventura/src/OpenDefAlgSplitting/benches/scale/corpus/full/cyclic_group_n32_k1_nondef_mix_i28.model,1.472,DEFINABLE
merge,/home/pventura/src/OpenDefAlgSplitting/benches/scale/corpus/full/cyclic_group_n32_k1_nondef_mix_i29.model,1.408,DEFINABLE
merge,/home/pventura/src/OpenDefAlgSplitting/benches/scale/corpus/full/cyclic_group_n32_k1_nondef_mix_i3.model,1.422,DEFINABLE
merge,/home/pventura/src/OpenDefAlgSplitting/benches/scale/corpus/full/cyclic_group_n32_k1_nondef_mix_i4.model,1.598,DEFINABLE
merge,/home/pventura/src/OpenDefAlgSplitting/benches/scale/corpus/full/cyclic_group_n32_k1_nondef_mix_i5.model,1.531,DEFINABLE
merge,/home/pventura/src/OpenDefAlgSplitting/benches/scale/corpus/full/cyclic_group_n32_k1_nondef_mix_i6.model,1.400,DEFINABLE
merge,/home/pventura/src/OpenDefAlgSplitting/benches/scale/corpus/full/cyclic_group_n32_k1_nondef_mix_i7.model,1.278,DEFINABLE
merge,/home/pventura/src/OpenDefAlgSplitting/benches/scale/corpus/full/cyclic_group_n32_k1_nondef_mix_i8.model,1.511,DEFINABLE
merge,/home/pventura/src/OpenDefAlgSplitting/benches/scale/corpus/full/cyclic_group_n32_k1_nondef_mix_i9.model,1.256,DEFINABLE
merge,/home/pventura/src/OpenDefAlgSplitting/benches/scale/corpus/full/cyclic_group_n32_k2_definable_eq_i0.model,1.276,DEFINABLE
merge,/home/pventura/src/OpenDefAlgSplitting/benches/scale/corpus/full/cyclic_group_n32_k2_definable_eq_i1.model,1.658,DEFINABLE
merge,/home/pventura/src/OpenDefAlgSplitting/benches/scale/corpus/full/cyclic_group_n32_k2_definable_eq_i10.model,1.392,DEFINABLE
merge,/home/pventura/src/OpenDefAlgSplitting/benches/scale/corpus/full/cyclic_group_n32_k2_definable_eq_i11.model,1.546,DEFINABLE
merge,/home/pventura/src/OpenDefAlgSplitting/benches/scale/corpus/full/cyclic_group_n32_k2_definable_eq_i12.model,1.264,DEFINABLE
merge,/home/pventura/src/OpenDefAlgSplitting/benches/scale/corpus/full/cyclic_group_n32_k2_definable_eq_i13.model,1.273,DEFINABLE
merge,/home/pventura/src/OpenDefAlgSplitting/benches/scale/corpus/full/cyclic_group_n32_k2_definable_eq_i14.model,1.290,DEFINABLE
merge,/home/pventura/src/OpenDefAlgSplitting/benches/scale/corpus/full/cyclic_group_n32_k2_definable_eq_i15.model,1.456,DEFINABLE
merge,/home/pventura/src/OpenDefAlgSplitting/benches/scale/corpus/full/cyclic_group_n32_k2_definable_eq_i16.model,1.279,DEFINABLE
merge,/home/pventura/src/OpenDefAlgSplitting/benches/scale/corpus/full/cyclic_group_n32_k2_definable_eq_i17.model,1.358,DEFINABLE
merge,/home/pventura/src/OpenDefAlgSplitting/benches/scale/corpus/full/cyclic_group_n32_k2_definable_eq_i18.model,1.267,DEFINABLE
merge,/home/pventura/src/OpenDefAlgSplitting/benches/scale/corpus/full/cyclic_group_n32_k2_definable_eq_i19.model,1.271,DEFINABLE
merge,/home/pventura/src/OpenDefAlgSplitting/benches/scale/corpus/full/cyclic_group_n32_k2_definable_eq_i2.model,1.256,DEFINABLE
merge,/home/pventura/src/OpenDefAlgSplitting/benches/scale/corpus/full/cyclic_group_n32_k2_definable_eq_i20.model,1.285,DEFINABLE
merge,/home/pventura/src/OpenDefAlgSplitting/benches/scale/corpus/full/cyclic_group_n32_k2_definable_eq_i21.model,1.283,DEFINABLE
merge,/home/pventura/src/OpenDefAlgSplitting/benches/scale/corpus/full/cyclic_group_n32_k2_definable_eq_i22.model,1.269,DEFINABLE
merge,/home/pventura/src/OpenDefAlgSplitting/benches/scale/corpus/full/cyclic_group_n32_k2_definable_eq_i23.model,1.262,DEFINABLE
merge,/home/pventura/src/OpenDefAlgSplitting/benches/scale/corpus/full/cyclic_group_n32_k2_definable_eq_i24.model,1.280,DEFINABLE
merge,/home/pventura/src/OpenDefAlgSplitting/benches/scale/corpus/full/cyclic_group_n32_k2_definable_eq_i25.model,1.259,DEFINABLE
merge,/home/pventura/src/OpenDefAlgSplitting/benches/scale/corpus/full/cyclic_group_n32_k2_definable_eq_i26.model,1.267,DEFINABLE
merge,/home/pventura/src/OpenDefAlgSplitting/benches/scale/corpus/full/cyclic_group_n32_k2_definable_eq_i27.model,1.281,DEFINABLE
merge,/home/pventura/src/OpenDefAlgSplitting/benches/scale/corpus/full/cyclic_group_n32_k2_definable_eq_i28.model,1.274,DEFINABLE
merge,/home/pventura/src/OpenDefAlgSplitting/benches/scale/corpus/full/cyclic_group_n32_k2_definable_eq_i29.model,1.283,DEFINABLE
merge,/home/pventura/src/OpenDefAlgSplitting/benches/scale/corpus/full/cyclic_group_n32_k2_definable_eq_i3.model,1.265,DEFINABLE
merge,/home/pventura/src/OpenDefAlgSplitting/benches/scale/corpus/full/cyclic_group_n32_k2_definable_eq_i4.model,1.274,DEFINABLE
merge,/home/pventura/src/OpenDefAlgSplitting/benches/scale/corpus/full/cyclic_group_n32_k2_definable_eq_i5.model,1.273,DEFINABLE
merge,/home/pventura/src/OpenDefAlgSplitting/benches/scale/corpus/full/cyclic_group_n32_k2_definable_eq_i6.model,1.276,DEFINABLE
merge,/home/pventura/src/OpenDefAlgSplitting/benches/scale/corpus/full/cyclic_group_n32_k2_definable_eq_i7.model,1.261,DEFINABLE
merge,/home/pventura/src/OpenDefAlgSplitting/benches/scale/corpus/full/cyclic_group_n32_k2_definable_eq_i8.model,1.266,DEFINABLE
merge,/home/pventura/src/OpenDefAlgSplitting/benches/scale/corpus/full/cyclic_group_n32_k2_definable_eq_i9.model,1.263,DEFINABLE
merge,/home/pventura/src/OpenDefAlgSplitting/benches/scale/corpus/full/cyclic_group_n32_k2_nondef_mix_i0.model,51.426,DEFINABLE
merge,/home/pventura/src/OpenDefAlgSplitting/benches/scale/corpus/full/cyclic_group_n32_k2_nondef_mix_i1.model,52.560,DEFINABLE
merge,/home/pventura/src/OpenDefAlgSplitting/benches/scale/corpus/full/cyclic_group_n32_k2_nondef_mix_i10.model,51.154,DEFINABLE
merge,/home/pventura/src/OpenDefAlgSplitting/benches/scale/corpus/full/cyclic_group_n32_k2_nondef_mix_i11.model,53.185,DEFINABLE
merge,/home/pventura/src/OpenDefAlgSplitting/benches/scale/corpus/full/cyclic_group_n32_k2_nondef_mix_i12.model,52.977,DEFINABLE
merge,/home/pventura/src/OpenDefAlgSplitting/benches/scale/corpus/full/cyclic_group_n32_k2_nondef_mix_i13.model,51.430,DEFINABLE
merge,/home/pventura/src/OpenDefAlgSplitting/benches/scale/corpus/full/cyclic_group_n32_k2_nondef_mix_i14.model,51.260,DEFINABLE
merge,/home/pventura/src/OpenDefAlgSplitting/benches/scale/corpus/full/cyclic_group_n32_k2_nondef_mix_i15.model,52.176,DEFINABLE
merge,/home/pventura/src/OpenDefAlgSplitting/benches/scale/corpus/full/cyclic_group_n32_k2_nondef_mix_i16.model,53.409,DEFINABLE
merge,/home/pventura/src/OpenDefAlgSplitting/benches/scale/corpus/full/cyclic_group_n32_k2_nondef_mix_i17.model,50.917,DEFINABLE
merge,/home/pventura/src/OpenDefAlgSplitting/benches/scale/corpus/full/cyclic_group_n32_k2_nondef_mix_i18.model,53.110,DEFINABLE
merge,/home/pventura/src/OpenDefAlgSplitting/benches/scale/corpus/full/cyclic_group_n32_k2_nondef_mix_i19.model,51.897,DEFINABLE
merge,/home/pventura/src/OpenDefAlgSplitting/benches/scale/corpus/full/cyclic_group_n32_k2_nondef_mix_i2.model,51.883,DEFINABLE
merge,/home/pventura/src/OpenDefAlgSplitting/benches/scale/corpus/full/cyclic_group_n32_k2_nondef_mix_i20.model,52.007,DEFINABLE
merge,/home/pventura/src/OpenDefAlgSplitting/benches/scale/corpus/full/cyclic_group_n32_k2_nondef_mix_i21.model,52.494,DEFINABLE
merge,/home/pventura/src/OpenDefAlgSplitting/benches/scale/corpus/full/cyclic_group_n32_k2_nondef_mix_i22.model,50.940,DEFINABLE
merge,/home/pventura/src/OpenDefAlgSplitting/benches/scale/corpus/full/cyclic_group_n32_k2_nondef_mix_i23.model,51.161,DEFINABLE
merge,/home/pventura/src/OpenDefAlgSplitting/benches/scale/corpus/full/cyclic_group_n32_k2_nondef_mix_i24.model,52.576,DEFINABLE
merge,/home/pventura/src/OpenDefAlgSplitting/benches/scale/corpus/full/cyclic_group_n32_k2_nondef_mix_i25.model,51.544,DEFINABLE
merge,/home/pventura/src/OpenDefAlgSplitting/benches/scale/corpus/full/cyclic_group_n32_k2_nondef_mix_i26.model,52.357,DEFINABLE
merge,/home/pventura/src/OpenDefAlgSplitting/benches/scale/corpus/full/cyclic_group_n32_k2_nondef_mix_i27.model,52.000,DEFINABLE
merge,/home/pventura/src/OpenDefAlgSplitting/benches/scale/corpus/full/cyclic_group_n32_k2_nondef_mix_i28.model,52.495,DEFINABLE
merge,/home/pventura/src/OpenDefAlgSplitting/benches/scale/corpus/full/cyclic_group_n32_k2_nondef_mix_i29.model,51.309,DEFINABLE
merge,/home/pventura/src/OpenDefAlgSplitting/benches/scale/corpus/full/cyclic_group_n32_k2_nondef_mix_i3.model,52.872,DEFINABLE
merge,/home/pventura/src/OpenDefAlgSplitting/benches/scale/corpus/full/cyclic_group_n32_k2_nondef_mix_i4.model,51.123,DEFINABLE
merge,/home/pventura/src/OpenDefAlgSplitting/benches/scale/corpus/full/cyclic_group_n32_k2_nondef_mix_i5.model,52.727,DEFINABLE
merge,/home/pventura/src/OpenDefAlgSplitting/benches/scale/corpus/full/cyclic_group_n32_k2_nondef_mix_i6.model,52.557,DEFINABLE
merge,/home/pventura/src/OpenDefAlgSplitting/benches/scale/corpus/full/cyclic_group_n32_k2_nondef_mix_i7.model,51.306,DEFINABLE
merge,/home/pventura/src/OpenDefAlgSplitting/benches/scale/corpus/full/cyclic_group_n32_k2_nondef_mix_i8.model,51.957,DEFINABLE
merge,/home/pventura/src/OpenDefAlgSplitting/benches/scale/corpus/full/cyclic_group_n32_k2_nondef_mix_i9.model,53.034,DEFINABLE
merge,/home/pventura/src/OpenDefAlgSplitting/benches/scale/corpus/full/cyclic_group_n4_k1_definable_eq_i0.model,0.089,DEFINABLE
merge,/home/pventura/src/OpenDefAlgSplitting/benches/scale/corpus/full/cyclic_group_n4_k1_definable_eq_i1.model,0.082,DEFINABLE
merge,/home/pventura/src/OpenDefAlgSplitting/benches/scale/corpus/full/cyclic_group_n4_k1_definable_eq_i10.model,0.114,DEFINABLE
merge,/home/pventura/src/OpenDefAlgSplitting/benches/scale/corpus/full/cyclic_group_n4_k1_definable_eq_i11.model,0.087,DEFINABLE
merge,/home/pventura/src/OpenDefAlgSplitting/benches/scale/corpus/full/cyclic_group_n4_k1_definable_eq_i12.model,0.057,DEFINABLE
merge,/home/pventura/src/OpenDefAlgSplitting/benches/scale/corpus/full/cyclic_group_n4_k1_definable_eq_i13.model,0.066,DEFINABLE
merge,/home/pventura/src/OpenDefAlgSplitting/benches/scale/corpus/full/cyclic_group_n4_k1_definable_eq_i14.model,0.059,DEFINABLE
merge,/home/pventura/src/OpenDefAlgSplitting/benches/scale/corpus/full/cyclic_group_n4_k1_definable_eq_i15.model,0.060,DEFINABLE
merge,/home/pventura/src/OpenDefAlgSplitting/benches/scale/corpus/full/cyclic_group_n4_k1_definable_eq_i16.model,0.072,DEFINABLE
merge,/home/pventura/src/OpenDefAlgSplitting/benches/scale/corpus/full/cyclic_group_n4_k1_definable_eq_i17.model,0.076,DEFINABLE
merge,/home/pventura/src/OpenDefAlgSplitting/benches/scale/corpus/full/cyclic_group_n4_k1_definable_eq_i18.model,0.064,DEFINABLE
merge,/home/pventura/src/OpenDefAlgSplitting/benches/scale/corpus/full/cyclic_group_n4_k1_definable_eq_i19.model,0.099,DEFINABLE
merge,/home/pventura/src/OpenDefAlgSplitting/benches/scale/corpus/full/cyclic_group_n4_k1_definable_eq_i2.model,0.060,DEFINABLE
merge,/home/pventura/src/OpenDefAlgSplitting/benches/scale/corpus/full/cyclic_group_n4_k1_definable_eq_i20.model,0.059,DEFINABLE
merge,/home/pventura/src/OpenDefAlgSplitting/benches/scale/corpus/full/cyclic_group_n4_k1_definable_eq_i21.model,0.059,DEFINABLE
merge,/home/pventura/src/OpenDefAlgSplitting/benches/scale/corpus/full/cyclic_group_n4_k1_definable_eq_i22.model,0.063,DEFINABLE
merge,/home/pventura/src/OpenDefAlgSplitting/benches/scale/corpus/full/cyclic_group_n4_k1_definable_eq_i23.model,0.062,DEFINABLE
merge,/home/pventura/src/OpenDefAlgSplitting/benches/scale/corpus/full/cyclic_group_n4_k1_definable_eq_i24.model,0.067,DEFINABLE
merge,/home/pventura/src/OpenDefAlgSplitting/benches/scale/corpus/full/cyclic_group_n4_k1_definable_eq_i25.model,0.061,DEFINABLE
merge,/home/pventura/src/OpenDefAlgSplitting/benches/scale/corpus/full/cyclic_group_n4_k1_definable_eq_i26.model,0.058,DEFINABLE
merge,/home/pventura/src/OpenDefAlgSplitting/benches/scale/corpus/full/cyclic_group_n4_k1_definable_eq_i27.model,0.058,DEFINABLE
merge,/home/pventura/src/OpenDefAlgSplitting/benches/scale/corpus/full/cyclic_group_n4_k1_definable_eq_i28.model,0.064,DEFINABLE
merge,/home/pventura/src/OpenDefAlgSplitting/benches/scale/corpus/full/cyclic_group_n4_k1_definable_eq_i29.model,0.062,DEFINABLE
merge,/home/pventura/src/OpenDefAlgSplitting/benches/scale/corpus/full/cyclic_group_n4_k1_definable_eq_i3.model,0.059,DEFINABLE
merge,/home/pventura/src/OpenDefAlgSplitting/benches/scale/corpus/full/cyclic_group_n4_k1_definable_eq_i4.model,0.055,DEFINABLE
merge,/home/pventura/src/OpenDefAlgSplitting/benches/scale/corpus/full/cyclic_group_n4_k1_definable_eq_i5.model,0.059,DEFINABLE
merge,/home/pventura/src/OpenDefAlgSplitting/benches/scale/corpus/full/cyclic_group_n4_k1_definable_eq_i6.model,0.070,DEFINABLE
merge,/home/pventura/src/OpenDefAlgSplitting/benches/scale/corpus/full/cyclic_group_n4_k1_definable_eq_i7.model,0.058,DEFINABLE
merge,/home/pventura/src/OpenDefAlgSplitting/benches/scale/corpus/full/cyclic_group_n4_k1_definable_eq_i8.model,0.091,DEFINABLE
merge,/home/pventura/src/OpenDefAlgSplitting/benches/scale/corpus/full/cyclic_group_n4_k1_definable_eq_i9.model,0.071,DEFINABLE
merge,/home/pventura/src/OpenDefAlgSplitting/benches/scale/corpus/full/cyclic_group_n4_k1_nondef_mix_i0.model,0.084,DEFINABLE
merge,/home/pventura/src/OpenDefAlgSplitting/benches/scale/corpus/full/cyclic_group_n4_k1_nondef_mix_i1.model,0.071,DEFINABLE
merge,/home/pventura/src/OpenDefAlgSplitting/benches/scale/corpus/full/cyclic_group_n4_k1_nondef_mix_i10.model,0.071,DEFINABLE
merge,/home/pventura/src/OpenDefAlgSplitting/benches/scale/corpus/full/cyclic_group_n4_k1_nondef_mix_i11.model,0.065,DEFINABLE
merge,/home/pventura/src/OpenDefAlgSplitting/benches/scale/corpus/full/cyclic_group_n4_k1_nondef_mix_i12.model,0.081,DEFINABLE
merge,/home/pventura/src/OpenDefAlgSplitting/benches/scale/corpus/full/cyclic_group_n4_k1_nondef_mix_i13.model,0.096,DEFINABLE
merge,/home/pventura/src/OpenDefAlgSplitting/benches/scale/corpus/full/cyclic_group_n4_k1_nondef_mix_i14.model,0.079,DEFINABLE
merge,/home/pventura/src/OpenDefAlgSplitting/benches/scale/corpus/full/cyclic_group_n4_k1_nondef_mix_i15.model,0.084,DEFINABLE
merge,/home/pventura/src/OpenDefAlgSplitting/benches/scale/corpus/full/cyclic_group_n4_k1_nondef_mix_i16.model,0.097,DEFINABLE
merge,/home/pventura/src/OpenDefAlgSplitting/benches/scale/corpus/full/cyclic_group_n4_k1_nondef_mix_i17.model,0.069,DEFINABLE
merge,/home/pventura/src/OpenDefAlgSplitting/benches/scale/corpus/full/cyclic_group_n4_k1_nondef_mix_i18.model,0.070,DEFINABLE
merge,/home/pventura/src/OpenDefAlgSplitting/benches/scale/corpus/full/cyclic_group_n4_k1_nondef_mix_i19.model,0.082,DEFINABLE
merge,/home/pventura/src/OpenDefAlgSplitting/benches/scale/corpus/full/cyclic_group_n4_k1_nondef_mix_i2.model,0.077,DEFINABLE
merge,/home/pventura/src/OpenDefAlgSplitting/benches/scale/corpus/full/cyclic_group_n4_k1_nondef_mix_i20.model,0.060,DEFINABLE
merge,/home/pventura/src/OpenDefAlgSplitting/benches/scale/corpus/full/cyclic_group_n4_k1_nondef_mix_i21.model,0.056,DEFINABLE
merge,/home/pventura/src/OpenDefAlgSplitting/benches/scale/corpus/full/cyclic_group_n4_k1_nondef_mix_i22.model,0.057,DEFINABLE
merge,/home/pventura/src/OpenDefAlgSplitting/benches/scale/corpus/full/cyclic_group_n4_k1_nondef_mix_i23.model,0.061,DEFINABLE
merge,/home/pventura/src/OpenDefAlgSplitting/benches/scale/corpus/full/cyclic_group_n4_k1_nondef_mix_i24.model,0.064,DEFINABLE
merge,/home/pventura/src/OpenDefAlgSplitting/benches/scale/corpus/full/cyclic_group_n4_k1_nondef_mix_i25.model,0.055,DEFINABLE
merge,/home/pventura/src/OpenDefAlgSplitting/benches/scale/corpus/full/cyclic_group_n4_k1_nondef_mix_i26.model,0.081,DEFINABLE
merge,/home/pventura/src/OpenDefAlgSplitting/benches/scale/corpus/full/cyclic_group_n4_k1_nondef_mix_i27.model,0.080,DEFINABLE
merge,/home/pventura/src/OpenDefAlgSplitting/benches/scale/corpus/full/cyclic_group_n4_k1_nondef_mix_i28.model,0.060,DEFINABLE
merge,/home/pventura/src/OpenDefAlgSplitting/benches/scale/corpus/full/cyclic_group_n4_k1_nondef_mix_i29.model,0.077,DEFINABLE
merge,/home/pventura/src/OpenDefAlgSplitting/benches/scale/corpus/full/cyclic_group_n4_k1_nondef_mix_i3.model,0.075,DEFINABLE
merge,/home/pventura/src/OpenDefAlgSplitting/benches/scale/corpus/full/cyclic_group_n4_k1_nondef_mix_i4.model,0.080,DEFINABLE
merge,/home/pventura/src/OpenDefAlgSplitting/benches/scale/corpus/full/cyclic_group_n4_k1_nondef_mix_i5.model,0.065,DEFINABLE
merge,/home/pventura/src/OpenDefAlgSplitting/benches/scale/corpus/full/cyclic_group_n4_k1_nondef_mix_i6.model,0.070,DEFINABLE
merge,/home/pventura/src/OpenDefAlgSplitting/benches/scale/corpus/full/cyclic_group_n4_k1_nondef_mix_i7.model,0.078,DEFINABLE
merge,/home/pventura/src/OpenDefAlgSplitting/benches/scale/corpus/full/cyclic_group_n4_k1_nondef_mix_i8.model,0.067,DEFINABLE
merge,/home/pventura/src/OpenDefAlgSplitting/benches/scale/corpus/full/cyclic_group_n4_k1_nondef_mix_i9.model,0.061,DEFINABLE
merge,/home/pventura/src/OpenDefAlgSplitting/benches/scale/corpus/full/cyclic_group_n4_k2_definable_eq_i0.model,0.100,DEFINABLE
merge,/home/pventura/src/OpenDefAlgSplitting/benches/scale/corpus/full/cyclic_group_n4_k2_definable_eq_i1.model,0.073,DEFINABLE
merge,/home/pventura/src/OpenDefAlgSplitting/benches/scale/corpus/full/cyclic_group_n4_k2_definable_eq_i10.model,0.052,DEFINABLE
merge,/home/pventura/src/OpenDefAlgSplitting/benches/scale/corpus/full/cyclic_group_n4_k2_definable_eq_i11.model,0.074,DEFINABLE
merge,/home/pventura/src/OpenDefAlgSplitting/benches/scale/corpus/full/cyclic_group_n4_k2_definable_eq_i12.model,0.079,DEFINABLE
merge,/home/pventura/src/OpenDefAlgSplitting/benches/scale/corpus/full/cyclic_group_n4_k2_definable_eq_i13.model,0.053,DEFINABLE
merge,/home/pventura/src/OpenDefAlgSplitting/benches/scale/corpus/full/cyclic_group_n4_k2_definable_eq_i14.model,0.091,DEFINABLE
merge,/home/pventura/src/OpenDefAlgSplitting/benches/scale/corpus/full/cyclic_group_n4_k2_definable_eq_i15.model,0.061,DEFINABLE
merge,/home/pventura/src/OpenDefAlgSplitting/benches/scale/corpus/full/cyclic_group_n4_k2_definable_eq_i16.model,0.065,DEFINABLE
merge,/home/pventura/src/OpenDefAlgSplitting/benches/scale/corpus/full/cyclic_group_n4_k2_definable_eq_i17.model,0.074,DEFINABLE
merge,/home/pventura/src/OpenDefAlgSplitting/benches/scale/corpus/full/cyclic_group_n4_k2_definable_eq_i18.model,0.077,DEFINABLE
merge,/home/pventura/src/OpenDefAlgSplitting/benches/scale/corpus/full/cyclic_group_n4_k2_definable_eq_i19.model,0.057,DEFINABLE
merge,/home/pventura/src/OpenDefAlgSplitting/benches/scale/corpus/full/cyclic_group_n4_k2_definable_eq_i2.model,0.068,DEFINABLE
merge,/home/pventura/src/OpenDefAlgSplitting/benches/scale/corpus/full/cyclic_group_n4_k2_definable_eq_i20.model,0.094,DEFINABLE
merge,/home/pventura/src/OpenDefAlgSplitting/benches/scale/corpus/full/cyclic_group_n4_k2_definable_eq_i21.model,0.057,DEFINABLE
merge,/home/pventura/src/OpenDefAlgSplitting/benches/scale/corpus/full/cyclic_group_n4_k2_definable_eq_i22.model,0.080,DEFINABLE
merge,/home/pventura/src/OpenDefAlgSplitting/benches/scale/corpus/full/cyclic_group_n4_k2_definable_eq_i23.model,0.093,DEFINABLE
merge,/home/pventura/src/OpenDefAlgSplitting/benches/scale/corpus/full/cyclic_group_n4_k2_definable_eq_i24.model,0.055,DEFINABLE
merge,/home/pventura/src/OpenDefAlgSplitting/benches/scale/corpus/full/cyclic_group_n4_k2_definable_eq_i25.model,0.122,DEFINABLE
merge,/home/pventura/src/OpenDefAlgSplitting/benches/scale/corpus/full/cyclic_group_n4_k2_definable_eq_i26.model,0.052,DEFINABLE
merge,/home/pventura/src/OpenDefAlgSplitting/benches/scale/corpus/full/cyclic_group_n4_k2_definable_eq_i27.model,0.062,DEFINABLE
merge,/home/pventura/src/OpenDefAlgSplitting/benches/scale/corpus/full/cyclic_group_n4_k2_definable_eq_i28.model,0.057,DEFINABLE
merge,/home/pventura/src/OpenDefAlgSplitting/benches/scale/corpus/full/cyclic_group_n4_k2_definable_eq_i29.model,0.081,DEFINABLE
merge,/home/pventura/src/OpenDefAlgSplitting/benches/scale/corpus/full/cyclic_group_n4_k2_definable_eq_i3.model,0.085,DEFINABLE
merge,/home/pventura/src/OpenDefAlgSplitting/benches/scale/corpus/full/cyclic_group_n4_k2_definable_eq_i4.model,0.097,DEFINABLE
merge,/home/pventura/src/OpenDefAlgSplitting/benches/scale/corpus/full/cyclic_group_n4_k2_definable_eq_i5.model,0.071,DEFINABLE
merge,/home/pventura/src/OpenDefAlgSplitting/benches/scale/corpus/full/cyclic_group_n4_k2_definable_eq_i6.model,0.058,DEFINABLE
merge,/home/pventura/src/OpenDefAlgSplitting/benches/scale/corpus/full/cyclic_group_n4_k2_definable_eq_i7.model,0.070,DEFINABLE
merge,/home/pventura/src/OpenDefAlgSplitting/benches/scale/corpus/full/cyclic_group_n4_k2_definable_eq_i8.model,0.071,DEFINABLE
merge,/home/pventura/src/OpenDefAlgSplitting/benches/scale/corpus/full/cyclic_group_n4_k2_definable_eq_i9.model,0.055,DEFINABLE
merge,/home/pventura/src/OpenDefAlgSplitting/benches/scale/corpus/full/cyclic_group_n4_k2_nondef_mix_i0.model,0.123,DEFINABLE
merge,/home/pventura/src/OpenDefAlgSplitting/benches/scale/corpus/full/cyclic_group_n4_k2_nondef_mix_i1.model,0.120,DEFINABLE
merge,/home/pventura/src/OpenDefAlgSplitting/benches/scale/corpus/full/cyclic_group_n4_k2_nondef_mix_i10.model,0.120,DEFINABLE
merge,/home/pventura/src/OpenDefAlgSplitting/benches/scale/corpus/full/cyclic_group_n4_k2_nondef_mix_i11.model,0.158,DEFINABLE
merge,/home/pventura/src/OpenDefAlgSplitting/benches/scale/corpus/full/cyclic_group_n4_k2_nondef_mix_i12.model,0.131,DEFINABLE
merge,/home/pventura/src/OpenDefAlgSplitting/benches/scale/corpus/full/cyclic_group_n4_k2_nondef_mix_i13.model,0.131,DEFINABLE
merge,/home/pventura/src/OpenDefAlgSplitting/benches/scale/corpus/full/cyclic_group_n4_k2_nondef_mix_i14.model,0.128,DEFINABLE
merge,/home/pventura/src/OpenDefAlgSplitting/benches/scale/corpus/full/cyclic_group_n4_k2_nondef_mix_i15.model,0.164,DEFINABLE
merge,/home/pventura/src/OpenDefAlgSplitting/benches/scale/corpus/full/cyclic_group_n4_k2_nondef_mix_i16.model,0.124,DEFINABLE
merge,/home/pventura/src/OpenDefAlgSplitting/benches/scale/corpus/full/cyclic_group_n4_k2_nondef_mix_i17.model,0.149,DEFINABLE
merge,/home/pventura/src/OpenDefAlgSplitting/benches/scale/corpus/full/cyclic_group_n4_k2_nondef_mix_i18.model,0.123,DEFINABLE
merge,/home/pventura/src/OpenDefAlgSplitting/benches/scale/corpus/full/cyclic_group_n4_k2_nondef_mix_i19.model,0.159,DEFINABLE
merge,/home/pventura/src/OpenDefAlgSplitting/benches/scale/corpus/full/cyclic_group_n4_k2_nondef_mix_i2.model,0.140,DEFINABLE
merge,/home/pventura/src/OpenDefAlgSplitting/benches/scale/corpus/full/cyclic_group_n4_k2_nondef_mix_i20.model,0.143,DEFINABLE
merge,/home/pventura/src/OpenDefAlgSplitting/benches/scale/corpus/full/cyclic_group_n4_k2_nondef_mix_i21.model,0.136,DEFINABLE
merge,/home/pventura/src/OpenDefAlgSplitting/benches/scale/corpus/full/cyclic_group_n4_k2_nondef_mix_i22.model,0.151,DEFINABLE
merge,/home/pventura/src/OpenDefAlgSplitting/benches/scale/corpus/full/cyclic_group_n4_k2_nondef_mix_i23.model,0.123,DEFINABLE
merge,/home/pventura/src/OpenDefAlgSplitting/benches/scale/corpus/full/cyclic_group_n4_k2_nondef_mix_i24.model,0.120,DEFINABLE
merge,/home/pventura/src/OpenDefAlgSplitting/benches/scale/corpus/full/cyclic_group_n4_k2_nondef_mix_i25.model,0.149,DEFINABLE
merge,/home/pventura/src/OpenDefAlgSplitting/benches/scale/corpus/full/cyclic_group_n4_k2_nondef_mix_i26.model,0.178,DEFINABLE
merge,/home/pventura/src/OpenDefAlgSplitting/benches/scale/corpus/full/cyclic_group_n4_k2_nondef_mix_i27.model,0.119,DEFINABLE
merge,/home/pventura/src/OpenDefAlgSplitting/benches/scale/corpus/full/cyclic_group_n4_k2_nondef_mix_i28.model,0.120,DEFINABLE
merge,/home/pventura/src/OpenDefAlgSplitting/benches/scale/corpus/full/cyclic_group_n4_k2_nondef_mix_i29.model,0.155,DEFINABLE
merge,/home/pventura/src/OpenDefAlgSplitting/benches/scale/corpus/full/cyclic_group_n4_k2_nondef_mix_i3.model,0.149,DEFINABLE
merge,/home/pventura/src/OpenDefAlgSplitting/benches/scale/corpus/full/cyclic_group_n4_k2_nondef_mix_i4.model,0.163,DEFINABLE
merge,/home/pventura/src/OpenDefAlgSplitting/benches/scale/corpus/full/cyclic_group_n4_k2_nondef_mix_i5.model,0.147,DEFINABLE
merge,/home/pventura/src/OpenDefAlgSplitting/benches/scale/corpus/full/cyclic_group_n4_k2_nondef_mix_i6.model,0.140,DEFINABLE
merge,/home/pventura/src/OpenDefAlgSplitting/benches/scale/corpus/full/cyclic_group_n4_k2_nondef_mix_i7.model,0.140,DEFINABLE
merge,/home/pventura/src/OpenDefAlgSplitting/benches/scale/corpus/full/cyclic_group_n4_k2_nondef_mix_i8.model,0.132,DEFINABLE
merge,/home/pventura/src/OpenDefAlgSplitting/benches/scale/corpus/full/cyclic_group_n4_k2_nondef_mix_i9.model,0.120,DEFINABLE
merge,/home/pventura/src/OpenDefAlgSplitting/benches/scale/corpus/full/cyclic_group_n64_k1_definable_eq_i0.model,4.903,DEFINABLE
merge,/home/pventura/src/OpenDefAlgSplitting/benches/scale/corpus/full/cyclic_group_n64_k1_definable_eq_i1.model,4.872,DEFINABLE
merge,/home/pventura/src/OpenDefAlgSplitting/benches/scale/corpus/full/cyclic_group_n64_k1_definable_eq_i10.model,4.897,DEFINABLE
merge,/home/pventura/src/OpenDefAlgSplitting/benches/scale/corpus/full/cyclic_group_n64_k1_definable_eq_i11.model,4.868,DEFINABLE
merge,/home/pventura/src/OpenDefAlgSplitting/benches/scale/corpus/full/cyclic_group_n64_k1_definable_eq_i12.model,4.893,DEFINABLE
merge,/home/pventura/src/OpenDefAlgSplitting/benches/scale/corpus/full/cyclic_group_n64_k1_definable_eq_i13.model,4.889,DEFINABLE
merge,/home/pventura/src/OpenDefAlgSplitting/benches/scale/corpus/full/cyclic_group_n64_k1_definable_eq_i14.model,4.876,DEFINABLE
merge,/home/pventura/src/OpenDefAlgSplitting/benches/scale/corpus/full/cyclic_group_n64_k1_definable_eq_i15.model,4.839,DEFINABLE
merge,/home/pventura/src/OpenDefAlgSplitting/benches/scale/corpus/full/cyclic_group_n64_k1_definable_eq_i16.model,4.877,DEFINABLE
merge,/home/pventura/src/OpenDefAlgSplitting/benches/scale/corpus/full/cyclic_group_n64_k1_definable_eq_i17.model,4.864,DEFINABLE
merge,/home/pventura/src/OpenDefAlgSplitting/benches/scale/corpus/full/cyclic_group_n64_k1_definable_eq_i18.model,4.803,DEFINABLE
merge,/home/pventura/src/OpenDefAlgSplitting/benches/scale/corpus/full/cyclic_group_n64_k1_definable_eq_i19.model,4.876,DEFINABLE
merge,/home/pventura/src/OpenDefAlgSplitting/benches/scale/corpus/full/cyclic_group_n64_k1_definable_eq_i2.model,4.825,DEFINABLE
merge,/home/pventura/src/OpenDefAlgSplitting/benches/scale/corpus/full/cyclic_group_n64_k1_definable_eq_i20.model,4.788,DEFINABLE
merge,/home/pventura/src/OpenDefAlgSplitting/benches/scale/corpus/full/cyclic_group_n64_k1_definable_eq_i21.model,4.816,DEFINABLE
merge,/home/pventura/src/OpenDefAlgSplitting/benches/scale/corpus/full/cyclic_group_n64_k1_definable_eq_i22.model,4.845,DEFINABLE
merge,/home/pventura/src/OpenDefAlgSplitting/benches/scale/corpus/full/cyclic_group_n64_k1_definable_eq_i23.model,4.816,DEFINABLE
merge,/home/pventura/src/OpenDefAlgSplitting/benches/scale/corpus/full/cyclic_group_n64_k1_definable_eq_i24.model,4.778,DEFINABLE
merge,/home/pventura/src/OpenDefAlgSplitting/benches/scale/corpus/full/cyclic_group_n64_k1_definable_eq_i25.model,4.839,DEFINABLE
merge,/home/pventura/src/OpenDefAlgSplitting/benches/scale/corpus/full/cyclic_group_n64_k1_definable_eq_i26.model,4.827,DEFINABLE
merge,/home/pventura/src/OpenDefAlgSplitting/benches/scale/corpus/full/cyclic_group_n64_k1_definable_eq_i27.model,4.841,DEFINABLE
merge,/home/pventura/src/OpenDefAlgSplitting/benches/scale/corpus/full/cyclic_group_n64_k1_definable_eq_i28.model,4.773,DEFINABLE
merge,/home/pventura/src/OpenDefAlgSplitting/benches/scale/corpus/full/cyclic_group_n64_k1_definable_eq_i29.model,4.878,DEFINABLE
merge,/home/pventura/src/OpenDefAlgSplitting/benches/scale/corpus/full/cyclic_group_n64_k1_definable_eq_i3.model,4.769,DEFINABLE
merge,/home/pventura/src/OpenDefAlgSplitting/benches/scale/corpus/full/cyclic_group_n64_k1_definable_eq_i4.model,4.803,DEFINABLE
merge,/home/pventura/src/OpenDefAlgSplitting/benches/scale/corpus/full/cyclic_group_n64_k1_definable_eq_i5.model,4.819,DEFINABLE
merge,/home/pventura/src/OpenDefAlgSplitting/benches/scale/corpus/full/cyclic_group_n64_k1_definable_eq_i6.model,4.795,DEFINABLE
merge,/home/pventura/src/OpenDefAlgSplitting/benches/scale/corpus/full/cyclic_group_n64_k1_definable_eq_i7.model,4.821,DEFINABLE
merge,/home/pventura/src/OpenDefAlgSplitting/benches/scale/corpus/full/cyclic_group_n64_k1_definable_eq_i8.model,4.778,DEFINABLE
merge,/home/pventura/src/OpenDefAlgSplitting/benches/scale/corpus/full/cyclic_group_n64_k1_definable_eq_i9.model,4.804,DEFINABLE
merge,/home/pventura/src/OpenDefAlgSplitting/benches/scale/corpus/full/cyclic_group_n64_k1_nondef_mix_i0.model,4.878,DEFINABLE
merge,/home/pventura/src/OpenDefAlgSplitting/benches/scale/corpus/full/cyclic_group_n64_k1_nondef_mix_i1.model,4.778,DEFINABLE
merge,/home/pventura/src/OpenDefAlgSplitting/benches/scale/corpus/full/cyclic_group_n64_k1_nondef_mix_i10.model,4.869,DEFINABLE
merge,/home/pventura/src/OpenDefAlgSplitting/benches/scale/corpus/full/cyclic_group_n64_k1_nondef_mix_i11.model,4.880,DEFINABLE
merge,/home/pventura/src/OpenDefAlgSplitting/benches/scale/corpus/full/cyclic_group_n64_k1_nondef_mix_i12.model,4.773,DEFINABLE
merge,/home/pventura/src/OpenDefAlgSplitting/benches/scale/corpus/full/cyclic_group_n64_k1_nondef_mix_i13.model,4.803,DEFINABLE
merge,/home/pventura/src/OpenDefAlgSplitting/benches/scale/corpus/full/cyclic_group_n64_k1_nondef_mix_i14.model,4.777,DEFINABLE
merge,/home/pventura/src/OpenDefAlgSplitting/benches/scale/corpus/full/cyclic_group_n64_k1_nondef_mix_i15.model,4.870,DEFINABLE
merge,/home/pventura/src/OpenDefAlgSplitting/benches/scale/corpus/full/cyclic_group_n64_k1_nondef_mix_i16.model,4.797,DEFINABLE
merge,/home/pventura/src/OpenDefAlgSplitting/benches/scale/corpus/full/cyclic_group_n64_k1_nondef_mix_i17.model,4.848,DEFINABLE
merge,/home/pventura/src/OpenDefAlgSplitting/benches/scale/corpus/full/cyclic_group_n64_k1_nondef_mix_i18.model,4.873,DEFINABLE
merge,/home/pventura/src/OpenDefAlgSplitting/benches/scale/corpus/full/cyclic_group_n64_k1_nondef_mix_i19.model,4.868,DEFINABLE
merge,/home/pventura/src/OpenDefAlgSplitting/benches/scale/corpus/full/cyclic_group_n64_k1_nondef_mix_i2.model,4.794,DEFINABLE
merge,/home/pventura/src/OpenDefAlgSplitting/benches/scale/corpus/full/cyclic_group_n64_k1_nondef_mix_i20.model,4.786,DEFINABLE
merge,/home/pventura/src/OpenDefAlgSplitting/benches/scale/corpus/full/cyclic_group_n64_k1_nondef_mix_i21.model,4.875,DEFINABLE
merge,/home/pventura/src/OpenDefAlgSplitting/benches/scale/corpus/full/cyclic_group_n64_k1_nondef_mix_i22.model,4.805,DEFINABLE
merge,/home/pventura/src/OpenDefAlgSplitting/benches/scale/corpus/full/cyclic_group_n64_k1_nondef_mix_i23.model,4.860,DEFINABLE
merge,/home/pventura/src/OpenDefAlgSplitting/benches/scale/corpus/full/cyclic_group_n64_k1_nondef_mix_i24.model,4.875,DEFINABLE
merge,/home/pventura/src/OpenDefAlgSplitting/benches/scale/corpus/full/cyclic_group_n64_k1_nondef_mix_i25.model,4.872,DEFINABLE
merge,/home/pventura/src/OpenDefAlgSplitting/benches/scale/corpus/full/cyclic_group_n64_k1_nondef_mix_i26.model,4.886,DEFINABLE
merge,/home/pventura/src/OpenDefAlgSplitting/benches/scale/corpus/full/cyclic_group_n64_k1_nondef_mix_i27.model,4.865,DEFINABLE
merge,/home/pventura/src/OpenDefAlgSplitting/benches/scale/corpus/full/cyclic_group_n64_k1_nondef_mix_i28.model,4.900,DEFINABLE
merge,/home/pventura/src/OpenDefAlgSplitting/benches/scale/corpus/full/cyclic_group_n64_k1_nondef_mix_i29.model,4.868,DEFINABLE
merge,/home/pventura/src/OpenDefAlgSplitting/benches/scale/corpus/full/cyclic_group_n64_k1_nondef_mix_i3.model,4.813,DEFINABLE
merge,/home/pventura/src/OpenDefAlgSplitting/benches/scale/corpus/full/cyclic_group_n64_k1_nondef_mix_i4.model,4.791,DEFINABLE
merge,/home/pventura/src/OpenDefAlgSplitting/benches/scale/corpus/full/cyclic_group_n64_k1_nondef_mix_i5.model,4.799,DEFINABLE
merge,/home/pventura/src/OpenDefAlgSplitting/benches/scale/corpus/full/cyclic_group_n64_k1_nondef_mix_i6.model,4.852,DEFINABLE
merge,/home/pventura/src/OpenDefAlgSplitting/benches/scale/corpus/full/cyclic_group_n64_k1_nondef_mix_i7.model,4.829,DEFINABLE
merge,/home/pventura/src/OpenDefAlgSplitting/benches/scale/corpus/full/cyclic_group_n64_k1_nondef_mix_i8.model,4.864,DEFINABLE
merge,/home/pventura/src/OpenDefAlgSplitting/benches/scale/corpus/full/cyclic_group_n64_k1_nondef_mix_i9.model,4.864,DEFINABLE
merge,/home/pventura/src/OpenDefAlgSplitting/benches/scale/corpus/full/cyclic_group_n64_k2_definable_eq_i0.model,4.865,DEFINABLE
merge,/home/pventura/src/OpenDefAlgSplitting/benches/scale/corpus/full/cyclic_group_n64_k2_definable_eq_i1.model,4.863,DEFINABLE
merge,/home/pventura/src/OpenDefAlgSplitting/benches/scale/corpus/full/cyclic_group_n64_k2_definable_eq_i10.model,4.805,DEFINABLE
merge,/home/pventura/src/OpenDefAlgSplitting/benches/scale/corpus/full/cyclic_group_n64_k2_definable_eq_i11.model,4.815,DEFINABLE
merge,/home/pventura/src/OpenDefAlgSplitting/benches/scale/corpus/full/cyclic_group_n64_k2_definable_eq_i12.model,4.770,DEFINABLE
merge,/home/pventura/src/OpenDefAlgSplitting/benches/scale/corpus/full/cyclic_group_n64_k2_definable_eq_i13.model,4.754,DEFINABLE
merge,/home/pventura/src/OpenDefAlgSplitting/benches/scale/corpus/full/cyclic_group_n64_k2_definable_eq_i14.model,4.835,DEFINABLE
merge,/home/pventura/src/OpenDefAlgSplitting/benches/scale/corpus/full/cyclic_group_n64_k2_definable_eq_i15.model,4.860,DEFINABLE
merge,/home/pventura/src/OpenDefAlgSplitting/benches/scale/corpus/full/cyclic_group_n64_k2_definable_eq_i16.model,4.797,DEFINABLE
merge,/home/pventura/src/OpenDefAlgSplitting/benches/scale/corpus/full/cyclic_group_n64_k2_definable_eq_i17.model,4.890,DEFINABLE
merge,/home/pventura/src/OpenDefAlgSplitting/benches/scale/corpus/full/cyclic_group_n64_k2_definable_eq_i18.model,4.785,DEFINABLE
merge,/home/pventura/src/OpenDefAlgSplitting/benches/scale/corpus/full/cyclic_group_n64_k2_definable_eq_i19.model,4.874,DEFINABLE
merge,/home/pventura/src/OpenDefAlgSplitting/benches/scale/corpus/full/cyclic_group_n64_k2_definable_eq_i2.model,4.807,DEFINABLE
merge,/home/pventura/src/OpenDefAlgSplitting/benches/scale/corpus/full/cyclic_group_n64_k2_definable_eq_i20.model,4.890,DEFINABLE
merge,/home/pventura/src/OpenDefAlgSplitting/benches/scale/corpus/full/cyclic_group_n64_k2_definable_eq_i21.model,4.792,DEFINABLE
merge,/home/pventura/src/OpenDefAlgSplitting/benches/scale/corpus/full/cyclic_group_n64_k2_definable_eq_i22.model,4.805,DEFINABLE
merge,/home/pventura/src/OpenDefAlgSplitting/benches/scale/corpus/full/cyclic_group_n64_k2_definable_eq_i23.model,4.823,DEFINABLE
merge,/home/pventura/src/OpenDefAlgSplitting/benches/scale/corpus/full/cyclic_group_n64_k2_definable_eq_i24.model,4.813,DEFINABLE
merge,/home/pventura/src/OpenDefAlgSplitting/benches/scale/corpus/full/cyclic_group_n64_k2_definable_eq_i25.model,4.973,DEFINABLE
merge,/home/pventura/src/OpenDefAlgSplitting/benches/scale/corpus/full/cyclic_group_n64_k2_definable_eq_i26.model,4.771,DEFINABLE
merge,/home/pventura/src/OpenDefAlgSplitting/benches/scale/corpus/full/cyclic_group_n64_k2_definable_eq_i27.model,4.809,DEFINABLE
merge,/home/pventura/src/OpenDefAlgSplitting/benches/scale/corpus/full/cyclic_group_n64_k2_definable_eq_i28.model,4.787,DEFINABLE
merge,/home/pventura/src/OpenDefAlgSplitting/benches/scale/corpus/full/cyclic_group_n64_k2_definable_eq_i29.model,4.814,DEFINABLE
merge,/home/pventura/src/OpenDefAlgSplitting/benches/scale/corpus/full/cyclic_group_n64_k2_definable_eq_i3.model,4.821,DEFINABLE
merge,/home/pventura/src/OpenDefAlgSplitting/benches/scale/corpus/full/cyclic_group_n64_k2_definable_eq_i4.model,4.790,DEFINABLE
merge,/home/pventura/src/OpenDefAlgSplitting/benches/scale/corpus/full/cyclic_group_n64_k2_definable_eq_i5.model,4.776,DEFINABLE
merge,/home/pventura/src/OpenDefAlgSplitting/benches/scale/corpus/full/cyclic_group_n64_k2_definable_eq_i6.model,4.801,DEFINABLE
merge,/home/pventura/src/OpenDefAlgSplitting/benches/scale/corpus/full/cyclic_group_n64_k2_definable_eq_i7.model,4.816,DEFINABLE
merge,/home/pventura/src/OpenDefAlgSplitting/benches/scale/corpus/full/cyclic_group_n64_k2_definable_eq_i8.model,4.780,DEFINABLE
merge,/home/pventura/src/OpenDefAlgSplitting/benches/scale/corpus/full/cyclic_group_n64_k2_definable_eq_i9.model,4.780,DEFINABLE
merge,/home/pventura/src/OpenDefAlgSplitting/benches/scale/corpus/full/cyclic_group_n64_k2_nondef_mix_i0.model,831.284,DEFINABLE
merge,/home/pventura/src/OpenDefAlgSplitting/benches/scale/corpus/full/cyclic_group_n64_k2_nondef_mix_i1.model,834.474,DEFINABLE
merge,/home/pventura/src/OpenDefAlgSplitting/benches/scale/corpus/full/cyclic_group_n64_k2_nondef_mix_i10.model,836.220,DEFINABLE
merge,/home/pventura/src/OpenDefAlgSplitting/benches/scale/corpus/full/cyclic_group_n64_k2_nondef_mix_i11.model,839.992,DEFINABLE
merge,/home/pventura/src/OpenDefAlgSplitting/benches/scale/corpus/full/cyclic_group_n64_k2_nondef_mix_i12.model,858.211,DEFINABLE
merge,/home/pventura/src/OpenDefAlgSplitting/benches/scale/corpus/full/cyclic_group_n64_k2_nondef_mix_i13.model,837.802,DEFINABLE
merge,/home/pventura/src/OpenDefAlgSplitting/benches/scale/corpus/full/cyclic_group_n64_k2_nondef_mix_i14.model,844.083,DEFINABLE
merge,/home/pventura/src/OpenDefAlgSplitting/benches/scale/corpus/full/cyclic_group_n64_k2_nondef_mix_i15.model,858.588,DEFINABLE
merge,/home/pventura/src/OpenDefAlgSplitting/benches/scale/corpus/full/cyclic_group_n64_k2_nondef_mix_i16.model,846.163,DEFINABLE
merge,/home/pventura/src/OpenDefAlgSplitting/benches/scale/corpus/full/cyclic_group_n64_k2_nondef_mix_i17.model,845.916,DEFINABLE
merge,/home/pventura/src/OpenDefAlgSplitting/benches/scale/corpus/full/cyclic_group_n64_k2_nondef_mix_i18.model,852.946,DEFINABLE
merge,/home/pventura/src/OpenDefAlgSplitting/benches/scale/corpus/full/cyclic_group_n64_k2_nondef_mix_i19.model,858.734,DEFINABLE
merge,/home/pventura/src/OpenDefAlgSplitting/benches/scale/corpus/full/cyclic_group_n64_k2_nondef_mix_i2.model,852.862,DEFINABLE
merge,/home/pventura/src/OpenDefAlgSplitting/benches/scale/corpus/full/cyclic_group_n64_k2_nondef_mix_i20.model,889.064,DEFINABLE
merge,/home/pventura/src/OpenDefAlgSplitting/benches/scale/corpus/full/cyclic_group_n64_k2_nondef_mix_i21.model,868.865,DEFINABLE
merge,/home/pventura/src/OpenDefAlgSplitting/benches/scale/corpus/full/cyclic_group_n64_k2_nondef_mix_i22.model,898.822,DEFINABLE
merge,/home/pventura/src/OpenDefAlgSplitting/benches/scale/corpus/full/cyclic_group_n64_k2_nondef_mix_i23.model,852.186,DEFINABLE
merge,/home/pventura/src/OpenDefAlgSplitting/benches/scale/corpus/full/cyclic_group_n64_k2_nondef_mix_i24.model,873.067,DEFINABLE
merge,/home/pventura/src/OpenDefAlgSplitting/benches/scale/corpus/full/cyclic_group_n64_k2_nondef_mix_i25.model,852.584,DEFINABLE
merge,/home/pventura/src/OpenDefAlgSplitting/benches/scale/corpus/full/cyclic_group_n64_k2_nondef_mix_i26.model,848.083,DEFINABLE
merge,/home/pventura/src/OpenDefAlgSplitting/benches/scale/corpus/full/cyclic_group_n64_k2_nondef_mix_i27.model,849.557,DEFINABLE
merge,/home/pventura/src/OpenDefAlgSplitting/benches/scale/corpus/full/cyclic_group_n64_k2_nondef_mix_i28.model,835.856,DEFINABLE
merge,/home/pventura/src/OpenDefAlgSplitting/benches/scale/corpus/full/cyclic_group_n64_k2_nondef_mix_i29.model,863.774,DEFINABLE
merge,/home/pventura/src/OpenDefAlgSplitting/benches/scale/corpus/full/cyclic_group_n64_k2_nondef_mix_i3.model,853.092,DEFINABLE
merge,/home/pventura/src/OpenDefAlgSplitting/benches/scale/corpus/full/cyclic_group_n64_k2_nondef_mix_i4.model,843.791,DEFINABLE
merge,/home/pventura/src/OpenDefAlgSplitting/benches/scale/corpus/full/cyclic_group_n64_k2_nondef_mix_i5.model,836.912,DEFINABLE
merge,/home/pventura/src/OpenDefAlgSplitting/benches/scale/corpus/full/cyclic_group_n64_k2_nondef_mix_i6.model,845.859,DEFINABLE
merge,/home/pventura/src/OpenDefAlgSplitting/benches/scale/corpus/full/cyclic_group_n64_k2_nondef_mix_i7.model,846.232,DEFINABLE
merge,/home/pventura/src/OpenDefAlgSplitting/benches/scale/corpus/full/cyclic_group_n64_k2_nondef_mix_i8.model,813.475,DEFINABLE
merge,/home/pventura/src/OpenDefAlgSplitting/benches/scale/corpus/full/cyclic_group_n64_k2_nondef_mix_i9.model,865.121,DEFINABLE
merge,/home/pventura/src/OpenDefAlgSplitting/benches/scale/corpus/full/cyclic_group_n8_k1_definable_eq_i0.model,0.150,DEFINABLE
merge,/home/pventura/src/OpenDefAlgSplitting/benches/scale/corpus/full/cyclic_group_n8_k1_definable_eq_i1.model,0.161,DEFINABLE
merge,/home/pventura/src/OpenDefAlgSplitting/benches/scale/corpus/full/cyclic_group_n8_k1_definable_eq_i10.model,0.129,DEFINABLE
merge,/home/pventura/src/OpenDefAlgSplitting/benches/scale/corpus/full/cyclic_group_n8_k1_definable_eq_i11.model,0.142,DEFINABLE
merge,/home/pventura/src/OpenDefAlgSplitting/benches/scale/corpus/full/cyclic_group_n8_k1_definable_eq_i12.model,0.175,DEFINABLE
merge,/home/pventura/src/OpenDefAlgSplitting/benches/scale/corpus/full/cyclic_group_n8_k1_definable_eq_i13.model,0.131,DEFINABLE
merge,/home/pventura/src/OpenDefAlgSplitting/benches/scale/corpus/full/cyclic_group_n8_k1_definable_eq_i14.model,0.129,DEFINABLE
merge,/home/pventura/src/OpenDefAlgSplitting/benches/scale/corpus/full/cyclic_group_n8_k1_definable_eq_i15.model,0.135,DEFINABLE
merge,/home/pventura/src/OpenDefAlgSplitting/benches/scale/corpus/full/cyclic_group_n8_k1_definable_eq_i16.model,0.135,DEFINABLE
merge,/home/pventura/src/OpenDefAlgSplitting/benches/scale/corpus/full/cyclic_group_n8_k1_definable_eq_i17.model,0.191,DEFINABLE
merge,/home/pventura/src/OpenDefAlgSplitting/benches/scale/corpus/full/cyclic_group_n8_k1_definable_eq_i18.model,0.131,DEFINABLE
merge,/home/pventura/src/OpenDefAlgSplitting/benches/scale/corpus/full/cyclic_group_n8_k1_definable_eq_i19.model,0.125,DEFINABLE
merge,/home/pventura/src/OpenDefAlgSplitting/benches/scale/corpus/full/cyclic_group_n8_k1_definable_eq_i2.model,0.133,DEFINABLE
merge,/home/pventura/src/OpenDefAlgSplitting/benches/scale/corpus/full/cyclic_group_n8_k1_definable_eq_i20.model,0.152,DEFINABLE
merge,/home/pventura/src/OpenDefAlgSplitting/benches/scale/corpus/full/cyclic_group_n8_k1_definable_eq_i21.model,0.129,DEFINABLE
merge,/home/pventura/src/OpenDefAlgSplitting/benches/scale/corpus/full/cyclic_group_n8_k1_definable_eq_i22.model,0.128,DEFINABLE
merge,/home/pventura/src/OpenDefAlgSplitting/benches/scale/corpus/full/cyclic_group_n8_k1_definable_eq_i23.model,0.141,DEFINABLE
merge,/home/pventura/src/OpenDefAlgSplitting/benches/scale/corpus/full/cyclic_group_n8_k1_definable_eq_i24.model,0.129,DEFINABLE
merge,/home/pventura/src/OpenDefAlgSplitting/benches/scale/corpus/full/cyclic_group_n8_k1_definable_eq_i25.model,0.127,DEFINABLE
merge,/home/pventura/src/OpenDefAlgSplitting/benches/scale/corpus/full/cyclic_group_n8_k1_definable_eq_i26.model,0.124,DEFINABLE
merge,/home/pventura/src/OpenDefAlgSplitting/benches/scale/corpus/full/cyclic_group_n8_k1_definable_eq_i27.model,0.135,DEFINABLE
merge,/home/pventura/src/OpenDefAlgSplitting/benches/scale/corpus/full/cyclic_group_n8_k1_definable_eq_i28.model,0.132,DEFINABLE
merge,/home/pventura/src/OpenDefAlgSplitting/benches/scale/corpus/full/cyclic_group_n8_k1_definable_eq_i29.model,0.131,DEFINABLE
merge,/home/pventura/src/OpenDefAlgSplitting/benches/scale/corpus/full/cyclic_group_n8_k1_definable_eq_i3.model,0.127,DEFINABLE
merge,/home/pventura/src/OpenDefAlgSplitting/benches/scale/corpus/full/cyclic_group_n8_k1_definable_eq_i4.model,0.133,DEFINABLE
merge,/home/pventura/src/OpenDefAlgSplitting/benches/scale/corpus/full/cyclic_group_n8_k1_definable_eq_i5.model,0.125,DEFINABLE
merge,/home/pventura/src/OpenDefAlgSplitting/benches/scale/corpus/full/cyclic_group_n8_k1_definable_eq_i6.model,0.133,DEFINABLE
merge,/home/pventura/src/OpenDefAlgSplitting/benches/scale/corpus/full/cyclic_group_n8_k1_definable_eq_i7.model,0.126,DEFINABLE
merge,/home/pventura/src/OpenDefAlgSplitting/benches/scale/corpus/full/cyclic_group_n8_k1_definable_eq_i8.model,0.148,DEFINABLE
merge,/home/pventura/src/OpenDefAlgSplitting/benches/scale/corpus/full/cyclic_group_n8_k1_definable_eq_i9.model,0.138,DEFINABLE
merge,/home/pventura/src/OpenDefAlgSplitting/benches/scale/corpus/full/cyclic_group_n8_k1_nondef_mix_i0.model,0.138,DEFINABLE
merge,/home/pventura/src/OpenDefAlgSplitting/benches/scale/corpus/full/cyclic_group_n8_k1_nondef_mix_i1.model,0.139,DEFINABLE
merge,/home/pventura/src/OpenDefAlgSplitting/benches/scale/corpus/full/cyclic_group_n8_k1_nondef_mix_i10.model,0.172,DEFINABLE
merge,/home/pventura/src/OpenDefAlgSplitting/benches/scale/corpus/full/cyclic_group_n8_k1_nondef_mix_i11.model,0.131,DEFINABLE
merge,/home/pventura/src/OpenDefAlgSplitting/benches/scale/corpus/full/cyclic_group_n8_k1_nondef_mix_i12.model,0.128,DEFINABLE
merge,/home/pventura/src/OpenDefAlgSplitting/benches/scale/corpus/full/cyclic_group_n8_k1_nondef_mix_i13.model,0.138,DEFINABLE
merge,/home/pventura/src/OpenDefAlgSplitting/benches/scale/corpus/full/cyclic_group_n8_k1_nondef_mix_i14.model,0.132,DEFINABLE
merge,/home/pventura/src/OpenDefAlgSplitting/benches/scale/corpus/full/cyclic_group_n8_k1_nondef_mix_i15.model,0.130,DEFINABLE
merge,/home/pventura/src/OpenDefAlgSplitting/benches/scale/corpus/full/cyclic_group_n8_k1_nondef_mix_i16.model,0.131,DEFINABLE
merge,/home/pventura/src/OpenDefAlgSplitting/benches/scale/corpus/full/cyclic_group_n8_k1_nondef_mix_i17.model,0.139,DEFINABLE
merge,/home/pventura/src/OpenDefAlgSplitting/benches/scale/corpus/full/cyclic_group_n8_k1_nondef_mix_i18.model,0.132,DEFINABLE
merge,/home/pventura/src/OpenDefAlgSplitting/benches/scale/corpus/full/cyclic_group_n8_k1_nondef_mix_i19.model,0.134,DEFINABLE
merge,/home/pventura/src/OpenDefAlgSplitting/benches/scale/corpus/full/cyclic_group_n8_k1_nondef_mix_i2.model,0.196,DEFINABLE
merge,/home/pventura/src/OpenDefAlgSplitting/benches/scale/corpus/full/cyclic_group_n8_k1_nondef_mix_i20.model,0.128,DEFINABLE
merge,/home/pventura/src/OpenDefAlgSplitting/benches/scale/corpus/full/cyclic_group_n8_k1_nondef_mix_i21.model,0.131,DEFINABLE
merge,/home/pventura/src/OpenDefAlgSplitting/benches/scale/corpus/full/cyclic_group_n8_k1_nondef_mix_i22.model,0.128,DEFINABLE
merge,/home/pventura/src/OpenDefAlgSplitting/benches/scale/corpus/full/cyclic_group_n8_k1_nondef_mix_i23.model,0.129,DEFINABLE
merge,/home/pventura/src/OpenDefAlgSplitting/benches/scale/corpus/full/cyclic_group_n8_k1_nondef_mix_i24.model,0.132,DEFINABLE
merge,/home/pventura/src/OpenDefAlgSplitting/benches/scale/corpus/full/cyclic_group_n8_k1_nondef_mix_i25.model,0.129,DEFINABLE
merge,/home/pventura/src/OpenDefAlgSplitting/benches/scale/corpus/full/cyclic_group_n8_k1_nondef_mix_i26.model,0.126,DEFINABLE
merge,/home/pventura/src/OpenDefAlgSplitting/benches/scale/corpus/full/cyclic_group_n8_k1_nondef_mix_i27.model,0.130,DEFINABLE
merge,/home/pventura/src/OpenDefAlgSplitting/benches/scale/corpus/full/cyclic_group_n8_k1_nondef_mix_i28.model,0.129,DEFINABLE
merge,/home/pventura/src/OpenDefAlgSplitting/benches/scale/corpus/full/cyclic_group_n8_k1_nondef_mix_i29.model,0.138,DEFINABLE
merge,/home/pventura/src/OpenDefAlgSplitting/benches/scale/corpus/full/cyclic_group_n8_k1_nondef_mix_i3.model,0.130,DEFINABLE
merge,/home/pventura/src/OpenDefAlgSplitting/benches/scale/corpus/full/cyclic_group_n8_k1_nondef_mix_i4.model,0.129,DEFINABLE
merge,/home/pventura/src/OpenDefAlgSplitting/benches/scale/corpus/full/cyclic_group_n8_k1_nondef_mix_i5.model,0.149,DEFINABLE
merge,/home/pventura/src/OpenDefAlgSplitting/benches/scale/corpus/full/cyclic_group_n8_k1_nondef_mix_i6.model,0.124,DEFINABLE
merge,/home/pventura/src/OpenDefAlgSplitting/benches/scale/corpus/full/cyclic_group_n8_k1_nondef_mix_i7.model,0.168,DEFINABLE
merge,/home/pventura/src/OpenDefAlgSplitting/benches/scale/corpus/full/cyclic_group_n8_k1_nondef_mix_i8.model,0.126,DEFINABLE
merge,/home/pventura/src/OpenDefAlgSplitting/benches/scale/corpus/full/cyclic_group_n8_k1_nondef_mix_i9.model,0.135,DEFINABLE
merge,/home/pventura/src/OpenDefAlgSplitting/benches/scale/corpus/full/cyclic_group_n8_k2_definable_eq_i0.model,1.801,DEFINABLE
merge,/home/pventura/src/OpenDefAlgSplitting/benches/scale/corpus/full/cyclic_group_n8_k2_definable_eq_i1.model,0.149,DEFINABLE
merge,/home/pventura/src/OpenDefAlgSplitting/benches/scale/corpus/full/cyclic_group_n8_k2_definable_eq_i10.model,0.135,DEFINABLE
merge,/home/pventura/src/OpenDefAlgSplitting/benches/scale/corpus/full/cyclic_group_n8_k2_definable_eq_i11.model,0.136,DEFINABLE
merge,/home/pventura/src/OpenDefAlgSplitting/benches/scale/corpus/full/cyclic_group_n8_k2_definable_eq_i12.model,0.135,DEFINABLE
merge,/home/pventura/src/OpenDefAlgSplitting/benches/scale/corpus/full/cyclic_group_n8_k2_definable_eq_i13.model,0.129,DEFINABLE
merge,/home/pventura/src/OpenDefAlgSplitting/benches/scale/corpus/full/cyclic_group_n8_k2_definable_eq_i14.model,0.130,DEFINABLE
merge,/home/pventura/src/OpenDefAlgSplitting/benches/scale/corpus/full/cyclic_group_n8_k2_definable_eq_i15.model,0.131,DEFINABLE
merge,/home/pventura/src/OpenDefAlgSplitting/benches/scale/corpus/full/cyclic_group_n8_k2_definable_eq_i16.model,0.128,DEFINABLE
merge,/home/pventura/src/OpenDefAlgSplitting/benches/scale/corpus/full/cyclic_group_n8_k2_definable_eq_i17.model,0.129,DEFINABLE
merge,/home/pventura/src/OpenDefAlgSplitting/benches/scale/corpus/full/cyclic_group_n8_k2_definable_eq_i18.model,0.130,DEFINABLE
merge,/home/pventura/src/OpenDefAlgSplitting/benches/scale/corpus/full/cyclic_group_n8_k2_definable_eq_i19.model,0.132,DEFINABLE
merge,/home/pventura/src/OpenDefAlgSplitting/benches/scale/corpus/full/cyclic_group_n8_k2_definable_eq_i2.model,0.157,DEFINABLE
merge,/home/pventura/src/OpenDefAlgSplitting/benches/scale/corpus/full/cyclic_group_n8_k2_definable_eq_i20.model,0.131,DEFINABLE
merge,/home/pventura/src/OpenDefAlgSplitting/benches/scale/corpus/full/cyclic_group_n8_k2_definable_eq_i21.model,0.135,DEFINABLE
merge,/home/pventura/src/OpenDefAlgSplitting/benches/scale/corpus/full/cyclic_group_n8_k2_definable_eq_i22.model,0.131,DEFINABLE
merge,/home/pventura/src/OpenDefAlgSplitting/benches/scale/corpus/full/cyclic_group_n8_k2_definable_eq_i23.model,0.131,DEFINABLE
merge,/home/pventura/src/OpenDefAlgSplitting/benches/scale/corpus/full/cyclic_group_n8_k2_definable_eq_i24.model,0.129,DEFINABLE
merge,/home/pventura/src/OpenDefAlgSplitting/benches/scale/corpus/full/cyclic_group_n8_k2_definable_eq_i25.model,0.145,DEFINABLE
merge,/home/pventura/src/OpenDefAlgSplitting/benches/scale/corpus/full/cyclic_group_n8_k2_definable_eq_i26.model,0.129,DEFINABLE
merge,/home/pventura/src/OpenDefAlgSplitting/benches/scale/corpus/full/cyclic_group_n8_k2_definable_eq_i27.model,0.136,DEFINABLE
merge,/home/pventura/src/OpenDefAlgSplitting/benches/scale/corpus/full/cyclic_group_n8_k2_definable_eq_i28.model,0.135,DEFINABLE
merge,/home/pventura/src/OpenDefAlgSplitting/benches/scale/corpus/full/cyclic_group_n8_k2_definable_eq_i29.model,0.138,DEFINABLE
merge,/home/pventura/src/OpenDefAlgSplitting/benches/scale/corpus/full/cyclic_group_n8_k2_definable_eq_i3.model,0.133,DEFINABLE
merge,/home/pventura/src/OpenDefAlgSplitting/benches/scale/corpus/full/cyclic_group_n8_k2_definable_eq_i4.model,0.126,DEFINABLE
merge,/home/pventura/src/OpenDefAlgSplitting/benches/scale/corpus/full/cyclic_group_n8_k2_definable_eq_i5.model,0.162,DEFINABLE
merge,/home/pventura/src/OpenDefAlgSplitting/benches/scale/corpus/full/cyclic_group_n8_k2_definable_eq_i6.model,0.136,DEFINABLE
merge,/home/pventura/src/OpenDefAlgSplitting/benches/scale/corpus/full/cyclic_group_n8_k2_definable_eq_i7.model,0.129,DEFINABLE
merge,/home/pventura/src/OpenDefAlgSplitting/benches/scale/corpus/full/cyclic_group_n8_k2_definable_eq_i8.model,0.128,DEFINABLE
merge,/home/pventura/src/OpenDefAlgSplitting/benches/scale/corpus/full/cyclic_group_n8_k2_definable_eq_i9.model,0.130,DEFINABLE
merge,/home/pventura/src/OpenDefAlgSplitting/benches/scale/corpus/full/cyclic_group_n8_k2_nondef_mix_i0.model,0.567,DEFINABLE
merge,/home/pventura/src/OpenDefAlgSplitting/benches/scale/corpus/full/cyclic_group_n8_k2_nondef_mix_i1.model,0.577,DEFINABLE
merge,/home/pventura/src/OpenDefAlgSplitting/benches/scale/corpus/full/cyclic_group_n8_k2_nondef_mix_i10.model,0.683,DEFINABLE
merge,/home/pventura/src/OpenDefAlgSplitting/benches/scale/corpus/full/cyclic_group_n8_k2_nondef_mix_i11.model,0.566,DEFINABLE
merge,/home/pventura/src/OpenDefAlgSplitting/benches/scale/corpus/full/cyclic_group_n8_k2_nondef_mix_i12.model,0.587,DEFINABLE
merge,/home/pventura/src/OpenDefAlgSplitting/benches/scale/corpus/full/cyclic_group_n8_k2_nondef_mix_i13.model,0.572,DEFINABLE
merge,/home/pventura/src/OpenDefAlgSplitting/benches/scale/corpus/full/cyclic_group_n8_k2_nondef_mix_i14.model,0.568,DEFINABLE
merge,/home/pventura/src/OpenDefAlgSplitting/benches/scale/corpus/full/cyclic_group_n8_k2_nondef_mix_i15.model,0.569,DEFINABLE
merge,/home/pventura/src/OpenDefAlgSplitting/benches/scale/corpus/full/cyclic_group_n8_k2_nondef_mix_i16.model,0.581,DEFINABLE
merge,/home/pventura/src/OpenDefAlgSplitting/benches/scale/corpus/full/cyclic_group_n8_k2_nondef_mix_i17.model,0.560,DEFINABLE
merge,/home/pventura/src/OpenDefAlgSplitting/benches/scale/corpus/full/cyclic_group_n8_k2_nondef_mix_i18.model,0.573,DEFINABLE
merge,/home/pventura/src/OpenDefAlgSplitting/benches/scale/corpus/full/cyclic_group_n8_k2_nondef_mix_i19.model,0.564,DEFINABLE
merge,/home/pventura/src/OpenDefAlgSplitting/benches/scale/corpus/full/cyclic_group_n8_k2_nondef_mix_i2.model,0.600,DEFINABLE
merge,/home/pventura/src/OpenDefAlgSplitting/benches/scale/corpus/full/cyclic_group_n8_k2_nondef_mix_i20.model,0.573,DEFINABLE
merge,/home/pventura/src/OpenDefAlgSplitting/benches/scale/corpus/full/cyclic_group_n8_k2_nondef_mix_i21.model,0.573,DEFINABLE
merge,/home/pventura/src/OpenDefAlgSplitting/benches/scale/corpus/full/cyclic_group_n8_k2_nondef_mix_i22.model,0.552,DEFINABLE
merge,/home/pventura/src/OpenDefAlgSplitting/benches/scale/corpus/full/cyclic_group_n8_k2_nondef_mix_i23.model,0.570,DEFINABLE
merge,/home/pventura/src/OpenDefAlgSplitting/benches/scale/corpus/full/cyclic_group_n8_k2_nondef_mix_i24.model,0.569,DEFINABLE
merge,/home/pventura/src/OpenDefAlgSplitting/benches/scale/corpus/full/cyclic_group_n8_k2_nondef_mix_i25.model,0.571,DEFINABLE
merge,/home/pventura/src/OpenDefAlgSplitting/benches/scale/corpus/full/cyclic_group_n8_k2_nondef_mix_i26.model,0.630,DEFINABLE
merge,/home/pventura/src/OpenDefAlgSplitting/benches/scale/corpus/full/cyclic_group_n8_k2_nondef_mix_i27.model,0.583,DEFINABLE
merge,/home/pventura/src/OpenDefAlgSplitting/benches/scale/corpus/full/cyclic_group_n8_k2_nondef_mix_i28.model,0.573,DEFINABLE
merge,/home/pventura/src/OpenDefAlgSplitting/benches/scale/corpus/full/cyclic_group_n8_k2_nondef_mix_i29.model,0.584,DEFINABLE
merge,/home/pventura/src/OpenDefAlgSplitting/benches/scale/corpus/full/cyclic_group_n8_k2_nondef_mix_i3.model,0.561,DEFINABLE
merge,/home/pventura/src/OpenDefAlgSplitting/benches/scale/corpus/full/cyclic_group_n8_k2_nondef_mix_i4.model,0.656,DEFINABLE
merge,/home/pventura/src/OpenDefAlgSplitting/benches/scale/corpus/full/cyclic_group_n8_k2_nondef_mix_i5.model,0.565,DEFINABLE
merge,/home/pventura/src/OpenDefAlgSplitting/benches/scale/corpus/full/cyclic_group_n8_k2_nondef_mix_i6.model,0.576,DEFINABLE
merge,/home/pventura/src/OpenDefAlgSplitting/benches/scale/corpus/full/cyclic_group_n8_k2_nondef_mix_i7.model,0.563,DEFINABLE
merge,/home/pventura/src/OpenDefAlgSplitting/benches/scale/corpus/full/cyclic_group_n8_k2_nondef_mix_i8.model,0.585,DEFINABLE
merge,/home/pventura/src/OpenDefAlgSplitting/benches/scale/corpus/full/cyclic_group_n8_k2_nondef_mix_i9.model,0.569,DEFINABLE
merge,/home/pventura/src/OpenDefAlgSplitting/benches/scale/corpus/full/random_magma_n128_k1_definable_eq_i0.model,649.566,DEFINABLE
merge,/home/pventura/src/OpenDefAlgSplitting/benches/scale/corpus/full/random_magma_n128_k1_definable_eq_i1.model,680.947,DEFINABLE
merge,/home/pventura/src/OpenDefAlgSplitting/benches/scale/corpus/full/random_magma_n128_k1_definable_eq_i10.model,656.498,DEFINABLE
merge,/home/pventura/src/OpenDefAlgSplitting/benches/scale/corpus/full/random_magma_n128_k1_definable_eq_i11.model,665.825,DEFINABLE
merge,/home/pventura/src/OpenDefAlgSplitting/benches/scale/corpus/full/random_magma_n128_k1_definable_eq_i12.model,636.441,DEFINABLE
merge,/home/pventura/src/OpenDefAlgSplitting/benches/scale/corpus/full/random_magma_n128_k1_definable_eq_i13.model,630.293,DEFINABLE
merge,/home/pventura/src/OpenDefAlgSplitting/benches/scale/corpus/full/random_magma_n128_k1_definable_eq_i14.model,660.663,DEFINABLE
merge,/home/pventura/src/OpenDefAlgSplitting/benches/scale/corpus/full/random_magma_n128_k1_definable_eq_i15.model,664.364,DEFINABLE
merge,/home/pventura/src/OpenDefAlgSplitting/benches/scale/corpus/full/random_magma_n128_k1_definable_eq_i16.model,656.024,DEFINABLE
merge,/home/pventura/src/OpenDefAlgSplitting/benches/scale/corpus/full/random_magma_n128_k1_definable_eq_i17.model,637.416,DEFINABLE
merge,/home/pventura/src/OpenDefAlgSplitting/benches/scale/corpus/full/random_magma_n128_k1_definable_eq_i18.model,687.178,DEFINABLE
merge,/home/pventura/src/OpenDefAlgSplitting/benches/scale/corpus/full/random_magma_n128_k1_definable_eq_i19.model,698.426,DEFINABLE
merge,/home/pventura/src/OpenDefAlgSplitting/benches/scale/corpus/full/random_magma_n128_k1_definable_eq_i2.model,646.311,DEFINABLE
merge,/home/pventura/src/OpenDefAlgSplitting/benches/scale/corpus/full/random_magma_n128_k1_definable_eq_i20.model,666.601,DEFINABLE
merge,/home/pventura/src/OpenDefAlgSplitting/benches/scale/corpus/full/random_magma_n128_k1_definable_eq_i21.model,647.376,DEFINABLE
merge,/home/pventura/src/OpenDefAlgSplitting/benches/scale/corpus/full/random_magma_n128_k1_definable_eq_i22.model,657.627,DEFINABLE
merge,/home/pventura/src/OpenDefAlgSplitting/benches/scale/corpus/full/random_magma_n128_k1_definable_eq_i23.model,652.169,DEFINABLE
merge,/home/pventura/src/OpenDefAlgSplitting/benches/scale/corpus/full/random_magma_n128_k1_definable_eq_i24.model,650.636,DEFINABLE
merge,/home/pventura/src/OpenDefAlgSplitting/benches/scale/corpus/full/random_magma_n128_k1_definable_eq_i25.model,693.253,DEFINABLE
merge,/home/pventura/src/OpenDefAlgSplitting/benches/scale/corpus/full/random_magma_n128_k1_definable_eq_i26.model,658.235,DEFINABLE
merge,/home/pventura/src/OpenDefAlgSplitting/benches/scale/corpus/full/random_magma_n128_k1_definable_eq_i27.model,657.336,DEFINABLE
merge,/home/pventura/src/OpenDefAlgSplitting/benches/scale/corpus/full/random_magma_n128_k1_definable_eq_i28.model,656.577,DEFINABLE
merge,/home/pventura/src/OpenDefAlgSplitting/benches/scale/corpus/full/random_magma_n128_k1_definable_eq_i29.model,653.283,DEFINABLE
merge,/home/pventura/src/OpenDefAlgSplitting/benches/scale/corpus/full/random_magma_n128_k1_definable_eq_i3.model,639.561,DEFINABLE
merge,/home/pventura/src/OpenDefAlgSplitting/benches/scale/corpus/full/random_magma_n128_k1_definable_eq_i4.model,645.964,DEFINABLE
merge,/home/pventura/src/OpenDefAlgSplitting/benches/scale/corpus/full/random_magma_n128_k1_definable_eq_i5.model,657.040,DEFINABLE
merge,/home/pventura/src/OpenDefAlgSplitting/benches/scale/corpus/full/random_magma_n128_k1_definable_eq_i6.model,658.570,DEFINABLE
merge,/home/pventura/src/OpenDefAlgSplitting/benches/scale/corpus/full/random_magma_n128_k1_definable_eq_i7.model,648.443,DEFINABLE
merge,/home/pventura/src/OpenDefAlgSplitting/benches/scale/corpus/full/random_magma_n128_k1_definable_eq_i8.model,638.624,DEFINABLE
merge,/home/pventura/src/OpenDefAlgSplitting/benches/scale/corpus/full/random_magma_n128_k1_definable_eq_i9.model,659.828,DEFINABLE
merge,/home/pventura/src/OpenDefAlgSplitting/benches/scale/corpus/full/random_magma_n128_k1_nondef_mix_i0.model,647.799,DEFINABLE
merge,/home/pventura/src/OpenDefAlgSplitting/benches/scale/corpus/full/random_magma_n128_k1_nondef_mix_i1.model,650.041,DEFINABLE
merge,/home/pventura/src/OpenDefAlgSplitting/benches/scale/corpus/full/random_magma_n128_k1_nondef_mix_i10.model,673.860,DEFINABLE
merge,/home/pventura/src/OpenDefAlgSplitting/benches/scale/corpus/full/random_magma_n128_k1_nondef_mix_i11.model,648.308,DEFINABLE
merge,/home/pventura/src/OpenDefAlgSplitting/benches/scale/corpus/full/random_magma_n128_k1_nondef_mix_i12.model,657.431,DEFINABLE
merge,/home/pventura/src/OpenDefAlgSplitting/benches/scale/corpus/full/random_magma_n128_k1_nondef_mix_i13.model,695.301,DEFINABLE
merge,/home/pventura/src/OpenDefAlgSplitting/benches/scale/corpus/full/random_magma_n128_k1_nondef_mix_i14.model,647.916,DEFINABLE
merge,/home/pventura/src/OpenDefAlgSplitting/benches/scale/corpus/full/random_magma_n128_k1_nondef_mix_i15.model,656.256,DEFINABLE
merge,/home/pventura/src/OpenDefAlgSplitting/benches/scale/corpus/full/random_magma_n128_k1_nondef_mix_i16.model,694.310,DEFINABLE
merge,/home/pventura/src/OpenDefAlgSplitting/benches/scale/corpus/full/random_magma_n128_k1_nondef_mix_i17.model,660.320,DEFINABLE
merge,/home/pventura/src/OpenDefAlgSplitting/benches/scale/corpus/full/random_magma_n128_k1_nondef_mix_i18.model,701.808,DEFINABLE
merge,/home/pventura/src/OpenDefAlgSplitting/benches/scale/corpus/full/random_magma_n128_k1_nondef_mix_i19.model,698.269,DEFINABLE
merge,/home/pventura/src/OpenDefAlgSplitting/benches/scale/corpus/full/random_magma_n128_k1_nondef_mix_i2.model,690.951,DEFINABLE
merge,/home/pventura/src/OpenDefAlgSplitting/benches/scale/corpus/full/random_magma_n128_k1_nondef_mix_i20.model,519.107,NOT_DEFINABLE
merge,/home/pventura/src/OpenDefAlgSplitting/benches/scale/corpus/full/random_magma_n128_k1_nondef_mix_i21.model,655.003,DEFINABLE
merge,/home/pventura/src/OpenDefAlgSplitting/benches/scale/corpus/full/random_magma_n128_k1_nondef_mix_i22.model,656.749,DEFINABLE
merge,/home/pventura/src/OpenDefAlgSplitting/benches/scale/corpus/full/random_magma_n128_k1_nondef_mix_i23.model,686.790,DEFINABLE
merge,/home/pventura/src/OpenDefAlgSplitting/benches/scale/corpus/full/random_magma_n128_k1_nondef_mix_i24.model,670.145,DEFINABLE
merge,/home/pventura/src/OpenDefAlgSplitting/benches/scale/corpus/full/random_magma_n128_k1_nondef_mix_i25.model,655.601,DEFINABLE
merge,/home/pventura/src/OpenDefAlgSplitting/benches/scale/corpus/full/random_magma_n128_k1_nondef_mix_i26.model,659.251,DEFINABLE
merge,/home/pventura/src/OpenDefAlgSplitting/benches/scale/corpus/full/random_magma_n128_k1_nondef_mix_i27.model,560.100,NOT_DEFINABLE
merge,/home/pventura/src/OpenDefAlgSplitting/benches/scale/corpus/full/random_magma_n128_k1_nondef_mix_i28.model,661.266,DEFINABLE
merge,/home/pventura/src/OpenDefAlgSplitting/benches/scale/corpus/full/random_magma_n128_k1_nondef_mix_i29.model,709.347,DEFINABLE
merge,/home/pventura/src/OpenDefAlgSplitting/benches/scale/corpus/full/random_magma_n128_k1_nondef_mix_i3.model,688.993,DEFINABLE
merge,/home/pventura/src/OpenDefAlgSplitting/benches/scale/corpus/full/random_magma_n128_k1_nondef_mix_i4.model,195.000,NOT_DEFINABLE
merge,/home/pventura/src/OpenDefAlgSplitting/benches/scale/corpus/full/random_magma_n128_k1_nondef_mix_i5.model,600.119,NOT_DEFINABLE
merge,/home/pventura/src/OpenDefAlgSplitting/benches/scale/corpus/full/random_magma_n128_k1_nondef_mix_i6.model,648.646,DEFINABLE
merge,/home/pventura/src/OpenDefAlgSplitting/benches/scale/corpus/full/random_magma_n128_k1_nondef_mix_i7.model,659.195,DEFINABLE
merge,/home/pventura/src/OpenDefAlgSplitting/benches/scale/corpus/full/random_magma_n128_k1_nondef_mix_i8.model,657.161,DEFINABLE
merge,/home/pventura/src/OpenDefAlgSplitting/benches/scale/corpus/full/random_magma_n128_k1_nondef_mix_i9.model,657.354,DEFINABLE
merge,/home/pventura/src/OpenDefAlgSplitting/benches/scale/corpus/full/random_magma_n128_k1_random_half_i0.model,576.142,NOT_DEFINABLE
merge,/home/pventura/src/OpenDefAlgSplitting/benches/scale/corpus/full/random_magma_n128_k1_random_half_i1.model,666.964,NOT_DEFINABLE
merge,/home/pventura/src/OpenDefAlgSplitting/benches/scale/corpus/full/random_magma_n128_k1_random_half_i10.model,344.111,NOT_DEFINABLE
merge,/home/pventura/src/OpenDefAlgSplitting/benches/scale/corpus/full/random_magma_n128_k1_random_half_i11.model,690.269,DEFINABLE
merge,/home/pventura/src/OpenDefAlgSplitting/benches/scale/corpus/full/random_magma_n128_k1_random_half_i12.model,442.182,NOT_DEFINABLE
merge,/home/pventura/src/OpenDefAlgSplitting/benches/scale/corpus/full/random_magma_n128_k1_random_half_i13.model,692.199,DEFINABLE
merge,/home/pventura/src/OpenDefAlgSplitting/benches/scale/corpus/full/random_magma_n128_k1_random_half_i14.model,675.726,DEFINABLE
merge,/home/pventura/src/OpenDefAlgSplitting/benches/scale/corpus/full/random_magma_n128_k1_random_half_i15.model,427.104,NOT_DEFINABLE
merge,/home/pventura/src/OpenDefAlgSplitting/benches/scale/corpus/full/random_magma_n128_k1_random_half_i16.model,549.122,NOT_DEFINABLE
merge,/home/pventura/src/OpenDefAlgSplitting/benches/scale/corpus/full/random_magma_n128_k1_random_half_i17.model,651.937,DEFINABLE
merge,/home/pventura/src/OpenDefAlgSplitting/benches/scale/corpus/full/random_magma_n128_k1_random_half_i18.model,658.368,DEFINABLE
merge,/home/pventura/src/OpenDefAlgSplitting/benches/scale/corpus/full/random_magma_n128_k1_random_half_i19.model,657.862,DEFINABLE
merge,/home/pventura/src/OpenDefAlgSplitting/benches/scale/corpus/full/random_magma_n128_k1_random_half_i2.model,686.616,DEFINABLE
merge,/home/pventura/src/OpenDefAlgSplitting/benches/scale/corpus/full/random_magma_n128_k1_random_half_i20.model,661.186,DEFINABLE
merge,/home/pventura/src/OpenDefAlgSplitting/benches/scale/corpus/full/random_magma_n128_k1_random_half_i21.model,670.703,DEFINABLE
merge,/home/pventura/src/OpenDefAlgSplitting/benches/scale/corpus/full/random_magma_n128_k1_random_half_i22.model,569.156,NOT_DEFINABLE
merge,/home/pventura/src/OpenDefAlgSplitting/benches/scale/corpus/full/random_magma_n128_k1_random_half_i23.model,658.776,DEFINABLE
merge,/home/pventura/src/OpenDefAlgSplitting/benches/scale/corpus/full/random_magma_n128_k1_random_half_i24.model,649.038,NOT_DEFINABLE
merge,/home/pventura/src/OpenDefAlgSplitting/benches/scale/corpus/full/random_magma_n128_k1_random_half_i25.model,656.985,DEFINABLE
merge,/home/pventura/src/OpenDefAlgSplitting/benches/scale/corpus/full/random_magma_n128_k1_random_half_i26.model,682.223,DEFINABLE
merge,/home/pventura/src/OpenDefAlgSplitting/benches/scale/corpus/full/random_magma_n128_k1_random_half_i27.model,676.823,DEFINABLE
merge,/home/pventura/src/OpenDefAlgSplitting/benches/scale/corpus/full/random_magma_n128_k1_random_half_i28.model,695.810,DEFINABLE
merge,/home/pventura/src/OpenDefAlgSplitting/benches/scale/corpus/full/random_magma_n128_k1_random_half_i29.model,655.142,DEFINABLE
merge,/home/pventura/src/OpenDefAlgSplitting/benches/scale/corpus/full/random_magma_n128_k1_random_half_i3.model,670.709,DEFINABLE
merge,/home/pventura/src/OpenDefAlgSplitting/benches/scale/corpus/full/random_magma_n128_k1_random_half_i4.model,632.381,DEFINABLE
merge,/home/pventura/src/OpenDefAlgSplitting/benches/scale/corpus/full/random_magma_n128_k1_random_half_i5.model,655.462,DEFINABLE
merge,/home/pventura/src/OpenDefAlgSplitting/benches/scale/corpus/full/random_magma_n128_k1_random_half_i6.model,701.586,DEFINABLE
merge,/home/pventura/src/OpenDefAlgSplitting/benches/scale/corpus/full/random_magma_n128_k1_random_half_i7.model,710.178,DEFINABLE
merge,/home/pventura/src/OpenDefAlgSplitting/benches/scale/corpus/full/random_magma_n128_k1_random_half_i8.model,647.782,DEFINABLE
merge,/home/pventura/src/OpenDefAlgSplitting/benches/scale/corpus/full/random_magma_n128_k1_random_half_i9.model,657.807,DEFINABLE
merge,/home/pventura/src/OpenDefAlgSplitting/benches/scale/corpus/full/random_magma_n128_k2_definable_eq_i0.model,652.829,DEFINABLE
merge,/home/pventura/src/OpenDefAlgSplitting/benches/scale/corpus/full/random_magma_n128_k2_definable_eq_i1.model,655.054,DEFINABLE
merge,/home/pventura/src/OpenDefAlgSplitting/benches/scale/corpus/full/random_magma_n128_k2_definable_eq_i10.model,640.823,DEFINABLE
merge,/home/pventura/src/OpenDefAlgSplitting/benches/scale/corpus/full/random_magma_n128_k2_definable_eq_i11.model,652.633,DEFINABLE
merge,/home/pventura/src/OpenDefAlgSplitting/benches/scale/corpus/full/random_magma_n128_k2_definable_eq_i12.model,691.774,DEFINABLE
merge,/home/pventura/src/OpenDefAlgSplitting/benches/scale/corpus/full/random_magma_n128_k2_definable_eq_i13.model,653.893,DEFINABLE
merge,/home/pventura/src/OpenDefAlgSplitting/benches/scale/corpus/full/random_magma_n128_k2_definable_eq_i14.model,665.413,DEFINABLE
merge,/home/pventura/src/OpenDefAlgSplitting/benches/scale/corpus/full/random_magma_n128_k2_definable_eq_i15.model,687.063,DEFINABLE
merge,/home/pventura/src/OpenDefAlgSplitting/benches/scale/corpus/full/random_magma_n128_k2_definable_eq_i16.model,674.986,DEFINABLE
merge,/home/pventura/src/OpenDefAlgSplitting/benches/scale/corpus/full/random_magma_n128_k2_definable_eq_i17.model,654.653,DEFINABLE
merge,/home/pventura/src/OpenDefAlgSplitting/benches/scale/corpus/full/random_magma_n128_k2_definable_eq_i18.model,662.614,DEFINABLE
merge,/home/pventura/src/OpenDefAlgSplitting/benches/scale/corpus/full/random_magma_n128_k2_definable_eq_i19.model,693.262,DEFINABLE
merge,/home/pventura/src/OpenDefAlgSplitting/benches/scale/corpus/full/random_magma_n128_k2_definable_eq_i2.model,648.682,DEFINABLE
merge,/home/pventura/src/OpenDefAlgSplitting/benches/scale/corpus/full/random_magma_n128_k2_definable_eq_i20.model,669.921,DEFINABLE
merge,/home/pventura/src/OpenDefAlgSplitting/benches/scale/corpus/full/random_magma_n128_k2_definable_eq_i21.model,691.089,DEFINABLE
merge,/home/pventura/src/OpenDefAlgSplitting/benches/scale/corpus/full/random_magma_n128_k2_definable_eq_i22.model,652.438,DEFINABLE
merge,/home/pventura/src/OpenDefAlgSplitting/benches/scale/corpus/full/random_magma_n128_k2_definable_eq_i23.model,653.195,DEFINABLE
merge,/home/pventura/src/OpenDefAlgSplitting/benches/scale/corpus/full/random_magma_n128_k2_definable_eq_i24.model,650.420,DEFINABLE
merge,/home/pventura/src/OpenDefAlgSplitting/benches/scale/corpus/full/random_magma_n128_k2_definable_eq_i25.model,652.871,DEFINABLE
merge,/home/pventura/src/OpenDefAlgSplitting/benches/scale/corpus/full/random_magma_n128_k2_definable_eq_i26.model,661.849,DEFINABLE
merge,/home/pventura/src/OpenDefAlgSplitting/benches/scale/corpus/full/random_magma_n128_k2_definable_eq_i27.model,699.455,DEFINABLE
merge,/home/pventura/src/OpenDefAlgSplitting/benches/scale/corpus/full/random_magma_n128_k2_definable_eq_i28.model,650.169,DEFINABLE
merge,/home/pventura/src/OpenDefAlgSplitting/benches/scale/corpus/full/random_magma_n128_k2_definable_eq_i29.model,647.625,DEFINABLE
merge,/home/pventura/src/OpenDefAlgSplitting/benches/scale/corpus/full/random_magma_n128_k2_definable_eq_i3.model,655.915,DEFINABLE
merge,/home/pventura/src/OpenDefAlgSplitting/benches/scale/corpus/full/random_magma_n128_k2_definable_eq_i4.model,681.635,DEFINABLE
merge,/home/pventura/src/OpenDefAlgSplitting/benches/scale/corpus/full/random_magma_n128_k2_definable_eq_i5.model,655.919,DEFINABLE
merge,/home/pventura/src/OpenDefAlgSplitting/benches/scale/corpus/full/random_magma_n128_k2_definable_eq_i6.model,689.872,DEFINABLE
merge,/home/pventura/src/OpenDefAlgSplitting/benches/scale/corpus/full/random_magma_n128_k2_definable_eq_i7.model,667.180,DEFINABLE
merge,/home/pventura/src/OpenDefAlgSplitting/benches/scale/corpus/full/random_magma_n128_k2_definable_eq_i8.model,652.400,DEFINABLE
merge,/home/pventura/src/OpenDefAlgSplitting/benches/scale/corpus/full/random_magma_n128_k2_definable_eq_i9.model,651.895,DEFINABLE
merge,/home/pventura/src/OpenDefAlgSplitting/benches/scale/corpus/full/random_magma_n128_k2_nondef_mix_i0.model,175605.358,DEFINABLE
merge,/home/pventura/src/OpenDefAlgSplitting/benches/scale/corpus/full/random_magma_n128_k2_nondef_mix_i1.model,185540.773,NOT_DEFINABLE
merge,/home/pventura/src/OpenDefAlgSplitting/benches/scale/corpus/full/random_magma_n128_k2_nondef_mix_i10.model,183249.957,DEFINABLE
merge,/home/pventura/src/OpenDefAlgSplitting/benches/scale/corpus/full/random_magma_n128_k2_nondef_mix_i11.model,175414.652,DEFINABLE
merge,/home/pventura/src/OpenDefAlgSplitting/benches/scale/corpus/full/random_magma_n128_k2_nondef_mix_i12.model,183527.214,DEFINABLE
merge,/home/pventura/src/OpenDefAlgSplitting/benches/scale/corpus/full/random_magma_n128_k2_nondef_mix_i13.model,179268.763,DEFINABLE
merge,/home/pventura/src/OpenDefAlgSplitting/benches/scale/corpus/full/random_magma_n128_k2_nondef_mix_i14.model,187153.526,DEFINABLE
merge,/home/pventura/src/OpenDefAlgSplitting/benches/scale/corpus/full/random_magma_n128_k2_nondef_mix_i15.model,186270.490,DEFINABLE
merge,/home/pventura/src/OpenDefAlgSplitting/benches/scale/corpus/full/random_magma_n128_k2_nondef_mix_i16.model,185962.921,NOT_DEFINABLE
merge,/home/pventura/src/OpenDefAlgSplitting/benches/scale/corpus/full/random_magma_n128_k2_nondef_mix_i17.model,181269.728,DEFINABLE
merge,/home/pventura/src/OpenDefAlgSplitting/benches/scale/corpus/full/random_magma_n128_k2_nondef_mix_i18.model,183288.575,DEFINABLE
merge,/home/pventura/src/OpenDefAlgSplitting/benches/scale/corpus/full/random_magma_n128_k2_nondef_mix_i19.model,184050.744,DEFINABLE
merge,/home/pventura/src/OpenDefAlgSplitting/benches/scale/corpus/full/random_magma_n128_k2_nondef_mix_i2.model,179641.007,DEFINABLE
merge,/home/pventura/src/OpenDefAlgSplitting/benches/scale/corpus/full/random_magma_n128_k2_nondef_mix_i20.model,180099.237,NOT_DEFINABLE
merge,/home/pventura/src/OpenDefAlgSplitting/benches/scale/corpus/full/random_magma_n128_k2_nondef_mix_i21.model,180527.207,DEFINABLE
merge,/home/pventura/src/OpenDefAlgSplitting/benches/scale/corpus/full/random_magma_n128_k2_nondef_mix_i22.model,182320.726,DEFINABLE
merge,/home/pventura/src/OpenDefAlgSplitting/benches/scale/corpus/full/random_magma_n128_k2_nondef_mix_i23.model,173583.269,DEFINABLE
merge,/home/pventura/src/OpenDefAlgSplitting/benches/scale/corpus/full/random_magma_n128_k2_nondef_mix_i24.model,170374.825,DEFINABLE
merge,/home/pventura/src/OpenDefAlgSplitting/benches/scale/corpus/full/random_magma_n128_k2_nondef_mix_i25.model,177708.272,DEFINABLE
merge,/home/pventura/src/OpenDefAlgSplitting/benches/scale/corpus/full/random_magma_n128_k2_nondef_mix_i26.model,181251.880,DEFINABLE
merge,/home/pventura/src/OpenDefAlgSplitting/benches/scale/corpus/full/random_magma_n128_k2_nondef_mix_i27.model,185541.476,DEFINABLE
merge,/home/pventura/src/OpenDefAlgSplitting/benches/scale/corpus/full/random_magma_n128_k2_nondef_mix_i28.model,172795.806,DEFINABLE
merge,/home/pventura/src/OpenDefAlgSplitting/benches/scale/corpus/full/random_magma_n128_k2_nondef_mix_i29.model,181035.572,DEFINABLE
merge,/home/pventura/src/OpenDefAlgSplitting/benches/scale/corpus/full/random_magma_n128_k2_nondef_mix_i3.model,181409.238,DEFINABLE
merge,/home/pventura/src/OpenDefAlgSplitting/benches/scale/corpus/full/random_magma_n128_k2_nondef_mix_i4.model,178426.897,NOT_DEFINABLE
merge,/home/pventura/src/OpenDefAlgSplitting/benches/scale/corpus/full/random_magma_n128_k2_nondef_mix_i5.model,180612.850,DEFINABLE
merge,/home/pventura/src/OpenDefAlgSplitting/benches/scale/corpus/full/random_magma_n128_k2_nondef_mix_i6.model,188155.283,DEFINABLE
merge,/home/pventura/src/OpenDefAlgSplitting/benches/scale/corpus/full/random_magma_n128_k2_nondef_mix_i7.model,181089.709,DEFINABLE
merge,/home/pventura/src/OpenDefAlgSplitting/benches/scale/corpus/full/random_magma_n128_k2_nondef_mix_i8.model,171287.555,DEFINABLE
merge,/home/pventura/src/OpenDefAlgSplitting/benches/scale/corpus/full/random_magma_n128_k2_nondef_mix_i9.model,180766.742,DEFINABLE
merge,/home/pventura/src/OpenDefAlgSplitting/benches/scale/corpus/full/random_magma_n128_k2_random_half_i0.model,179227.788,DEFINABLE
merge,/home/pventura/src/OpenDefAlgSplitting/benches/scale/corpus/full/random_magma_n128_k2_random_half_i1.model,179190.585,DEFINABLE
merge,/home/pventura/src/OpenDefAlgSplitting/benches/scale/corpus/full/random_magma_n128_k2_random_half_i10.model,188886.261,DEFINABLE
merge,/home/pventura/src/OpenDefAlgSplitting/benches/scale/corpus/full/random_magma_n128_k2_random_half_i11.model,180940.409,DEFINABLE
merge,/home/pventura/src/OpenDefAlgSplitting/benches/scale/corpus/full/random_magma_n128_k2_random_half_i12.model,168730.414,DEFINABLE
merge,/home/pventura/src/OpenDefAlgSplitting/benches/scale/corpus/full/random_magma_n128_k2_random_half_i13.model,176984.716,DEFINABLE
merge,/home/pventura/src/OpenDefAlgSplitting/benches/scale/corpus/full/random_magma_n128_k2_random_half_i14.model,182291.427,NOT_DEFINABLE
merge,/home/pventura/src/OpenDefAlgSplitting/benches/scale/corpus/full/random_magma_n128_k2_random_half_i15.model,182752.868,NOT_DEFINABLE
merge,/home/pventura/src/OpenDefAlgSplitting/benches/scale/corpus/full/random_magma_n128_k2_random_half_i16.model,172684.388,DEFINABLE
merge,/home/pventura/src/OpenDefAlgSplitting/benches/scale/corpus/full/random_magma_n128_k2_random_half_i17.model,173242.104,DEFINABLE
merge,/home/pventura/src/OpenDefAlgSplitting/benches/scale/corpus/full/random_magma_n128_k2_random_half_i18.model,180040.942,DEFINABLE
merge,/home/pventura/src/OpenDefAlgSplitting/benches/scale/corpus/full/random_magma_n128_k2_random_half_i19.model,175431.209,DEFINABLE
merge,/home/pventura/src/OpenDefAlgSplitting/benches/scale/corpus/full/random_magma_n128_k2_random_half_i2.model,187458.414,DEFINABLE
merge,/home/pventura/src/OpenDefAlgSplitting/benches/scale/corpus/full/random_magma_n128_k2_random_half_i20.model,171268.359,DEFINABLE
merge,/home/pventura/src/OpenDefAlgSplitting/benches/scale/corpus/full/random_magma_n128_k2_random_half_i21.model,172582.810,DEFINABLE
merge,/home/pventura/src/OpenDefAlgSplitting/benches/scale/corpus/full/random_magma_n128_k2_random_half_i22.model,174610.147,DEFINABLE
merge,/home/pventura/src/OpenDefAlgSplitting/benches/scale/corpus/full/random_magma_n128_k2_random_half_i23.model,178755.419,DEFINABLE
merge,/home/pventura/src/OpenDefAlgSplitting/benches/scale/corpus/full/random_magma_n128_k2_random_half_i24.model,185323.723,DEFINABLE
merge,/home/pventura/src/OpenDefAlgSplitting/benches/scale/corpus/full/random_magma_n128_k2_random_half_i25.model,183433.096,DEFINABLE
merge,/home/pventura/src/OpenDefAlgSplitting/benches/scale/corpus/full/random_magma_n128_k2_random_half_i26.model,180682.727,DEFINABLE
merge,/home/pventura/src/OpenDefAlgSplitting/benches/scale/corpus/full/random_magma_n128_k2_random_half_i27.model,183069.187,DEFINABLE
merge,/home/pventura/src/OpenDefAlgSplitting/benches/scale/corpus/full/random_magma_n128_k2_random_half_i28.model,186996.398,DEFINABLE
merge,/home/pventura/src/OpenDefAlgSplitting/benches/scale/corpus/full/random_magma_n128_k2_random_half_i29.model,183601.616,DEFINABLE
merge,/home/pventura/src/OpenDefAlgSplitting/benches/scale/corpus/full/random_magma_n128_k2_random_half_i3.model,179896.725,NOT_DEFINABLE
merge,/home/pventura/src/OpenDefAlgSplitting/benches/scale/corpus/full/random_magma_n128_k2_random_half_i4.model,179375.980,DEFINABLE
merge,/home/pventura/src/OpenDefAlgSplitting/benches/scale/corpus/full/random_magma_n128_k2_random_half_i5.model,179645.973,NOT_DEFINABLE
merge,/home/pventura/src/OpenDefAlgSplitting/benches/scale/corpus/full/random_magma_n128_k2_random_half_i6.model,178478.113,DEFINABLE
merge,/home/pventura/src/OpenDefAlgSplitting/benches/scale/corpus/full/random_magma_n128_k2_random_half_i7.model,174611.489,DEFINABLE
merge,/home/pventura/src/OpenDefAlgSplitting/benches/scale/corpus/full/random_magma_n128_k2_random_half_i8.model,176712.307,DEFINABLE
merge,/home/pventura/src/OpenDefAlgSplitting/benches/scale/corpus/full/random_magma_n128_k2_random_half_i9.model,177850.382,DEFINABLE
merge,/home/pventura/src/OpenDefAlgSplitting/benches/scale/corpus/full/random_magma_n16_k1_definable_eq_i0.model,1.183,DEFINABLE
merge,/home/pventura/src/OpenDefAlgSplitting/benches/scale/corpus/full/random_magma_n16_k1_definable_eq_i1.model,1.158,DEFINABLE
merge,/home/pventura/src/OpenDefAlgSplitting/benches/scale/corpus/full/random_magma_n16_k1_definable_eq_i10.model,1.179,DEFINABLE
merge,/home/pventura/src/OpenDefAlgSplitting/benches/scale/corpus/full/random_magma_n16_k1_definable_eq_i11.model,1.140,DEFINABLE
merge,/home/pventura/src/OpenDefAlgSplitting/benches/scale/corpus/full/random_magma_n16_k1_definable_eq_i12.model,1.135,DEFINABLE
merge,/home/pventura/src/OpenDefAlgSplitting/benches/scale/corpus/full/random_magma_n16_k1_definable_eq_i13.model,1.125,DEFINABLE
merge,/home/pventura/src/OpenDefAlgSplitting/benches/scale/corpus/full/random_magma_n16_k1_definable_eq_i14.model,1.135,DEFINABLE
merge,/home/pventura/src/OpenDefAlgSplitting/benches/scale/corpus/full/random_magma_n16_k1_definable_eq_i15.model,1.174,DEFINABLE
merge,/home/pventura/src/OpenDefAlgSplitting/benches/scale/corpus/full/random_magma_n16_k1_definable_eq_i16.model,1.142,DEFINABLE
merge,/home/pventura/src/OpenDefAlgSplitting/benches/scale/corpus/full/random_magma_n16_k1_definable_eq_i17.model,1.117,DEFINABLE
merge,/home/pventura/src/OpenDefAlgSplitting/benches/scale/corpus/full/random_magma_n16_k1_definable_eq_i18.model,1.098,DEFINABLE
merge,/home/pventura/src/OpenDefAlgSplitting/benches/scale/corpus/full/random_magma_n16_k1_definable_eq_i19.model,1.196,DEFINABLE
merge,/home/pventura/src/OpenDefAlgSplitting/benches/scale/corpus/full/random_magma_n16_k1_definable_eq_i2.model,1.131,DEFINABLE
merge,/home/pventura/src/OpenDefAlgSplitting/benches/scale/corpus/full/random_magma_n16_k1_definable_eq_i20.model,1.102,DEFINABLE
merge,/home/pventura/src/OpenDefAlgSplitting/benches/scale/corpus/full/random_magma_n16_k1_definable_eq_i21.model,1.015,DEFINABLE
merge,/home/pventura/src/OpenDefAlgSplitting/benches/scale/corpus/full/random_magma_n16_k1_definable_eq_i22.model,1.171,DEFINABLE
merge,/home/pventura/src/OpenDefAlgSplitting/benches/scale/corpus/full/random_magma_n16_k1_definable_eq_i23.model,1.052,DEFINABLE
merge,/home/pventura/src/OpenDefAlgSplitting/benches/scale/corpus/full/random_magma_n16_k1_definable_eq_i24.model,1.149,DEFINABLE
merge,/home/pventura/src/OpenDefAlgSplitting/benches/scale/corpus/full/random_magma_n16_k1_definable_eq_i25.model,0.889,DEFINABLE
merge,/home/pventura/src/OpenDefAlgSplitting/benches/scale/corpus/full/random_magma_n16_k1_definable_eq_i26.model,1.021,DEFINABLE
merge,/home/pventura/src/OpenDefAlgSplitting/benches/scale/corpus/full/random_magma_n16_k1_definable_eq_i27.model,1.136,DEFINABLE
merge,/home/pventura/src/OpenDefAlgSplitting/benches/scale/corpus/full/random_magma_n16_k1_definable_eq_i28.model,1.133,DEFINABLE
merge,/home/pventura/src/OpenDefAlgSplitting/benches/scale/corpus/full/random_magma_n16_k1_definable_eq_i29.model,0.223,NOT_DEFINABLE
merge,/home/pventura/src/OpenDefAlgSplitting/benches/scale/corpus/full/random_magma_n16_k1_definable_eq_i3.model,1.130,DEFINABLE
merge,/home/pventura/src/OpenDefAlgSplitting/benches/scale/corpus/full/random_magma_n16_k1_definable_eq_i4.model,1.202,DEFINABLE
merge,/home/pventura/src/OpenDefAlgSplitting/benches/scale/corpus/full/random_magma_n16_k1_definable_eq_i5.model,1.191,DEFINABLE
merge,/home/pventura/src/OpenDefAlgSplitting/benches/scale/corpus/full/random_magma_n16_k1_definable_eq_i6.model,1.169,DEFINABLE
merge,/home/pventura/src/OpenDefAlgSplitting/benches/scale/corpus/full/random_magma_n16_k1_definable_eq_i7.model,1.086,DEFINABLE
merge,/home/pventura/src/OpenDefAlgSplitting/benches/scale/corpus/full/random_magma_n16_k1_definable_eq_i8.model,1.121,DEFINABLE
merge,/home/pventura/src/OpenDefAlgSplitting/benches/scale/corpus/full/random_magma_n16_k1_definable_eq_i9.model,1.171,DEFINABLE
merge,/home/pventura/src/OpenDefAlgSplitting/benches/scale/corpus/full/random_magma_n16_k1_nondef_mix_i0.model,1.135,DEFINABLE
merge,/home/pventura/src/OpenDefAlgSplitting/benches/scale/corpus/full/random_magma_n16_k1_nondef_mix_i1.model,1.131,DEFINABLE
merge,/home/pventura/src/OpenDefAlgSplitting/benches/scale/corpus/full/random_magma_n16_k1_nondef_mix_i10.model,1.150,DEFINABLE
merge,/home/pventura/src/OpenDefAlgSplitting/benches/scale/corpus/full/random_magma_n16_k1_nondef_mix_i11.model,1.167,DEFINABLE
merge,/home/pventura/src/OpenDefAlgSplitting/benches/scale/corpus/full/random_magma_n16_k1_nondef_mix_i12.model,1.133,DEFINABLE
merge,/home/pventura/src/OpenDefAlgSplitting/benches/scale/corpus/full/random_magma_n16_k1_nondef_mix_i13.model,1.150,DEFINABLE
merge,/home/pventura/src/OpenDefAlgSplitting/benches/scale/corpus/full/random_magma_n16_k1_nondef_mix_i14.model,1.173,DEFINABLE
merge,/home/pventura/src/OpenDefAlgSplitting/benches/scale/corpus/full/random_magma_n16_k1_nondef_mix_i15.model,1.258,DEFINABLE
merge,/home/pventura/src/OpenDefAlgSplitting/benches/scale/corpus/full/random_magma_n16_k1_nondef_mix_i16.model,1.142,DEFINABLE
merge,/home/pventura/src/OpenDefAlgSplitting/benches/scale/corpus/full/random_magma_n16_k1_nondef_mix_i17.model,1.331,DEFINABLE
merge,/home/pventura/src/OpenDefAlgSplitting/benches/scale/corpus/full/random_magma_n16_k1_nondef_mix_i18.model,1.193,DEFINABLE
merge,/home/pventura/src/OpenDefAlgSplitting/benches/scale/corpus/full/random_magma_n16_k1_nondef_mix_i19.model,1.199,DEFINABLE
merge,/home/pventura/src/OpenDefAlgSplitting/benches/scale/corpus/full/random_magma_n16_k1_nondef_mix_i2.model,1.169,DEFINABLE
merge,/home/pventura/src/OpenDefAlgSplitting/benches/scale/corpus/full/random_magma_n16_k1_nondef_mix_i20.model,1.026,DEFINABLE
merge,/home/pventura/src/OpenDefAlgSplitting/benches/scale/corpus/full/random_magma_n16_k1_nondef_mix_i21.model,1.129,DEFINABLE
merge,/home/pventura/src/OpenDefAlgSplitting/benches/scale/corpus/full/random_magma_n16_k1_nondef_mix_i22.model,1.169,DEFINABLE
merge,/home/pventura/src/OpenDefAlgSplitting/benches/scale/corpus/full/random_magma_n16_k1_nondef_mix_i23.model,0.740,NOT_DEFINABLE
merge,/home/pventura/src/OpenDefAlgSplitting/benches/scale/corpus/full/random_magma_n16_k1_nondef_mix_i24.model,1.026,DEFINABLE
merge,/home/pventura/src/OpenDefAlgSplitting/benches/scale/corpus/full/random_magma_n16_k1_nondef_mix_i25.model,1.055,DEFINABLE
merge,/home/pventura/src/OpenDefAlgSplitting/benches/scale/corpus/full/random_magma_n16_k1_nondef_mix_i26.model,1.126,DEFINABLE
merge,/home/pventura/src/OpenDefAlgSplitting/benches/scale/corpus/full/random_magma_n16_k1_nondef_mix_i27.model,1.181,DEFINABLE
merge,/home/pventura/src/OpenDefAlgSplitting/benches/scale/corpus/full/random_magma_n16_k1_nondef_mix_i28.model,1.164,DEFINABLE
merge,/home/pventura/src/OpenDefAlgSplitting/benches/scale/corpus/full/random_magma_n16_k1_nondef_mix_i29.model,1.135,DEFINABLE
merge,/home/pventura/src/OpenDefAlgSplitting/benches/scale/corpus/full/random_magma_n16_k1_nondef_mix_i3.model,1.103,DEFINABLE
merge,/home/pventura/src/OpenDefAlgSplitting/benches/scale/corpus/full/random_magma_n16_k1_nondef_mix_i4.model,1.038,DEFINABLE
merge,/home/pventura/src/OpenDefAlgSplitting/benches/scale/corpus/full/random_magma_n16_k1_nondef_mix_i5.model,1.187,DEFINABLE
merge,/home/pventura/src/OpenDefAlgSplitting/benches/scale/corpus/full/random_magma_n16_k1_nondef_mix_i6.model,1.166,DEFINABLE
merge,/home/pventura/src/OpenDefAlgSplitting/benches/scale/corpus/full/random_magma_n16_k1_nondef_mix_i7.model,0.973,DEFINABLE
merge,/home/pventura/src/OpenDefAlgSplitting/benches/scale/corpus/full/random_magma_n16_k1_nondef_mix_i8.model,1.150,DEFINABLE
merge,/home/pventura/src/OpenDefAlgSplitting/benches/scale/corpus/full/random_magma_n16_k1_nondef_mix_i9.model,1.139,DEFINABLE
merge,/home/pventura/src/OpenDefAlgSplitting/benches/scale/corpus/full/random_magma_n16_k1_random_half_i0.model,1.151,DEFINABLE
merge,/home/pventura/src/OpenDefAlgSplitting/benches/scale/corpus/full/random_magma_n16_k1_random_half_i1.model,1.152,DEFINABLE
merge,/home/pventura/src/OpenDefAlgSplitting/benches/scale/corpus/full/random_magma_n16_k1_random_half_i10.model,1.140,DEFINABLE
merge,/home/pventura/src/OpenDefAlgSplitting/benches/scale/corpus/full/random_magma_n16_k1_random_half_i11.model,1.082,DEFINABLE
merge,/home/pventura/src/OpenDefAlgSplitting/benches/scale/corpus/full/random_magma_n16_k1_random_half_i12.model,1.147,DEFINABLE
merge,/home/pventura/src/OpenDefAlgSplitting/benches/scale/corpus/full/random_magma_n16_k1_random_half_i13.model,1.165,DEFINABLE
merge,/home/pventura/src/OpenDefAlgSplitting/benches/scale/corpus/full/random_magma_n16_k1_random_half_i14.model,1.157,DEFINABLE
merge,/home/pventura/src/OpenDefAlgSplitting/benches/scale/corpus/full/random_magma_n16_k1_random_half_i15.model,1.153,DEFINABLE
merge,/home/pventura/src/OpenDefAlgSplitting/benches/scale/corpus/full/random_magma_n16_k1_random_half_i16.model,1.137,DEFINABLE
merge,/home/pventura/src/OpenDefAlgSplitting/benches/scale/corpus/full/random_magma_n16_k1_random_half_i17.model,1.145,DEFINABLE
merge,/home/pventura/src/OpenDefAlgSplitting/benches/scale/corpus/full/random_magma_n16_k1_random_half_i18.model,1.143,DEFINABLE
merge,/home/pventura/src/OpenDefAlgSplitting/benches/scale/corpus/full/random_magma_n16_k1_random_half_i19.model,1.173,DEFINABLE
merge,/home/pventura/src/OpenDefAlgSplitting/benches/scale/corpus/full/random_magma_n16_k1_random_half_i2.model,1.143,DEFINABLE
merge,/home/pventura/src/OpenDefAlgSplitting/benches/scale/corpus/full/random_magma_n16_k1_random_half_i20.model,1.095,DEFINABLE
merge,/home/pventura/src/OpenDefAlgSplitting/benches/scale/corpus/full/random_magma_n16_k1_random_half_i21.model,1.128,DEFINABLE
merge,/home/pventura/src/OpenDefAlgSplitting/benches/scale/corpus/full/random_magma_n16_k1_random_half_i22.model,1.041,DEFINABLE
merge,/home/pventura/src/OpenDefAlgSplitting/benches/scale/corpus/full/random_magma_n16_k1_random_half_i23.model,1.143,DEFINABLE
merge,/home/pventura/src/OpenDefAlgSplitting/benches/scale/corpus/full/random_magma_n16_k1_random_half_i24.model,0.653,NOT_DEFINABLE
merge,/home/pventura/src/OpenDefAlgSplitting/benches/scale/corpus/full/random_magma_n16_k1_random_half_i25.model,1.194,DEFINABLE
merge,/home/pventura/src/OpenDefAlgSplitting/benches/scale/corpus/full/random_magma_n16_k1_random_half_i26.model,1.107,DEFINABLE
merge,/home/pventura/src/OpenDefAlgSplitting/benches/scale/corpus/full/random_magma_n16_k1_random_half_i27.model,0.982,DEFINABLE
merge,/home/pventura/src/OpenDefAlgSplitting/benches/scale/corpus/full/random_magma_n16_k1_random_half_i28.model,1.153,DEFINABLE
merge,/home/pventura/src/OpenDefAlgSplitting/benches/scale/corpus/full/random_magma_n16_k1_random_half_i29.model,1.165,DEFINABLE
merge,/home/pventura/src/OpenDefAlgSplitting/benches/scale/corpus/full/random_magma_n16_k1_random_half_i3.model,1.053,DEFINABLE
merge,/home/pventura/src/OpenDefAlgSplitting/benches/scale/corpus/full/random_magma_n16_k1_random_half_i4.model,1.053,DEFINABLE
merge,/home/pventura/src/OpenDefAlgSplitting/benches/scale/corpus/full/random_magma_n16_k1_random_half_i5.model,1.135,DEFINABLE
merge,/home/pventura/src/OpenDefAlgSplitting/benches/scale/corpus/full/random_magma_n16_k1_random_half_i6.model,1.159,DEFINABLE
merge,/home/pventura/src/OpenDefAlgSplitting/benches/scale/corpus/full/random_magma_n16_k1_random_half_i7.model,0.665,NOT_DEFINABLE
merge,/home/pventura/src/OpenDefAlgSplitting/benches/scale/corpus/full/random_magma_n16_k1_random_half_i8.model,1.028,NOT_DEFINABLE
merge,/home/pventura/src/OpenDefAlgSplitting/benches/scale/corpus/full/random_magma_n16_k1_random_half_i9.model,1.141,DEFINABLE
merge,/home/pventura/src/OpenDefAlgSplitting/benches/scale/corpus/full/random_magma_n16_k2_definable_eq_i0.model,1.156,DEFINABLE
merge,/home/pventura/src/OpenDefAlgSplitting/benches/scale/corpus/full/random_magma_n16_k2_definable_eq_i1.model,1.160,DEFINABLE
merge,/home/pventura/src/OpenDefAlgSplitting/benches/scale/corpus/full/random_magma_n16_k2_definable_eq_i10.model,1.115,DEFINABLE
merge,/home/pventura/src/OpenDefAlgSplitting/benches/scale/corpus/full/random_magma_n16_k2_definable_eq_i11.model,1.147,DEFINABLE
merge,/home/pventura/src/OpenDefAlgSplitting/benches/scale/corpus/full/random_magma_n16_k2_definable_eq_i12.model,1.133,DEFINABLE
merge,/home/pventura/src/OpenDefAlgSplitting/benches/scale/corpus/full/random_magma_n16_k2_definable_eq_i13.model,1.150,DEFINABLE
merge,/home/pventura/src/OpenDefAlgSplitting/benches/scale/corpus/full/random_magma_n16_k2_definable_eq_i14.model,1.053,DEFINABLE
merge,/home/pventura/src/OpenDefAlgSplitting/benches/scale/corpus/full/random_magma_n16_k2_definable_eq_i15.model,1.037,DEFINABLE
merge,/home/pventura/src/OpenDefAlgSplitting/benches/scale/corpus/full/random_magma_n16_k2_definable_eq_i16.model,1.122,DEFINABLE
merge,/home/pventura/src/OpenDefAlgSplitting/benches/scale/corpus/full/random_magma_n16_k2_definable_eq_i17.model,1.120,DEFINABLE
merge,/home/pventura/src/OpenDefAlgSplitting/benches/scale/corpus/full/random_magma_n16_k2_definable_eq_i18.model,1.165,DEFINABLE
merge,/home/pventura/src/OpenDefAlgSplitting/benches/scale/corpus/full/random_magma_n16_k2_definable_eq_i19.model,1.107,DEFINABLE
merge,/home/pventura/src/OpenDefAlgSplitting/benches/scale/corpus/full/random_magma_n16_k2_definable_eq_i2.model,1.186,DEFINABLE
merge,/home/pventura/src/OpenDefAlgSplitting/benches/scale/corpus/full/random_magma_n16_k2_definable_eq_i20.model,1.042,DEFINABLE
merge,/home/pventura/src/OpenDefAlgSplitting/benches/scale/corpus/full/random_magma_n16_k2_definable_eq_i21.model,1.146,DEFINABLE
merge,/home/pventura/src/OpenDefAlgSplitting/benches/scale/corpus/full/random_magma_n16_k2_definable_eq_i22.model,1.171,DEFINABLE
merge,/home/pventura/src/OpenDefAlgSplitting/benches/scale/corpus/full/random_magma_n16_k2_definable_eq_i23.model,1.074,DEFINABLE
merge,/home/pventura/src/OpenDefAlgSplitting/benches/scale/corpus/full/random_magma_n16_k2_definable_eq_i24.model,1.174,DEFINABLE
merge,/home/pventura/src/OpenDefAlgSplitting/benches/scale/corpus/full/random_magma_n16_k2_definable_eq_i25.model,0.947,DEFINABLE
merge,/home/pventura/src/OpenDefAlgSplitting/benches/scale/corpus/full/random_magma_n16_k2_definable_eq_i26.model,1.133,DEFINABLE
merge,/home/pventura/src/OpenDefAlgSplitting/benches/scale/corpus/full/random_magma_n16_k2_definable_eq_i27.model,1.140,DEFINABLE
merge,/home/pventura/src/OpenDefAlgSplitting/benches/scale/corpus/full/random_magma_n16_k2_definable_eq_i28.model,1.142,DEFINABLE
merge,/home/pventura/src/OpenDefAlgSplitting/benches/scale/corpus/full/random_magma_n16_k2_definable_eq_i29.model,1.038,DEFINABLE
merge,/home/pventura/src/OpenDefAlgSplitting/benches/scale/corpus/full/random_magma_n16_k2_definable_eq_i3.model,1.170,DEFINABLE
merge,/home/pventura/src/OpenDefAlgSplitting/benches/scale/corpus/full/random_magma_n16_k2_definable_eq_i4.model,1.144,DEFINABLE
merge,/home/pventura/src/OpenDefAlgSplitting/benches/scale/corpus/full/random_magma_n16_k2_definable_eq_i5.model,1.102,DEFINABLE
merge,/home/pventura/src/OpenDefAlgSplitting/benches/scale/corpus/full/random_magma_n16_k2_definable_eq_i6.model,1.115,DEFINABLE
merge,/home/pventura/src/OpenDefAlgSplitting/benches/scale/corpus/full/random_magma_n16_k2_definable_eq_i7.model,1.071,DEFINABLE
merge,/home/pventura/src/OpenDefAlgSplitting/benches/scale/corpus/full/random_magma_n16_k2_definable_eq_i8.model,1.082,DEFINABLE
merge,/home/pventura/src/OpenDefAlgSplitting/benches/scale/corpus/full/random_magma_n16_k2_definable_eq_i9.model,1.157,DEFINABLE
merge,/home/pventura/src/OpenDefAlgSplitting/benches/scale/corpus/full/random_magma_n16_k2_nondef_mix_i0.model,20.463,DEFINABLE
merge,/home/pventura/src/OpenDefAlgSplitting/benches/scale/corpus/full/random_magma_n16_k2_nondef_mix_i1.model,20.985,NOT_DEFINABLE
merge,/home/pventura/src/OpenDefAlgSplitting/benches/scale/corpus/full/random_magma_n16_k2_nondef_mix_i10.model,19.880,DEFINABLE
merge,/home/pventura/src/OpenDefAlgSplitting/benches/scale/corpus/full/random_magma_n16_k2_nondef_mix_i11.model,20.317,NOT_DEFINABLE
merge,/home/pventura/src/OpenDefAlgSplitting/benches/scale/corpus/full/random_magma_n16_k2_nondef_mix_i12.model,19.810,DEFINABLE
merge,/home/pventura/src/OpenDefAlgSplitting/benches/scale/corpus/full/random_magma_n16_k2_nondef_mix_i13.model,20.467,DEFINABLE
merge,/home/pventura/src/OpenDefAlgSplitting/benches/scale/corpus/full/random_magma_n16_k2_nondef_mix_i14.model,20.887,DEFINABLE
merge,/home/pventura/src/OpenDefAlgSplitting/benches/scale/corpus/full/random_magma_n16_k2_nondef_mix_i15.model,20.056,DEFINABLE
merge,/home/pventura/src/OpenDefAlgSplitting/benches/scale/corpus/full/random_magma_n16_k2_nondef_mix_i16.model,19.692,DEFINABLE
merge,/home/pventura/src/OpenDefAlgSplitting/benches/scale/corpus/full/random_magma_n16_k2_nondef_mix_i17.model,20.663,DEFINABLE
merge,/home/pventura/src/OpenDefAlgSplitting/benches/scale/corpus/full/random_magma_n16_k2_nondef_mix_i18.model,18.348,NOT_DEFINABLE
merge,/home/pventura/src/OpenDefAlgSplitting/benches/scale/corpus/full/random_magma_n16_k2_nondef_mix_i19.model,20.637,NOT_DEFINABLE
merge,/home/pventura/src/OpenDefAlgSplitting/benches/scale/corpus/full/random_magma_n16_k2_nondef_mix_i2.model,19.447,DEFINABLE
merge,/home/pventura/src/OpenDefAlgSplitting/benches/scale/corpus/full/random_magma_n16_k2_nondef_mix_i20.model,20.697,DEFINABLE
merge,/home/pventura/src/OpenDefAlgSplitting/benches/scale/corpus/full/random_magma_n16_k2_nondef_mix_i21.model,20.563,DEFINABLE
merge,/home/pventura/src/OpenDefAlgSplitting/benches/scale/corpus/full/random_magma_n16_k2_nondef_mix_i22.model,5.124,NOT_DEFINABLE
merge,/home/pventura/src/OpenDefAlgSplitting/benches/scale/corpus/full/random_magma_n16_k2_nondef_mix_i23.model,20.660,NOT_DEFINABLE
merge,/home/pventura/src/OpenDefAlgSplitting/benches/scale/corpus/full/random_magma_n16_k2_nondef_mix_i24.model,19.595,DEFINABLE
merge,/home/pventura/src/OpenDefAlgSplitting/benches/scale/corpus/full/random_magma_n16_k2_nondef_mix_i25.model,20.651,DEFINABLE
merge,/home/pventura/src/OpenDefAlgSplitting/benches/scale/corpus/full/random_magma_n16_k2_nondef_mix_i26.model,20.455,DEFINABLE
merge,/home/pventura/src/OpenDefAlgSplitting/benches/scale/corpus/full/random_magma_n16_k2_nondef_mix_i27.model,19.559,DEFINABLE
merge,/home/pventura/src/OpenDefAlgSplitting/benches/scale/corpus/full/random_magma_n16_k2_nondef_mix_i28.model,19.645,DEFINABLE
merge,/home/pventura/src/OpenDefAlgSplitting/benches/scale/corpus/full/random_magma_n16_k2_nondef_mix_i29.model,20.518,NOT_DEFINABLE
merge,/home/pventura/src/OpenDefAlgSplitting/benches/scale/corpus/full/random_magma_n16_k2_nondef_mix_i3.model,19.764,DEFINABLE
merge,/home/pventura/src/OpenDefAlgSplitting/benches/scale/corpus/full/random_magma_n16_k2_nondef_mix_i4.model,20.424,DEFINABLE
merge,/home/pventura/src/OpenDefAlgSplitting/benches/scale/corpus/full/random_magma_n16_k2_nondef_mix_i5.model,19.564,DEFINABLE
merge,/home/pventura/src/OpenDefAlgSplitting/benches/scale/corpus/full/random_magma_n16_k2_nondef_mix_i6.model,20.053,DEFINABLE
merge,/home/pventura/src/OpenDefAlgSplitting/benches/scale/corpus/full/random_magma_n16_k2_nondef_mix_i7.model,20.942,DEFINABLE
merge,/home/pventura/src/OpenDefAlgSplitting/benches/scale/corpus/full/random_magma_n16_k2_nondef_mix_i8.model,20.513,NOT_DEFINABLE
merge,/home/pventura/src/OpenDefAlgSplitting/benches/scale/corpus/full/random_magma_n16_k2_nondef_mix_i9.model,19.667,DEFINABLE
merge,/home/pventura/src/OpenDefAlgSplitting/benches/scale/corpus/full/random_magma_n16_k2_random_half_i0.model,20.868,NOT_DEFINABLE
merge,/home/pventura/src/OpenDefAlgSplitting/benches/scale/corpus/full/random_magma_n16_k2_random_half_i1.model,19.933,DEFINABLE
merge,/home/pventura/src/OpenDefAlgSplitting/benches/scale/corpus/full/random_magma_n16_k2_random_half_i10.model,19.744,DEFINABLE
merge,/home/pventura/src/OpenDefAlgSplitting/benches/scale/corpus/full/random_magma_n16_k2_random_half_i11.model,19.800,DEFINABLE
merge,/home/pventura/src/OpenDefAlgSplitting/benches/scale/corpus/full/random_magma_n16_k2_random_half_i12.model,19.775,DEFINABLE
merge,/home/pventura/src/OpenDefAlgSplitting/benches/scale/corpus/full/random_magma_n16_k2_random_half_i13.model,20.229,DEFINABLE
merge,/home/pventura/src/OpenDefAlgSplitting/benches/scale/corpus/full/random_magma_n16_k2_random_half_i14.model,19.921,DEFINABLE
merge,/home/pventura/src/OpenDefAlgSplitting/benches/scale/corpus/full/random_magma_n16_k2_random_half_i15.model,17.782,NOT_DEFINABLE
merge,/home/pventura/src/OpenDefAlgSplitting/benches/scale/corpus/full/random_magma_n16_k2_random_half_i16.model,20.714,DEFINABLE
merge,/home/pventura/src/OpenDefAlgSplitting/benches/scale/corpus/full/random_magma_n16_k2_random_half_i17.model,20.464,NOT_DEFINABLE
merge,/home/pventura/src/OpenDefAlgSplitting/benches/scale/corpus/full/random_magma_n16_k2_random_half_i18.model,20.916,DEFINABLE
merge,/home/pventura/src/OpenDefAlgSplitting/benches/scale/corpus/full/random_magma_n16_k2_random_half_i19.model,19.673,DEFINABLE
merge,/home/pventura/src/OpenDefAlgSplitting/benches/scale/corpus/full/random_magma_n16_k2_random_half_i2.model,19.477,DEFINABLE
merge,/home/pventura/src/OpenDefAlgSplitting/benches/scale/corpus/full/random_magma_n16_k2_random_half_i20.model,19.604,DEFINABLE
merge,/home/pventura/src/OpenDefAlgSplitting/benches/scale/corpus/full/random_magma_n16_k2_random_half_i21.model,19.914,NOT_DEFINABLE
merge,/home/pventura/src/OpenDefAlgSplitting/benches/scale/corpus/full/random_magma_n16_k2_random_half_i22.model,21.286,NOT_DEFINABLE
merge,/home/pventura/src/OpenDefAlgSplitting/benches/scale/corpus/full/random_magma_n16_k2_random_half_i23.model,20.093,DEFINABLE
merge,/home/pventura/src/OpenDefAlgSplitting/benches/scale/corpus/full/random_magma_n16_k2_random_half_i24.model,20.222,DEFINABLE
merge,/home/pventura/src/OpenDefAlgSplitting/benches/scale/corpus/full/random_magma_n16_k2_random_half_i25.model,20.159,NOT_DEFINABLE
merge,/home/pventura/src/OpenDefAlgSplitting/benches/scale/corpus/full/random_magma_n16_k2_random_half_i26.model,20.294,DEFINABLE
merge,/home/pventura/src/OpenDefAlgSplitting/benches/scale/corpus/full/random_magma_n16_k2_random_half_i27.model,20.705,DEFINABLE
merge,/home/pventura/src/OpenDefAlgSplitting/benches/scale/corpus/full/random_magma_n16_k2_random_half_i28.model,20.127,DEFINABLE
merge,/home/pventura/src/OpenDefAlgSplitting/benches/scale/corpus/full/random_magma_n16_k2_random_half_i29.model,20.785,DEFINABLE
merge,/home/pventura/src/OpenDefAlgSplitting/benches/scale/corpus/full/random_magma_n16_k2_random_half_i3.model,19.641,DEFINABLE
merge,/home/pventura/src/OpenDefAlgSplitting/benches/scale/corpus/full/random_magma_n16_k2_random_half_i4.model,19.672,DEFINABLE
merge,/home/pventura/src/OpenDefAlgSplitting/benches/scale/corpus/full/random_magma_n16_k2_random_half_i5.model,20.578,DEFINABLE
merge,/home/pventura/src/OpenDefAlgSplitting/benches/scale/corpus/full/random_magma_n16_k2_random_half_i6.model,19.757,DEFINABLE
merge,/home/pventura/src/OpenDefAlgSplitting/benches/scale/corpus/full/random_magma_n16_k2_random_half_i7.model,20.001,DEFINABLE
merge,/home/pventura/src/OpenDefAlgSplitting/benches/scale/corpus/full/random_magma_n16_k2_random_half_i8.model,19.927,DEFINABLE
merge,/home/pventura/src/OpenDefAlgSplitting/benches/scale/corpus/full/random_magma_n16_k2_random_half_i9.model,21.140,DEFINABLE
merge,/home/pventura/src/OpenDefAlgSplitting/benches/scale/corpus/full/random_magma_n32_k1_definable_eq_i0.model,0.229,NOT_DEFINABLE
merge,/home/pventura/src/OpenDefAlgSplitting/benches/scale/corpus/full/random_magma_n32_k1_definable_eq_i1.model,8.211,DEFINABLE
merge,/home/pventura/src/OpenDefAlgSplitting/benches/scale/corpus/full/random_magma_n32_k1_definable_eq_i10.model,8.036,DEFINABLE
merge,/home/pventura/src/OpenDefAlgSplitting/benches/scale/corpus/full/random_magma_n32_k1_definable_eq_i11.model,8.383,DEFINABLE
merge,/home/pventura/src/OpenDefAlgSplitting/benches/scale/corpus/full/random_magma_n32_k1_definable_eq_i12.model,7.836,DEFINABLE
merge,/home/pventura/src/OpenDefAlgSplitting/benches/scale/corpus/full/random_magma_n32_k1_definable_eq_i13.model,8.186,DEFINABLE
merge,/home/pventura/src/OpenDefAlgSplitting/benches/scale/corpus/full/random_magma_n32_k1_definable_eq_i14.model,8.147,DEFINABLE
merge,/home/pventura/src/OpenDefAlgSplitting/benches/scale/corpus/full/random_magma_n32_k1_definable_eq_i15.model,8.231,DEFINABLE
merge,/home/pventura/src/OpenDefAlgSplitting/benches/scale/corpus/full/random_magma_n32_k1_definable_eq_i16.model,8.153,DEFINABLE
merge,/home/pventura/src/OpenDefAlgSplitting/benches/scale/corpus/full/random_magma_n32_k1_definable_eq_i17.model,7.726,DEFINABLE
merge,/home/pventura/src/OpenDefAlgSplitting/benches/scale/corpus/full/random_magma_n32_k1_definable_eq_i18.model,8.134,DEFINABLE
merge,/home/pventura/src/OpenDefAlgSplitting/benches/scale/corpus/full/random_magma_n32_k1_definable_eq_i19.model,8.153,DEFINABLE
merge,/home/pventura/src/OpenDefAlgSplitting/benches/scale/corpus/full/random_magma_n32_k1_definable_eq_i2.model,7.854,DEFINABLE
merge,/home/pventura/src/OpenDefAlgSplitting/benches/scale/corpus/full/random_magma_n32_k1_definable_eq_i20.model,8.057,DEFINABLE
merge,/home/pventura/src/OpenDefAlgSplitting/benches/scale/corpus/full/random_magma_n32_k1_definable_eq_i21.model,8.092,DEFINABLE
merge,/home/pventura/src/OpenDefAlgSplitting/benches/scale/corpus/full/random_magma_n32_k1_definable_eq_i22.model,8.211,DEFINABLE
merge,/home/pventura/src/OpenDefAlgSplitting/benches/scale/corpus/full/random_magma_n32_k1_definable_eq_i23.model,8.114,DEFINABLE
merge,/home/pventura/src/OpenDefAlgSplitting/benches/scale/corpus/full/random_magma_n32_k1_definable_eq_i24.model,8.341,DEFINABLE
merge,/home/pventura/src/OpenDefAlgSplitting/benches/scale/corpus/full/random_magma_n32_k1_definable_eq_i25.model,8.105,DEFINABLE
merge,/home/pventura/src/OpenDefAlgSplitting/benches/scale/corpus/full/random_magma_n32_k1_definable_eq_i26.model,7.875,DEFINABLE
merge,/home/pventura/src/OpenDefAlgSplitting/benches/scale/corpus/full/random_magma_n32_k1_definable_eq_i27.model,8.196,DEFINABLE
merge,/home/pventura/src/OpenDefAlgSplitting/benches/scale/corpus/full/random_magma_n32_k1_definable_eq_i28.model,7.686,DEFINABLE
merge,/home/pventura/src/OpenDefAlgSplitting/benches/scale/corpus/full/random_magma_n32_k1_definable_eq_i29.model,8.185,DEFINABLE
merge,/home/pventura/src/OpenDefAlgSplitting/benches/scale/corpus/full/random_magma_n32_k1_definable_eq_i3.model,8.324,DEFINABLE
merge,/home/pventura/src/OpenDefAlgSplitting/benches/scale/corpus/full/random_magma_n32_k1_definable_eq_i4.model,7.990,DEFINABLE
merge,/home/pventura/src/OpenDefAlgSplitting/benches/scale/corpus/full/random_magma_n32_k1_definable_eq_i5.model,8.163,DEFINABLE
merge,/home/pventura/src/OpenDefAlgSplitting/benches/scale/corpus/full/random_magma_n32_k1_definable_eq_i6.model,8.168,DEFINABLE
merge,/home/pventura/src/OpenDefAlgSplitting/benches/scale/corpus/full/random_magma_n32_k1_definable_eq_i7.model,7.739,DEFINABLE
merge,/home/pventura/src/OpenDefAlgSplitting/benches/scale/corpus/full/random_magma_n32_k1_definable_eq_i8.model,8.235,DEFINABLE
merge,/home/pventura/src/OpenDefAlgSplitting/benches/scale/corpus/full/random_magma_n32_k1_definable_eq_i9.model,8.214,DEFINABLE
merge,/home/pventura/src/OpenDefAlgSplitting/benches/scale/corpus/full/random_magma_n32_k1_nondef_mix_i0.model,8.280,DEFINABLE
merge,/home/pventura/src/OpenDefAlgSplitting/benches/scale/corpus/full/random_magma_n32_k1_nondef_mix_i1.model,7.984,DEFINABLE
merge,/home/pventura/src/OpenDefAlgSplitting/benches/scale/corpus/full/random_magma_n32_k1_nondef_mix_i10.model,8.214,DEFINABLE
merge,/home/pventura/src/OpenDefAlgSplitting/benches/scale/corpus/full/random_magma_n32_k1_nondef_mix_i11.model,8.230,DEFINABLE
merge,/home/pventura/src/OpenDefAlgSplitting/benches/scale/corpus/full/random_magma_n32_k1_nondef_mix_i12.model,8.432,DEFINABLE
merge,/home/pventura/src/OpenDefAlgSplitting/benches/scale/corpus/full/random_magma_n32_k1_nondef_mix_i13.model,8.217,DEFINABLE
merge,/home/pventura/src/OpenDefAlgSplitting/benches/scale/corpus/full/random_magma_n32_k1_nondef_mix_i14.model,8.197,DEFINABLE
merge,/home/pventura/src/OpenDefAlgSplitting/benches/scale/corpus/full/random_magma_n32_k1_nondef_mix_i15.model,7.907,DEFINABLE
merge,/home/pventura/src/OpenDefAlgSplitting/benches/scale/corpus/full/random_magma_n32_k1_nondef_mix_i16.model,7.807,DEFINABLE
merge,/home/pventura/src/OpenDefAlgSplitting/benches/scale/corpus/full/random_magma_n32_k1_nondef_mix_i17.model,8.385,DEFINABLE
merge,/home/pventura/src/OpenDefAlgSplitting/benches/scale/corpus/full/random_magma_n32_k1_nondef_mix_i18.model,8.181,DEFINABLE
merge,/home/pventura/src/OpenDefAlgSplitting/benches/scale/corpus/full/random_magma_n32_k1_nondef_mix_i19.model,8.205,DEFINABLE
merge,/home/pventura/src/OpenDefAlgSplitting/benches/scale/corpus/full/random_magma_n32_k1_nondef_mix_i2.model,8.570,DEFINABLE
merge,/home/pventura/src/OpenDefAlgSplitting/benches/scale/corpus/full/random_magma_n32_k1_nondef_mix_i20.model,7.980,DEFINABLE
merge,/home/pventura/src/OpenDefAlgSplitting/benches/scale/corpus/full/random_magma_n32_k1_nondef_mix_i21.model,8.440,DEFINABLE
merge,/home/pventura/src/OpenDefAlgSplitting/benches/scale/corpus/full/random_magma_n32_k1_nondef_mix_i22.model,8.106,DEFINABLE
merge,/home/pventura/src/OpenDefAlgSplitting/benches/scale/corpus/full/random_magma_n32_k1_nondef_mix_i23.model,4.659,NOT_DEFINABLE
merge,/home/pventura/src/OpenDefAlgSplitting/benches/scale/corpus/full/random_magma_n32_k1_nondef_mix_i24.model,8.567,DEFINABLE
merge,/home/pventura/src/OpenDefAlgSplitting/benches/scale/corpus/full/random_magma_n32_k1_nondef_mix_i25.model,7.898,DEFINABLE
merge,/home/pventura/src/OpenDefAlgSplitting/benches/scale/corpus/full/random_magma_n32_k1_nondef_mix_i26.model,7.833,DEFINABLE
merge,/home/pventura/src/OpenDefAlgSplitting/benches/scale/corpus/full/random_magma_n32_k1_nondef_mix_i27.model,8.221,DEFINABLE
merge,/home/pventura/src/OpenDefAlgSplitting/benches/scale/corpus/full/random_magma_n32_k1_nondef_mix_i28.model,8.293,DEFINABLE
merge,/home/pventura/src/OpenDefAlgSplitting/benches/scale/corpus/full/random_magma_n32_k1_nondef_mix_i29.model,5.790,NOT_DEFINABLE
merge,/home/pventura/src/OpenDefAlgSplitting/benches/scale/corpus/full/random_magma_n32_k1_nondef_mix_i3.model,8.178,DEFINABLE
merge,/home/pventura/src/OpenDefAlgSplitting/benches/scale/corpus/full/random_magma_n32_k1_nondef_mix_i4.model,8.219,DEFINABLE
merge,/home/pventura/src/OpenDefAlgSplitting/benches/scale/corpus/full/random_magma_n32_k1_nondef_mix_i5.model,8.091,DEFINABLE
merge,/home/pventura/src/OpenDefAlgSplitting/benches/scale/corpus/full/random_magma_n32_k1_nondef_mix_i6.model,8.161,DEFINABLE
merge,/home/pventura/src/OpenDefAlgSplitting/benches/scale/corpus/full/random_magma_n32_k1_nondef_mix_i7.model,8.155,DEFINABLE
merge,/home/pventura/src/OpenDefAlgSplitting/benches/scale/corpus/full/random_magma_n32_k1_nondef_mix_i8.model,8.467,DEFINABLE
merge,/home/pventura/src/OpenDefAlgSplitting/benches/scale/corpus/full/random_magma_n32_k1_nondef_mix_i9.model,7.826,DEFINABLE
merge,/home/pventura/src/OpenDefAlgSplitting/benches/scale/corpus/full/random_magma_n32_k1_random_half_i0.model,7.291,NOT_DEFINABLE
merge,/home/pventura/src/OpenDefAlgSplitting/benches/scale/corpus/full/random_magma_n32_k1_random_half_i1.model,8.265,DEFINABLE
merge,/home/pventura/src/OpenDefAlgSplitting/benches/scale/corpus/full/random_magma_n32_k1_random_half_i10.model,8.364,DEFINABLE
merge,/home/pventura/src/OpenDefAlgSplitting/benches/scale/corpus/full/random_magma_n32_k1_random_half_i11.model,8.212,DEFINABLE
merge,/home/pventura/src/OpenDefAlgSplitting/benches/scale/corpus/full/random_magma_n32_k1_random_half_i12.model,8.108,DEFINABLE
merge,/home/pventura/src/OpenDefAlgSplitting/benches/scale/corpus/full/random_magma_n32_k1_random_half_i13.model,7.952,DEFINABLE
merge,/home/pventura/src/OpenDefAlgSplitting/benches/scale/corpus/full/random_magma_n32_k1_random_half_i14.model,8.175,DEFINABLE
merge,/home/pventura/src/OpenDefAlgSplitting/benches/scale/corpus/full/random_magma_n32_k1_random_half_i15.model,6.456,NOT_DEFINABLE
merge,/home/pventura/src/OpenDefAlgSplitting/benches/scale/corpus/full/random_magma_n32_k1_random_half_i16.model,8.116,DEFINABLE
merge,/home/pventura/src/OpenDefAlgSplitting/benches/scale/corpus/full/random_magma_n32_k1_random_half_i17.model,8.187,DEFINABLE
merge,/home/pventura/src/OpenDefAlgSplitting/benches/scale/corpus/full/random_magma_n32_k1_random_half_i18.model,8.191,DEFINABLE
merge,/home/pventura/src/OpenDefAlgSplitting/benches/scale/corpus/full/random_magma_n32_k1_random_half_i19.model,7.949,DEFINABLE
merge,/home/pventura/src/OpenDefAlgSplitting/benches/scale/corpus/full/random_magma_n32_k1_random_half_i2.model,8.148,DEFINABLE
merge,/home/pventura/src/OpenDefAlgSplitting/benches/scale/corpus/full/random_magma_n32_k1_random_half_i20.model,8.091,DEFINABLE
merge,/home/pventura/src/OpenDefAlgSplitting/benches/scale/corpus/full/random_magma_n32_k1_random_half_i21.model,8.170,DEFINABLE
merge,/home/pventura/src/OpenDefAlgSplitting/benches/scale/corpus/full/random_magma_n32_k1_random_half_i22.model,7.647,DEFINABLE
merge,/home/pventura/src/OpenDefAlgSplitting/benches/scale/corpus/full/random_magma_n32_k1_random_half_i23.model,7.901,DEFINABLE
merge,/home/pventura/src/OpenDefAlgSplitting/benches/scale/corpus/full/random_magma_n32_k1_random_half_i24.model,7.833,DEFINABLE
merge,/home/pventura/src/OpenDefAlgSplitting/benches/scale/corpus/full/random_magma_n32_k1_random_half_i25.model,8.356,DEFINABLE
merge,/home/pventura/src/OpenDefAlgSplitting/benches/scale/corpus/full/random_magma_n32_k1_random_half_i26.model,8.067,DEFINABLE
merge,/home/pventura/src/OpenDefAlgSplitting/benches/scale/corpus/full/random_magma_n32_k1_random_half_i27.model,0.989,NOT_DEFINABLE
merge,/home/pventura/src/OpenDefAlgSplitting/benches/scale/corpus/full/random_magma_n32_k1_random_half_i28.model,7.594,DEFINABLE
merge,/home/pventura/src/OpenDefAlgSplitting/benches/scale/corpus/full/random_magma_n32_k1_random_half_i29.model,8.264,DEFINABLE
merge,/home/pventura/src/OpenDefAlgSplitting/benches/scale/corpus/full/random_magma_n32_k1_random_half_i3.model,7.725,DEFINABLE
merge,/home/pventura/src/OpenDefAlgSplitting/benches/scale/corpus/full/random_magma_n32_k1_random_half_i4.model,8.176,DEFINABLE
merge,/home/pventura/src/OpenDefAlgSplitting/benches/scale/corpus/full/random_magma_n32_k1_random_half_i5.model,8.123,DEFINABLE
merge,/home/pventura/src/OpenDefAlgSplitting/benches/scale/corpus/full/random_magma_n32_k1_random_half_i6.model,8.205,DEFINABLE
merge,/home/pventura/src/OpenDefAlgSplitting/benches/scale/corpus/full/random_magma_n32_k1_random_half_i7.model,8.434,DEFINABLE
merge,/home/pventura/src/OpenDefAlgSplitting/benches/scale/corpus/full/random_magma_n32_k1_random_half_i8.model,8.091,DEFINABLE
merge,/home/pventura/src/OpenDefAlgSplitting/benches/scale/corpus/full/random_magma_n32_k1_random_half_i9.model,7.770,DEFINABLE
merge,/home/pventura/src/OpenDefAlgSplitting/benches/scale/corpus/full/random_magma_n32_k2_definable_eq_i0.model,7.089,DEFINABLE
merge,/home/pventura/src/OpenDefAlgSplitting/benches/scale/corpus/full/random_magma_n32_k2_definable_eq_i1.model,8.097,DEFINABLE
merge,/home/pventura/src/OpenDefAlgSplitting/benches/scale/corpus/full/random_magma_n32_k2_definable_eq_i10.model,7.784,DEFINABLE
merge,/home/pventura/src/OpenDefAlgSplitting/benches/scale/corpus/full/random_magma_n32_k2_definable_eq_i11.model,7.909,DEFINABLE
merge,/home/pventura/src/OpenDefAlgSplitting/benches/scale/corpus/full/random_magma_n32_k2_definable_eq_i12.model,7.904,DEFINABLE
merge,/home/pventura/src/OpenDefAlgSplitting/benches/scale/corpus/full/random_magma_n32_k2_definable_eq_i13.model,8.266,DEFINABLE
merge,/home/pventura/src/OpenDefAlgSplitting/benches/scale/corpus/full/random_magma_n32_k2_definable_eq_i14.model,7.480,DEFINABLE
merge,/home/pventura/src/OpenDefAlgSplitting/benches/scale/corpus/full/random_magma_n32_k2_definable_eq_i15.model,8.064,DEFINABLE
merge,/home/pventura/src/OpenDefAlgSplitting/benches/scale/corpus/full/random_magma_n32_k2_definable_eq_i16.model,7.476,DEFINABLE
merge,/home/pventura/src/OpenDefAlgSplitting/benches/scale/corpus/full/random_magma_n32_k2_definable_eq_i17.model,8.122,DEFINABLE
merge,/home/pventura/src/OpenDefAlgSplitting/benches/scale/corpus/full/random_magma_n32_k2_definable_eq_i18.model,8.299,DEFINABLE
merge,/home/pventura/src/OpenDefAlgSplitting/benches/scale/corpus/full/random_magma_n32_k2_definable_eq_i19.model,7.892,DEFINABLE
merge,/home/pventura/src/OpenDefAlgSplitting/benches/scale/corpus/full/random_magma_n32_k2_definable_eq_i2.model,7.837,DEFINABLE
merge,/home/pventura/src/OpenDefAlgSplitting/benches/scale/corpus/full/random_magma_n32_k2_definable_eq_i20.model,8.206,DEFINABLE
merge,/home/pventura/src/OpenDefAlgSplitting/benches/scale/corpus/full/random_magma_n32_k2_definable_eq_i21.model,7.957,DEFINABLE
merge,/home/pventura/src/OpenDefAlgSplitting/benches/scale/corpus/full/random_magma_n32_k2_definable_eq_i22.model,8.189,DEFINABLE
merge,/home/pventura/src/OpenDefAlgSplitting/benches/scale/corpus/full/random_magma_n32_k2_definable_eq_i23.model,7.931,DEFINABLE
merge,/home/pventura/src/OpenDefAlgSplitting/benches/scale/corpus/full/random_magma_n32_k2_definable_eq_i24.model,8.190,DEFINABLE
merge,/home/pventura/src/OpenDefAlgSplitting/benches/scale/corpus/full/random_magma_n32_k2_definable_eq_i25.model,8.063,DEFINABLE
merge,/home/pventura/src/OpenDefAlgSplitting/benches/scale/corpus/full/random_magma_n32_k2_definable_eq_i26.model,8.349,DEFINABLE
merge,/home/pventura/src/OpenDefAlgSplitting/benches/scale/corpus/full/random_magma_n32_k2_definable_eq_i27.model,8.139,DEFINABLE
merge,/home/pventura/src/OpenDefAlgSplitting/benches/scale/corpus/full/random_magma_n32_k2_definable_eq_i28.model,8.389,DEFINABLE
merge,/home/pventura/src/OpenDefAlgSplitting/benches/scale/corpus/full/random_magma_n32_k2_definable_eq_i29.model,8.041,DEFINABLE
merge,/home/pventura/src/OpenDefAlgSplitting/benches/scale/corpus/full/random_magma_n32_k2_definable_eq_i3.model,8.239,DEFINABLE
merge,/home/pventura/src/OpenDefAlgSplitting/benches/scale/corpus/full/random_magma_n32_k2_definable_eq_i4.model,8.099,DEFINABLE
merge,/home/pventura/src/OpenDefAlgSplitting/benches/scale/corpus/full/random_magma_n32_k2_definable_eq_i5.model,8.297,DEFINABLE
merge,/home/pventura/src/OpenDefAlgSplitting/benches/scale/corpus/full/random_magma_n32_k2_definable_eq_i6.model,8.271,DEFINABLE
merge,/home/pventura/src/OpenDefAlgSplitting/benches/scale/corpus/full/random_magma_n32_k2_definable_eq_i7.model,8.180,DEFINABLE
merge,/home/pventura/src/OpenDefAlgSplitting/benches/scale/corpus/full/random_magma_n32_k2_definable_eq_i8.model,8.328,DEFINABLE
merge,/home/pventura/src/OpenDefAlgSplitting/benches/scale/corpus/full/random_magma_n32_k2_definable_eq_i9.model,7.579,DEFINABLE
merge,/home/pventura/src/OpenDefAlgSplitting/benches/scale/corpus/full/random_magma_n32_k2_nondef_mix_i0.model,347.352,DEFINABLE
merge,/home/pventura/src/OpenDefAlgSplitting/benches/scale/corpus/full/random_magma_n32_k2_nondef_mix_i1.model,344.663,DEFINABLE
merge,/home/pventura/src/OpenDefAlgSplitting/benches/scale/corpus/full/random_magma_n32_k2_nondef_mix_i10.model,343.575,DEFINABLE
merge,/home/pventura/src/OpenDefAlgSplitting/benches/scale/corpus/full/random_magma_n32_k2_nondef_mix_i11.model,347.155,DEFINABLE
merge,/home/pventura/src/OpenDefAlgSplitting/benches/scale/corpus/full/random_magma_n32_k2_nondef_mix_i12.model,320.549,DEFINABLE
merge,/home/pventura/src/OpenDefAlgSplitting/benches/scale/corpus/full/random_magma_n32_k2_nondef_mix_i13.model,348.194,DEFINABLE
merge,/home/pventura/src/OpenDefAlgSplitting/benches/scale/corpus/full/random_magma_n32_k2_nondef_mix_i14.model,339.709,NOT_DEFINABLE
merge,/home/pventura/src/OpenDefAlgSplitting/benches/scale/corpus/full/random_magma_n32_k2_nondef_mix_i15.model,349.083,DEFINABLE
merge,/home/pventura/src/OpenDefAlgSplitting/benches/scale/corpus/full/random_magma_n32_k2_nondef_mix_i16.model,347.017,DEFINABLE
merge,/home/pventura/src/OpenDefAlgSplitting/benches/scale/corpus/full/random_magma_n32_k2_nondef_mix_i17.model,318.403,NOT_DEFINABLE
merge,/home/pventura/src/OpenDefAlgSplitting/benches/scale/corpus/full/random_magma_n32_k2_nondef_mix_i18.model,348.286,DEFINABLE
merge,/home/pventura/src/OpenDefAlgSplitting/benches/scale/corpus/full/random_magma_n32_k2_nondef_mix_i19.model,350.862,DEFINABLE
merge,/home/pventura/src/OpenDefAlgSplitting/benches/scale/corpus/full/random_magma_n32_k2_nondef_mix_i2.model,323.824,DEFINABLE
merge,/home/pventura/src/OpenDefAlgSplitting/benches/scale/corpus/full/random_magma_n32_k2_nondef_mix_i20.model,346.428,DEFINABLE
merge,/home/pventura/src/OpenDefAlgSplitting/benches/scale/corpus/full/random_magma_n32_k2_nondef_mix_i21.model,323.344,DEFINABLE
merge,/home/pventura/src/OpenDefAlgSplitting/benches/scale/corpus/full/random_magma_n32_k2_nondef_mix_i22.model,348.767,DEFINABLE
merge,/home/pventura/src/OpenDefAlgSplitting/benches/scale/corpus/full/random_magma_n32_k2_nondef_mix_i23.model,348.952,DEFINABLE
merge,/home/pventura/src/OpenDefAlgSplitting/benches/scale/corpus/full/random_magma_n32_k2_nondef_mix_i24.model,321.917,DEFINABLE
merge,/home/pventura/src/OpenDefAlgSplitting/benches/scale/corpus/full/random_magma_n32_k2_nondef_mix_i25.model,348.402,DEFINABLE
merge,/home/pventura/src/OpenDefAlgSplitting/benches/scale/corpus/full/random_magma_n32_k2_nondef_mix_i26.model,347.540,DEFINABLE
merge,/home/pventura/src/OpenDefAlgSplitting/benches/scale/corpus/full/random_magma_n32_k2_nondef_mix_i27.model,347.455,DEFINABLE
merge,/home/pventura/src/OpenDefAlgSplitting/benches/scale/corpus/full/random_magma_n32_k2_nondef_mix_i28.model,345.229,DEFINABLE
merge,/home/pventura/src/OpenDefAlgSplitting/benches/scale/corpus/full/random_magma_n32_k2_nondef_mix_i29.model,347.639,DEFINABLE
merge,/home/pventura/src/OpenDefAlgSplitting/benches/scale/corpus/full/random_magma_n32_k2_nondef_mix_i3.model,321.709,DEFINABLE
merge,/home/pventura/src/OpenDefAlgSplitting/benches/scale/corpus/full/random_magma_n32_k2_nondef_mix_i4.model,350.971,DEFINABLE
merge,/home/pventura/src/OpenDefAlgSplitting/benches/scale/corpus/full/random_magma_n32_k2_nondef_mix_i5.model,321.320,DEFINABLE
merge,/home/pventura/src/OpenDefAlgSplitting/benches/scale/corpus/full/random_magma_n32_k2_nondef_mix_i6.model,323.469,DEFINABLE
merge,/home/pventura/src/OpenDefAlgSplitting/benches/scale/corpus/full/random_magma_n32_k2_nondef_mix_i7.model,321.083,DEFINABLE
merge,/home/pventura/src/OpenDefAlgSplitting/benches/scale/corpus/full/random_magma_n32_k2_nondef_mix_i8.model,345.841,DEFINABLE
merge,/home/pventura/src/OpenDefAlgSplitting/benches/scale/corpus/full/random_magma_n32_k2_nondef_mix_i9.model,324.197,DEFINABLE
merge,/home/pventura/src/OpenDefAlgSplitting/benches/scale/corpus/full/random_magma_n32_k2_random_half_i0.model,321.540,DEFINABLE
merge,/home/pventura/src/OpenDefAlgSplitting/benches/scale/corpus/full/random_magma_n32_k2_random_half_i1.model,323.534,DEFINABLE
merge,/home/pventura/src/OpenDefAlgSplitting/benches/scale/corpus/full/random_magma_n32_k2_random_half_i10.model,348.953,DEFINABLE
merge,/home/pventura/src/OpenDefAlgSplitting/benches/scale/corpus/full/random_magma_n32_k2_random_half_i11.model,348.307,DEFINABLE
merge,/home/pventura/src/OpenDefAlgSplitting/benches/scale/corpus/full/random_magma_n32_k2_random_half_i12.model,347.637,DEFINABLE
merge,/home/pventura/src/OpenDefAlgSplitting/benches/scale/corpus/full/random_magma_n32_k2_random_half_i13.model,346.225,DEFINABLE
merge,/home/pventura/src/OpenDefAlgSplitting/benches/scale/corpus/full/random_magma_n32_k2_random_half_i14.model,346.243,DEFINABLE
merge,/home/pventura/src/OpenDefAlgSplitting/benches/scale/corpus/full/random_magma_n32_k2_random_half_i15.model,346.756,DEFINABLE
merge,/home/pventura/src/OpenDefAlgSplitting/benches/scale/corpus/full/random_magma_n32_k2_random_half_i16.model,321.334,DEFINABLE
merge,/home/pventura/src/OpenDefAlgSplitting/benches/scale/corpus/full/random_magma_n32_k2_random_half_i17.model,342.855,NOT_DEFINABLE
merge,/home/pventura/src/OpenDefAlgSplitting/benches/scale/corpus/full/random_magma_n32_k2_random_half_i18.model,324.582,DEFINABLE
merge,/home/pventura/src/OpenDefAlgSplitting/benches/scale/corpus/full/random_magma_n32_k2_random_half_i19.model,348.341,DEFINABLE
merge,/home/pventura/src/OpenDefAlgSplitting/benches/scale/corpus/full/random_magma_n32_k2_random_half_i2.model,348.647,DEFINABLE
merge,/home/pventura/src/OpenDefAlgSplitting/benches/scale/corpus/full/random_magma_n32_k2_random_half_i20.model,347.616,DEFINABLE
merge,/home/pventura/src/OpenDefAlgSplitting/benches/scale/corpus/full/random_magma_n32_k2_random_half_i21.model,336.754,NOT_DEFINABLE
merge,/home/pventura/src/OpenDefAlgSplitting/benches/scale/corpus/full/random_magma_n32_k2_random_half_i22.model,325.209,DEFINABLE
merge,/home/pventura/src/OpenDefAlgSplitting/benches/scale/corpus/full/random_magma_n32_k2_random_half_i23.model,325.306,DEFINABLE
merge,/home/pventura/src/OpenDefAlgSplitting/benches/scale/corpus/full/random_magma_n32_k2_random_half_i24.model,319.571,DEFINABLE
merge,/home/pventura/src/OpenDefAlgSplitting/benches/scale/corpus/full/random_magma_n32_k2_random_half_i25.model,323.179,DEFINABLE
merge,/home/pventura/src/OpenDefAlgSplitting/benches/scale/corpus/full/random_magma_n32_k2_random_half_i26.model,320.302,DEFINABLE
merge,/home/pventura/src/OpenDefAlgSplitting/benches/scale/corpus/full/random_magma_n32_k2_random_half_i27.model,349.051,DEFINABLE
merge,/home/pventura/src/OpenDefAlgSplitting/benches/scale/corpus/full/random_magma_n32_k2_random_half_i28.model,322.566,DEFINABLE
merge,/home/pventura/src/OpenDefAlgSplitting/benches/scale/corpus/full/random_magma_n32_k2_random_half_i29.model,321.536,DEFINABLE
merge,/home/pventura/src/OpenDefAlgSplitting/benches/scale/corpus/full/random_magma_n32_k2_random_half_i3.model,341.761,DEFINABLE
merge,/home/pventura/src/OpenDefAlgSplitting/benches/scale/corpus/full/random_magma_n32_k2_random_half_i4.model,323.810,DEFINABLE
merge,/home/pventura/src/OpenDefAlgSplitting/benches/scale/corpus/full/random_magma_n32_k2_random_half_i5.model,345.086,DEFINABLE
merge,/home/pventura/src/OpenDefAlgSplitting/benches/scale/corpus/full/random_magma_n32_k2_random_half_i6.model,322.480,DEFINABLE
merge,/home/pventura/src/OpenDefAlgSplitting/benches/scale/corpus/full/random_magma_n32_k2_random_half_i7.model,324.004,DEFINABLE
merge,/home/pventura/src/OpenDefAlgSplitting/benches/scale/corpus/full/random_magma_n32_k2_random_half_i8.model,353.356,DEFINABLE
merge,/home/pventura/src/OpenDefAlgSplitting/benches/scale/corpus/full/random_magma_n32_k2_random_half_i9.model,348.575,DEFINABLE
merge,/home/pventura/src/OpenDefAlgSplitting/benches/scale/corpus/full/random_magma_n4_k1_definable_eq_i0.model,0.075,DEFINABLE
merge,/home/pventura/src/OpenDefAlgSplitting/benches/scale/corpus/full/random_magma_n4_k1_definable_eq_i1.model,0.060,DEFINABLE
merge,/home/pventura/src/OpenDefAlgSplitting/benches/scale/corpus/full/random_magma_n4_k1_definable_eq_i10.model,0.081,DEFINABLE
merge,/home/pventura/src/OpenDefAlgSplitting/benches/scale/corpus/full/random_magma_n4_k1_definable_eq_i11.model,0.045,NOT_DEFINABLE
merge,/home/pventura/src/OpenDefAlgSplitting/benches/scale/corpus/full/random_magma_n4_k1_definable_eq_i12.model,0.062,DEFINABLE
merge,/home/pventura/src/OpenDefAlgSplitting/benches/scale/corpus/full/random_magma_n4_k1_definable_eq_i13.model,0.050,NOT_DEFINABLE
merge,/home/pventura/src/OpenDefAlgSplitting/benches/scale/corpus/full/random_magma_n4_k1_definable_eq_i14.model,0.062,DEFINABLE
merge,/home/pventura/src/OpenDefAlgSplitting/benches/scale/corpus/full/random_magma_n4_k1_definable_eq_i15.model,0.048,NOT_DEFINABLE
merge,/home/pventura/src/OpenDefAlgSplitting/benches/scale/corpus/full/random_magma_n4_k1_definable_eq_i16.model,0.077,NOT_DEFINABLE
merge,/home/pventura/src/OpenDefAlgSplitting/benches/scale/corpus/full/random_magma_n4_k1_definable_eq_i17.model,0.076,DEFINABLE
merge,/home/pventura/src/OpenDefAlgSplitting/benches/scale/corpus/full/random_magma_n4_k1_definable_eq_i18.model,0.061,DEFINABLE
merge,/home/pventura/src/OpenDefAlgSplitting/benches/scale/corpus/full/random_magma_n4_k1_definable_eq_i19.model,0.066,NOT_DEFINABLE
merge,/home/pventura/src/OpenDefAlgSplitting/benches/scale/corpus/full/random_magma_n4_k1_definable_eq_i2.model,0.057,DEFINABLE
merge,/home/pventura/src/OpenDefAlgSplitting/benches/scale/corpus/full/random_magma_n4_k1_definable_eq_i20.model,0.076,DEFINABLE
merge,/home/pventura/src/OpenDefAlgSplitting/benches/scale/corpus/full/random_magma_n4_k1_definable_eq_i21.model,0.045,NOT_DEFINABLE
merge,/home/pventura/src/OpenDefAlgSplitting/benches/scale/corpus/full/random_magma_n4_k1_definable_eq_i22.model,0.069,DEFINABLE
merge,/home/pventura/src/OpenDefAlgSplitting/benches/scale/corpus/full/random_magma_n4_k1_definable_eq_i23.model,0.074,DEFINABLE
merge,/home/pventura/src/OpenDefAlgSplitting/benches/scale/corpus/full/random_magma_n4_k1_definable_eq_i24.model,0.062,DEFINABLE
merge,/home/pventura/src/OpenDefAlgSplitting/benches/scale/corpus/full/random_magma_n4_k1_definable_eq_i25.model,0.091,NOT_DEFINABLE
merge,/home/pventura/src/OpenDefAlgSplitting/benches/scale/corpus/full/random_magma_n4_k1_definable_eq_i26.model,0.092,DEFINABLE
merge,/home/pventura/src/OpenDefAlgSplitting/benches/scale/corpus/full/random_magma_n4_k1_definable_eq_i27.model,0.055,DEFINABLE
merge,/home/pventura/src/OpenDefAlgSplitting/benches/scale/corpus/full/random_magma_n4_k1_definable_eq_i28.model,0.075,DEFINABLE
merge,/home/pventura/src/OpenDefAlgSplitting/benches/scale/corpus/full/random_magma_n4_k1_definable_eq_i29.model,0.078,DEFINABLE
merge,/home/pventura/src/OpenDefAlgSplitting/benches/scale/corpus/full/random_magma_n4_k1_definable_eq_i3.model,0.091,DEFINABLE
merge,/home/pventura/src/OpenDefAlgSplitting/benches/scale/corpus/full/random_magma_n4_k1_definable_eq_i4.model,0.067,DEFINABLE
merge,/home/pventura/src/OpenDefAlgSplitting/benches/scale/corpus/full/random_magma_n4_k1_definable_eq_i5.model,0.077,DEFINABLE
merge,/home/pventura/src/OpenDefAlgSplitting/benches/scale/corpus/full/random_magma_n4_k1_definable_eq_i6.model,0.110,DEFINABLE
merge,/home/pventura/src/OpenDefAlgSplitting/benches/scale/corpus/full/random_magma_n4_k1_definable_eq_i7.model,0.078,DEFINABLE
merge,/home/pventura/src/OpenDefAlgSplitting/benches/scale/corpus/full/random_magma_n4_k1_definable_eq_i8.model,0.086,DEFINABLE
merge,/home/pventura/src/OpenDefAlgSplitting/benches/scale/corpus/full/random_magma_n4_k1_definable_eq_i9.model,0.080,DEFINABLE
merge,/home/pventura/src/OpenDefAlgSplitting/benches/scale/corpus/full/random_magma_n4_k1_nondef_mix_i0.model,0.080,NOT_DEFINABLE
merge,/home/pventura/src/OpenDefAlgSplitting/benches/scale/corpus/full/random_magma_n4_k1_nondef_mix_i1.model,0.081,DEFINABLE
merge,/home/pventura/src/OpenDefAlgSplitting/benches/scale/corpus/full/random_magma_n4_k1_nondef_mix_i10.model,0.083,DEFINABLE
merge,/home/pventura/src/OpenDefAlgSplitting/benches/scale/corpus/full/random_magma_n4_k1_nondef_mix_i11.model,0.075,DEFINABLE
merge,/home/pventura/src/OpenDefAlgSplitting/benches/scale/corpus/full/random_magma_n4_k1_nondef_mix_i12.model,0.092,DEFINABLE
merge,/home/pventura/src/OpenDefAlgSplitting/benches/scale/corpus/full/random_magma_n4_k1_nondef_mix_i13.model,0.067,DEFINABLE
merge,/home/pventura/src/OpenDefAlgSplitting/benches/scale/corpus/full/random_magma_n4_k1_nondef_mix_i14.model,0.080,NOT_DEFINABLE
merge,/home/pventura/src/OpenDefAlgSplitting/benches/scale/corpus/full/random_magma_n4_k1_nondef_mix_i15.model,0.086,DEFINABLE
merge,/home/pventura/src/OpenDefAlgSplitting/benches/scale/corpus/full/random_magma_n4_k1_nondef_mix_i16.model,0.049,NOT_DEFINABLE
merge,/home/pventura/src/OpenDefAlgSplitting/benches/scale/corpus/full/random_magma_n4_k1_nondef_mix_i17.model,0.076,DEFINABLE
merge,/home/pventura/src/OpenDefAlgSplitting/benches/scale/corpus/full/random_magma_n4_k1_nondef_mix_i18.model,0.080,DEFINABLE
merge,/home/pventura/src/OpenDefAlgSplitting/benches/scale/corpus/full/random_magma_n4_k1_nondef_mix_i19.model,0.083,DEFINABLE
merge,/home/pventura/src/OpenDefAlgSplitting/benches/scale/corpus/full/random_magma_n4_k1_nondef_mix_i2.model,0.083,DEFINABLE
merge,/home/pventura/src/OpenDefAlgSplitting/benches/scale/corpus/full/random_magma_n4_k1_nondef_mix_i20.model,0.070,NOT_DEFINABLE
merge,/home/pventura/src/OpenDefAlgSplitting/benches/scale/corpus/full/random_magma_n4_k1_nondef_mix_i21.model,0.057,NOT_DEFINABLE
merge,/home/pventura/src/OpenDefAlgSplitting/benches/scale/corpus/full/random_magma_n4_k1_nondef_mix_i22.model,0.083,DEFINABLE
merge,/home/pventura/src/OpenDefAlgSplitting/benches/scale/corpus/full/random_magma_n4_k1_nondef_mix_i23.model,0.074,DEFINABLE
merge,/home/pventura/src/OpenDefAlgSplitting/benches/scale/corpus/full/random_magma_n4_k1_nondef_mix_i24.model,0.084,DEFINABLE
merge,/home/pventura/src/OpenDefAlgSplitting/benches/scale/corpus/full/random_magma_n4_k1_nondef_mix_i25.model,0.049,NOT_DEFINABLE
merge,/home/pventura/src/OpenDefAlgSplitting/benches/scale/corpus/full/random_magma_n4_k1_nondef_mix_i26.model,0.077,DEFINABLE
merge,/home/pventura/src/OpenDefAlgSplitting/benches/scale/corpus/full/random_magma_n4_k1_nondef_mix_i27.model,0.060,DEFINABLE
merge,/home/pventura/src/OpenDefAlgSplitting/benches/scale/corpus/full/random_magma_n4_k1_nondef_mix_i28.model,0.094,DEFINABLE
merge,/home/pventura/src/OpenDefAlgSplitting/benches/scale/corpus/full/random_magma_n4_k1_nondef_mix_i29.model,0.062,DEFINABLE
merge,/home/pventura/src/OpenDefAlgSplitting/benches/scale/corpus/full/random_magma_n4_k1_nondef_mix_i3.model,0.069,DEFINABLE
merge,/home/pventura/src/OpenDefAlgSplitting/benches/scale/corpus/full/random_magma_n4_k1_nondef_mix_i4.model,0.081,DEFINABLE
merge,/home/pventura/src/OpenDefAlgSplitting/benches/scale/corpus/full/random_magma_n4_k1_nondef_mix_i5.model,0.058,DEFINABLE
merge,/home/pventura/src/OpenDefAlgSplitting/benches/scale/corpus/full/random_magma_n4_k1_nondef_mix_i6.model,0.059,DEFINABLE
merge,/home/pventura/src/OpenDefAlgSplitting/benches/scale/corpus/full/random_magma_n4_k1_nondef_mix_i7.model,0.085,NOT_DEFINABLE
merge,/home/pventura/src/OpenDefAlgSplitting/benches/scale/corpus/full/random_magma_n4_k1_nondef_mix_i8.model,0.059,NOT_DEFINABLE
merge,/home/pventura/src/OpenDefAlgSplitting/benches/scale/corpus/full/random_magma_n4_k1_nondef_mix_i9.model,0.081,DEFINABLE
merge,/home/pventura/src/OpenDefAlgSplitting/benches/scale/corpus/full/random_magma_n4_k1_random_half_i0.model,0.073,DEFINABLE
merge,/home/pventura/src/OpenDefAlgSplitting/benches/scale/corpus/full/random_magma_n4_k1_random_half_i1.model,0.084,DEFINABLE
merge,/home/pventura/src/OpenDefAlgSplitting/benches/scale/corpus/full/random_magma_n4_k1_random_half_i10.model,0.093,DEFINABLE
merge,/home/pventura/src/OpenDefAlgSplitting/benches/scale/corpus/full/random_magma_n4_k1_random_half_i11.model,0.091,DEFINABLE
merge,/home/pventura/src/OpenDefAlgSplitting/benches/scale/corpus/full/random_magma_n4_k1_random_half_i12.model,0.064,DEFINABLE
merge,/home/pventura/src/OpenDefAlgSplitting/benches/scale/corpus/full/random_magma_n4_k1_random_half_i13.model,0.076,DEFINABLE
merge,/home/pventura/src/OpenDefAlgSplitting/benches/scale/corpus/full/random_magma_n4_k1_random_half_i14.model,0.087,DEFINABLE
merge,/home/pventura/src/OpenDefAlgSplitting/benches/scale/corpus/full/random_magma_n4_k1_random_half_i15.model,0.081,DEFINABLE
merge,/home/pventura/src/OpenDefAlgSplitting/benches/scale/corpus/full/random_magma_n4_k1_random_half_i16.model,0.066,DEFINABLE
merge,/home/pventura/src/OpenDefAlgSplitting/benches/scale/corpus/full/random_magma_n4_k1_random_half_i17.model,0.076,DEFINABLE
merge,/home/pventura/src/OpenDefAlgSplitting/benches/scale/corpus/full/random_magma_n4_k1_random_half_i18.model,0.076,DEFINABLE
merge,/home/pventura/src/OpenDefAlgSplitting/benches/scale/corpus/full/random_magma_n4_k1_random_half_i19.model,0.081,DEFINABLE
merge,/home/pventura/src/OpenDefAlgSplitting/benches/scale/corpus/full/random_magma_n4_k1_random_half_i2.model,0.066,DEFINABLE
merge,/home/pventura/src/OpenDefAlgSplitting/benches/scale/corpus/full/random_magma_n4_k1_random_half_i20.model,0.072,DEFINABLE
merge,/home/pventura/src/OpenDefAlgSplitting/benches/scale/corpus/full/random_magma_n4_k1_random_half_i21.model,0.082,DEFINABLE
merge,/home/pventura/src/OpenDefAlgSplitting/benches/scale/corpus/full/random_magma_n4_k1_random_half_i22.model,0.064,DEFINABLE
merge,/home/pventura/src/OpenDefAlgSplitting/benches/scale/corpus/full/random_magma_n4_k1_random_half_i23.model,0.140,DEFINABLE
merge,/home/pventura/src/OpenDefAlgSplitting/benches/scale/corpus/full/random_magma_n4_k1_random_half_i24.model,0.062,DEFINABLE
merge,/home/pventura/src/OpenDefAlgSplitting/benches/scale/corpus/full/random_magma_n4_k1_random_half_i25.model,0.052,NOT_DEFINABLE
merge,/home/pventura/src/OpenDefAlgSplitting/benches/scale/corpus/full/random_magma_n4_k1_random_half_i26.model,0.083,DEFINABLE
merge,/home/pventura/src/OpenDefAlgSplitting/benches/scale/corpus/full/random_magma_n4_k1_random_half_i27.model,0.077,NOT_DEFINABLE
merge,/home/pventura/src/OpenDefAlgSplitting/benches/scale/corpus/full/random_magma_n4_k1_random_half_i28.model,0.082,DEFINABLE
merge,/home/pventura/src/OpenDefAlgSplitting/benches/scale/corpus/full/random_magma_n4_k1_random_half_i29.model,0.078,DEFINABLE
merge,/home/pventura/src/OpenDefAlgSplitting/benches/scale/corpus/full/random_magma_n4_k1_random_half_i3.model,0.060,DEFINABLE
merge,/home/pventura/src/OpenDefAlgSplitting/benches/scale/corpus/full/random_magma_n4_k1_random_half_i4.model,0.130,DEFINABLE
merge,/home/pventura/src/OpenDefAlgSplitting/benches/scale/corpus/full/random_magma_n4_k1_random_half_i5.model,0.056,DEFINABLE
merge,/home/pventura/src/OpenDefAlgSplitting/benches/scale/corpus/full/random_magma_n4_k1_random_half_i6.model,0.086,DEFINABLE
merge,/home/pventura/src/OpenDefAlgSplitting/benches/scale/corpus/full/random_magma_n4_k1_random_half_i7.model,0.056,DEFINABLE
merge,/home/pventura/src/OpenDefAlgSplitting/benches/scale/corpus/full/random_magma_n4_k1_random_half_i8.model,0.083,DEFINABLE
merge,/home/pventura/src/OpenDefAlgSplitting/benches/scale/corpus/full/random_magma_n4_k1_random_half_i9.model,0.063,DEFINABLE
merge,/home/pventura/src/OpenDefAlgSplitting/benches/scale/corpus/full/random_magma_n4_k2_definable_eq_i0.model,0.065,DEFINABLE
merge,/home/pventura/src/OpenDefAlgSplitting/benches/scale/corpus/full/random_magma_n4_k2_definable_eq_i1.model,0.072,DEFINABLE
merge,/home/pventura/src/OpenDefAlgSplitting/benches/scale/corpus/full/random_magma_n4_k2_definable_eq_i10.model,0.064,DEFINABLE
merge,/home/pventura/src/OpenDefAlgSplitting/benches/scale/corpus/full/random_magma_n4_k2_definable_eq_i11.model,0.062,DEFINABLE
merge,/home/pventura/src/OpenDefAlgSplitting/benches/scale/corpus/full/random_magma_n4_k2_definable_eq_i12.model,0.079,DEFINABLE
merge,/home/pventura/src/OpenDefAlgSplitting/benches/scale/corpus/full/random_magma_n4_k2_definable_eq_i13.model,0.092,DEFINABLE
merge,/home/pventura/src/OpenDefAlgSplitting/benches/scale/corpus/full/random_magma_n4_k2_definable_eq_i14.model,0.096,DEFINABLE
merge,/home/pventura/src/OpenDefAlgSplitting/benches/scale/corpus/full/random_magma_n4_k2_definable_eq_i15.model,0.082,DEFINABLE
merge,/home/pventura/src/OpenDefAlgSplitting/benches/scale/corpus/full/random_magma_n4_k2_definable_eq_i16.model,0.086,DEFINABLE
merge,/home/pventura/src/OpenDefAlgSplitting/benches/scale/corpus/full/random_magma_n4_k2_definable_eq_i17.model,0.064,DEFINABLE
merge,/home/pventura/src/OpenDefAlgSplitting/benches/scale/corpus/full/random_magma_n4_k2_definable_eq_i18.model,0.063,DEFINABLE
merge,/home/pventura/src/OpenDefAlgSplitting/benches/scale/corpus/full/random_magma_n4_k2_definable_eq_i19.model,0.067,DEFINABLE
merge,/home/pventura/src/OpenDefAlgSplitting/benches/scale/corpus/full/random_magma_n4_k2_definable_eq_i2.model,0.069,DEFINABLE
merge,/home/pventura/src/OpenDefAlgSplitting/benches/scale/corpus/full/random_magma_n4_k2_definable_eq_i20.model,0.080,DEFINABLE
merge,/home/pventura/src/OpenDefAlgSplitting/benches/scale/corpus/full/random_magma_n4_k2_definable_eq_i21.model,0.083,DEFINABLE
merge,/home/pventura/src/OpenDefAlgSplitting/benches/scale/corpus/full/random_magma_n4_k2_definable_eq_i22.model,0.078,DEFINABLE
merge,/home/pventura/src/OpenDefAlgSplitting/benches/scale/corpus/full/random_magma_n4_k2_definable_eq_i23.model,0.079,DEFINABLE
merge,/home/pventura/src/OpenDefAlgSplitting/benches/scale/corpus/full/random_magma_n4_k2_definable_eq_i24.model,0.070,DEFINABLE
merge,/home/pventura/src/OpenDefAlgSplitting/benches/scale/corpus/full/random_magma_n4_k2_definable_eq_i25.model,0.077,DEFINABLE
merge,/home/pventura/src/OpenDefAlgSplitting/benches/scale/corpus/full/random_magma_n4_k2_definable_eq_i26.model,0.062,DEFINABLE
merge,/home/pventura/src/OpenDefAlgSplitting/benches/scale/corpus/full/random_magma_n4_k2_definable_eq_i27.model,0.078,DEFINABLE
merge,/home/pventura/src/OpenDefAlgSplitting/benches/scale/corpus/full/random_magma_n4_k2_definable_eq_i28.model,0.075,DEFINABLE
merge,/home/pventura/src/OpenDefAlgSplitting/benches/scale/corpus/full/random_magma_n4_k2_definable_eq_i29.model,0.082,DEFINABLE
merge,/home/pventura/src/OpenDefAlgSplitting/benches/scale/corpus/full/random_magma_n4_k2_definable_eq_i3.model,0.062,DEFINABLE
merge,/home/pventura/src/OpenDefAlgSplitting/benches/scale/corpus/full/random_magma_n4_k2_definable_eq_i4.model,0.071,DEFINABLE
merge,/home/pventura/src/OpenDefAlgSplitting/benches/scale/corpus/full/random_magma_n4_k2_definable_eq_i5.model,0.062,DEFINABLE
merge,/home/pventura/src/OpenDefAlgSplitting/benches/scale/corpus/full/random_magma_n4_k2_definable_eq_i6.model,0.081,DEFINABLE
merge,/home/pventura/src/OpenDefAlgSplitting/benches/scale/corpus/full/random_magma_n4_k2_definable_eq_i7.model,0.076,DEFINABLE
merge,/home/pventura/src/OpenDefAlgSplitting/benches/scale/corpus/full/random_magma_n4_k2_definable_eq_i8.model,0.070,DEFINABLE
merge,/home/pventura/src/OpenDefAlgSplitting/benches/scale/corpus/full/random_magma_n4_k2_definable_eq_i9.model,0.066,DEFINABLE
merge,/home/pventura/src/OpenDefAlgSplitting/benches/scale/corpus/full/random_magma_n4_k2_nondef_mix_i0.model,0.159,DEFINABLE
merge,/home/pventura/src/OpenDefAlgSplitting/benches/scale/corpus/full/random_magma_n4_k2_nondef_mix_i1.model,0.183,DEFINABLE
merge,/home/pventura/src/OpenDefAlgSplitting/benches/scale/corpus/full/random_magma_n4_k2_nondef_mix_i10.model,0.156,DEFINABLE
merge,/home/pventura/src/OpenDefAlgSplitting/benches/scale/corpus/full/random_magma_n4_k2_nondef_mix_i11.model,0.165,DEFINABLE
merge,/home/pventura/src/OpenDefAlgSplitting/benches/scale/corpus/full/random_magma_n4_k2_nondef_mix_i12.model,0.150,DEFINABLE
merge,/home/pventura/src/OpenDefAlgSplitting/benches/scale/corpus/full/random_magma_n4_k2_nondef_mix_i13.model,0.173,DEFINABLE
merge,/home/pventura/src/OpenDefAlgSplitting/benches/scale/corpus/full/random_magma_n4_k2_nondef_mix_i14.model,0.171,DEFINABLE
merge,/home/pventura/src/OpenDefAlgSplitting/benches/scale/corpus/full/random_magma_n4_k2_nondef_mix_i15.model,0.165,DEFINABLE
merge,/home/pventura/src/OpenDefAlgSplitting/benches/scale/corpus/full/random_magma_n4_k2_nondef_mix_i16.model,0.138,NOT_DEFINABLE
merge,/home/pventura/src/OpenDefAlgSplitting/benches/scale/corpus/full/random_magma_n4_k2_nondef_mix_i17.model,0.177,DEFINABLE
merge,/home/pventura/src/OpenDefAlgSplitting/benches/scale/corpus/full/random_magma_n4_k2_nondef_mix_i18.model,0.146,NOT_DEFINABLE
merge,/home/pventura/src/OpenDefAlgSplitting/benches/scale/corpus/full/random_magma_n4_k2_nondef_mix_i19.model,0.167,DEFINABLE
merge,/home/pventura/src/OpenDefAlgSplitting/benches/scale/corpus/full/random_magma_n4_k2_nondef_mix_i2.model,0.161,DEFINABLE
merge,/home/pventura/src/OpenDefAlgSplitting/benches/scale/corpus/full/random_magma_n4_k2_nondef_mix_i20.model,0.149,NOT_DEFINABLE
merge,/home/pventura/src/OpenDefAlgSplitting/benches/scale/corpus/full/random_magma_n4_k2_nondef_mix_i21.model,0.140,DEFINABLE
merge,/home/pventura/src/OpenDefAlgSplitting/benches/scale/corpus/full/random_magma_n4_k2_nondef_mix_i22.model,0.165,DEFINABLE
merge,/home/pventura/src/OpenDefAlgSplitting/benches/scale/corpus/full/random_magma_n4_k2_nondef_mix_i23.model,0.159,DEFINABLE
merge,/home/pventura/src/OpenDefAlgSplitting/benches/scale/corpus/full/random_magma_n4_k2_nondef_mix_i24.model,0.191,DEFINABLE
merge,/home/pventura/src/OpenDefAlgSplitting/benches/scale/corpus/full/random_magma_n4_k2_nondef_mix_i25.model,0.167,DEFINABLE
merge,/home/pventura/src/OpenDefAlgSplitting/benches/scale/corpus/full/random_magma_n4_k2_nondef_mix_i26.model,0.160,DEFINABLE
merge,/home/pventura/src/OpenDefAlgSplitting/benches/scale/corpus/full/random_magma_n4_k2_nondef_mix_i27.model,0.191,DEFINABLE
merge,/home/pventura/src/OpenDefAlgSplitting/benches/scale/corpus/full/random_magma_n4_k2_nondef_mix_i28.model,0.194,DEFINABLE
merge,/home/pventura/src/OpenDefAlgSplitting/benches/scale/corpus/full/random_magma_n4_k2_nondef_mix_i29.model,0.166,DEFINABLE
merge,/home/pventura/src/OpenDefAlgSplitting/benches/scale/corpus/full/random_magma_n4_k2_nondef_mix_i3.model,0.144,DEFINABLE
merge,/home/pventura/src/OpenDefAlgSplitting/benches/scale/corpus/full/random_magma_n4_k2_nondef_mix_i4.model,0.155,DEFINABLE
merge,/home/pventura/src/OpenDefAlgSplitting/benches/scale/corpus/full/random_magma_n4_k2_nondef_mix_i5.model,0.165,NOT_DEFINABLE
merge,/home/pventura/src/OpenDefAlgSplitting/benches/scale/corpus/full/random_magma_n4_k2_nondef_mix_i6.model,0.183,DEFINABLE
merge,/home/pventura/src/OpenDefAlgSplitting/benches/scale/corpus/full/random_magma_n4_k2_nondef_mix_i7.model,0.150,NOT_DEFINABLE
merge,/home/pventura/src/OpenDefAlgSplitting/benches/scale/corpus/full/random_magma_n4_k2_nondef_mix_i8.model,0.101,NOT_DEFINABLE
merge,/home/pventura/src/OpenDefAlgSplitting/benches/scale/corpus/full/random_magma_n4_k2_nondef_mix_i9.model,0.177,DEFINABLE
merge,/home/pventura/src/OpenDefAlgSplitting/benches/scale/corpus/full/random_magma_n4_k2_random_half_i0.model,0.190,DEFINABLE
merge,/home/pventura/src/OpenDefAlgSplitting/benches/scale/corpus/full/random_magma_n4_k2_random_half_i1.model,0.110,NOT_DEFINABLE
merge,/home/pventura/src/OpenDefAlgSplitting/benches/scale/corpus/full/random_magma_n4_k2_random_half_i10.model,0.163,NOT_DEFINABLE
merge,/home/pventura/src/OpenDefAlgSplitting/benches/scale/corpus/full/random_magma_n4_k2_random_half_i11.model,0.171,DEFINABLE
merge,/home/pventura/src/OpenDefAlgSplitting/benches/scale/corpus/full/random_magma_n4_k2_random_half_i12.model,0.175,DEFINABLE
merge,/home/pventura/src/OpenDefAlgSplitting/benches/scale/corpus/full/random_magma_n4_k2_random_half_i13.model,0.169,DEFINABLE
merge,/home/pventura/src/OpenDefAlgSplitting/benches/scale/corpus/full/random_magma_n4_k2_random_half_i14.model,0.159,DEFINABLE
merge,/home/pventura/src/OpenDefAlgSplitting/benches/scale/corpus/full/random_magma_n4_k2_random_half_i15.model,0.168,DEFINABLE
merge,/home/pventura/src/OpenDefAlgSplitting/benches/scale/corpus/full/random_magma_n4_k2_random_half_i16.model,0.160,DEFINABLE
merge,/home/pventura/src/OpenDefAlgSplitting/benches/scale/corpus/full/random_magma_n4_k2_random_half_i17.model,0.160,NOT_DEFINABLE
merge,/home/pventura/src/OpenDefAlgSplitting/benches/scale/corpus/full/random_magma_n4_k2_random_half_i18.model,0.077,NOT_DEFINABLE
merge,/home/pventura/src/OpenDefAlgSplitting/benches/scale/corpus/full/random_magma_n4_k2_random_half_i19.model,0.177,DEFINABLE
merge,/home/pventura/src/OpenDefAlgSplitting/benches/scale/corpus/full/random_magma_n4_k2_random_half_i2.model,0.156,NOT_DEFINABLE
merge,/home/pventura/src/OpenDefAlgSplitting/benches/scale/corpus/full/random_magma_n4_k2_random_half_i20.model,0.176,DEFINABLE
merge,/home/pventura/src/OpenDefAlgSplitting/benches/scale/corpus/full/random_magma_n4_k2_random_half_i21.model,0.202,DEFINABLE
merge,/home/pventura/src/OpenDefAlgSplitting/benches/scale/corpus/full/random_magma_n4_k2_random_half_i22.model,0.170,DEFINABLE
merge,/home/pventura/src/OpenDefAlgSplitting/benches/scale/corpus/full/random_magma_n4_k2_random_half_i23.model,0.139,NOT_DEFINABLE
merge,/home/pventura/src/OpenDefAlgSplitting/benches/scale/corpus/full/random_magma_n4_k2_random_half_i24.model,0.157,DEFINABLE
merge,/home/pventura/src/OpenDefAlgSplitting/benches/scale/corpus/full/random_magma_n4_k2_random_half_i25.model,0.156,DEFINABLE
merge,/home/pventura/src/OpenDefAlgSplitting/benches/scale/corpus/full/random_magma_n4_k2_random_half_i26.model,0.181,NOT_DEFINABLE
merge,/home/pventura/src/OpenDefAlgSplitting/benches/scale/corpus/full/random_magma_n4_k2_random_half_i27.model,0.180,DEFINABLE
merge,/home/pventura/src/OpenDefAlgSplitting/benches/scale/corpus/full/random_magma_n4_k2_random_half_i28.model,0.162,DEFINABLE
merge,/home/pventura/src/OpenDefAlgSplitting/benches/scale/corpus/full/random_magma_n4_k2_random_half_i29.model,0.166,DEFINABLE
merge,/home/pventura/src/OpenDefAlgSplitting/benches/scale/corpus/full/random_magma_n4_k2_random_half_i3.model,0.168,DEFINABLE
merge,/home/pventura/src/OpenDefAlgSplitting/benches/scale/corpus/full/random_magma_n4_k2_random_half_i4.model,0.156,DEFINABLE
merge,/home/pventura/src/OpenDefAlgSplitting/benches/scale/corpus/full/random_magma_n4_k2_random_half_i5.model,0.144,NOT_DEFINABLE
merge,/home/pventura/src/OpenDefAlgSplitting/benches/scale/corpus/full/random_magma_n4_k2_random_half_i6.model,0.177,NOT_DEFINABLE
merge,/home/pventura/src/OpenDefAlgSplitting/benches/scale/corpus/full/random_magma_n4_k2_random_half_i7.model,0.150,DEFINABLE
merge,/home/pventura/src/OpenDefAlgSplitting/benches/scale/corpus/full/random_magma_n4_k2_random_half_i8.model,0.147,DEFINABLE
merge,/home/pventura/src/OpenDefAlgSplitting/benches/scale/corpus/full/random_magma_n4_k2_random_half_i9.model,0.156,DEFINABLE
merge,/home/pventura/src/OpenDefAlgSplitting/benches/scale/corpus/full/random_magma_n64_k1_definable_eq_i0.model,64.323,DEFINABLE
merge,/home/pventura/src/OpenDefAlgSplitting/benches/scale/corpus/full/random_magma_n64_k1_definable_eq_i1.model,65.816,DEFINABLE
merge,/home/pventura/src/OpenDefAlgSplitting/benches/scale/corpus/full/random_magma_n64_k1_definable_eq_i10.model,63.076,DEFINABLE
merge,/home/pventura/src/OpenDefAlgSplitting/benches/scale/corpus/full/random_magma_n64_k1_definable_eq_i11.model,65.064,DEFINABLE
merge,/home/pventura/src/OpenDefAlgSplitting/benches/scale/corpus/full/random_magma_n64_k1_definable_eq_i12.model,65.177,DEFINABLE
merge,/home/pventura/src/OpenDefAlgSplitting/benches/scale/corpus/full/random_magma_n64_k1_definable_eq_i13.model,65.730,DEFINABLE
merge,/home/pventura/src/OpenDefAlgSplitting/benches/scale/corpus/full/random_magma_n64_k1_definable_eq_i14.model,62.403,DEFINABLE
merge,/home/pventura/src/OpenDefAlgSplitting/benches/scale/corpus/full/random_magma_n64_k1_definable_eq_i15.model,62.890,DEFINABLE
merge,/home/pventura/src/OpenDefAlgSplitting/benches/scale/corpus/full/random_magma_n64_k1_definable_eq_i16.model,66.100,DEFINABLE
merge,/home/pventura/src/OpenDefAlgSplitting/benches/scale/corpus/full/random_magma_n64_k1_definable_eq_i17.model,65.092,DEFINABLE
merge,/home/pventura/src/OpenDefAlgSplitting/benches/scale/corpus/full/random_magma_n64_k1_definable_eq_i18.model,65.656,DEFINABLE
merge,/home/pventura/src/OpenDefAlgSplitting/benches/scale/corpus/full/random_magma_n64_k1_definable_eq_i19.model,66.419,DEFINABLE
merge,/home/pventura/src/OpenDefAlgSplitting/benches/scale/corpus/full/random_magma_n64_k1_definable_eq_i2.model,66.321,DEFINABLE
merge,/home/pventura/src/OpenDefAlgSplitting/benches/scale/corpus/full/random_magma_n64_k1_definable_eq_i20.model,62.461,DEFINABLE
merge,/home/pventura/src/OpenDefAlgSplitting/benches/scale/corpus/full/random_magma_n64_k1_definable_eq_i21.model,62.848,DEFINABLE
merge,/home/pventura/src/OpenDefAlgSplitting/benches/scale/corpus/full/random_magma_n64_k1_definable_eq_i22.model,66.478,DEFINABLE
merge,/home/pventura/src/OpenDefAlgSplitting/benches/scale/corpus/full/random_magma_n64_k1_definable_eq_i23.model,65.601,DEFINABLE
merge,/home/pventura/src/OpenDefAlgSplitting/benches/scale/corpus/full/random_magma_n64_k1_definable_eq_i24.model,66.666,DEFINABLE
merge,/home/pventura/src/OpenDefAlgSplitting/benches/scale/corpus/full/random_magma_n64_k1_definable_eq_i25.model,65.775,DEFINABLE
merge,/home/pventura/src/OpenDefAlgSplitting/benches/scale/corpus/full/random_magma_n64_k1_definable_eq_i26.model,60.339,DEFINABLE
merge,/home/pventura/src/OpenDefAlgSplitting/benches/scale/corpus/full/random_magma_n64_k1_definable_eq_i27.model,64.123,DEFINABLE
merge,/home/pventura/src/OpenDefAlgSplitting/benches/scale/corpus/full/random_magma_n64_k1_definable_eq_i28.model,65.676,DEFINABLE
merge,/home/pventura/src/OpenDefAlgSplitting/benches/scale/corpus/full/random_magma_n64_k1_definable_eq_i29.model,64.434,DEFINABLE
merge,/home/pventura/src/OpenDefAlgSplitting/benches/scale/corpus/full/random_magma_n64_k1_definable_eq_i3.model,65.463,DEFINABLE
merge,/home/pventura/src/OpenDefAlgSplitting/benches/scale/corpus/full/random_magma_n64_k1_definable_eq_i4.model,66.785,DEFINABLE
merge,/home/pventura/src/OpenDefAlgSplitting/benches/scale/corpus/full/random_magma_n64_k1_definable_eq_i5.model,65.415,DEFINABLE
merge,/home/pventura/src/OpenDefAlgSplitting/benches/scale/corpus/full/random_magma_n64_k1_definable_eq_i6.model,67.577,DEFINABLE
merge,/home/pventura/src/OpenDefAlgSplitting/benches/scale/corpus/full/random_magma_n64_k1_definable_eq_i7.model,63.897,DEFINABLE
merge,/home/pventura/src/OpenDefAlgSplitting/benches/scale/corpus/full/random_magma_n64_k1_definable_eq_i8.model,65.202,DEFINABLE
merge,/home/pventura/src/OpenDefAlgSplitting/benches/scale/corpus/full/random_magma_n64_k1_definable_eq_i9.model,64.191,DEFINABLE
merge,/home/pventura/src/OpenDefAlgSplitting/benches/scale/corpus/full/random_magma_n64_k1_nondef_mix_i0.model,64.480,DEFINABLE
merge,/home/pventura/src/OpenDefAlgSplitting/benches/scale/corpus/full/random_magma_n64_k1_nondef_mix_i1.model,65.501,DEFINABLE
merge,/home/pventura/src/OpenDefAlgSplitting/benches/scale/corpus/full/random_magma_n64_k1_nondef_mix_i10.model,64.688,DEFINABLE
merge,/home/pventura/src/OpenDefAlgSplitting/benches/scale/corpus/full/random_magma_n64_k1_nondef_mix_i11.model,63.147,DEFINABLE
merge,/home/pventura/src/OpenDefAlgSplitting/benches/scale/corpus/full/random_magma_n64_k1_nondef_mix_i12.model,64.165,DEFINABLE
merge,/home/pventura/src/OpenDefAlgSplitting/benches/scale/corpus/full/random_magma_n64_k1_nondef_mix_i13.model,65.590,DEFINABLE
merge,/home/pventura/src/OpenDefAlgSplitting/benches/scale/corpus/full/random_magma_n64_k1_nondef_mix_i14.model,49.030,NOT_DEFINABLE
merge,/home/pventura/src/OpenDefAlgSplitting/benches/scale/corpus/full/random_magma_n64_k1_nondef_mix_i15.model,66.353,DEFINABLE
merge,/home/pventura/src/OpenDefAlgSplitting/benches/scale/corpus/full/random_magma_n64_k1_nondef_mix_i16.model,64.132,DEFINABLE
merge,/home/pventura/src/OpenDefAlgSplitting/benches/scale/corpus/full/random_magma_n64_k1_nondef_mix_i17.model,64.199,DEFINABLE
merge,/home/pventura/src/OpenDefAlgSplitting/benches/scale/corpus/full/random_magma_n64_k1_nondef_mix_i18.model,65.468,DEFINABLE
merge,/home/pventura/src/OpenDefAlgSplitting/benches/scale/corpus/full/random_magma_n64_k1_nondef_mix_i19.model,63.976,DEFINABLE
merge,/home/pventura/src/OpenDefAlgSplitting/benches/scale/corpus/full/random_magma_n64_k1_nondef_mix_i2.model,65.999,DEFINABLE
merge,/home/pventura/src/OpenDefAlgSplitting/benches/scale/corpus/full/random_magma_n64_k1_nondef_mix_i20.model,63.934,DEFINABLE
merge,/home/pventura/src/OpenDefAlgSplitting/benches/scale/corpus/full/random_magma_n64_k1_nondef_mix_i21.model,65.699,DEFINABLE
merge,/home/pventura/src/OpenDefAlgSplitting/benches/scale/corpus/full/random_magma_n64_k1_nondef_mix_i22.model,65.996,DEFINABLE
merge,/home/pventura/src/OpenDefAlgSplitting/benches/scale/corpus/full/random_magma_n64_k1_nondef_mix_i23.model,66.698,DEFINABLE
merge,/home/pventura/src/OpenDefAlgSplitting/benches/scale/corpus/full/random_magma_n64_k1_nondef_mix_i24.model,63.363,DEFINABLE
merge,/home/pventura/src/OpenDefAlgSplitting/benches/scale/corpus/full/random_magma_n64_k1_nondef_mix_i25.model,62.812,DEFINABLE
merge,/home/pventura/src/OpenDefAlgSplitting/benches/scale/corpus/full/random_magma_n64_k1_nondef_mix_i26.model,63.780,DEFINABLE
merge,/home/pventura/src/OpenDefAlgSplitting/benches/scale/corpus/full/random_magma_n64_k1_nondef_mix_i27.model,66.869,DEFINABLE
merge,/home/pventura/src/OpenDefAlgSplitting/benches/scale/corpus/full/random_magma_n64_k1_nondef_mix_i28.model,63.533,DEFINABLE
merge,/home/pventura/src/OpenDefAlgSplitting/benches/scale/corpus/full/random_magma_n64_k1_nondef_mix_i29.model,65.477,DEFINABLE
merge,/home/pventura/src/OpenDefAlgSplitting/benches/scale/corpus/full/random_magma_n64_k1_nondef_mix_i3.model,64.971,DEFINABLE
merge,/home/pventura/src/OpenDefAlgSplitting/benches/scale/corpus/full/random_magma_n64_k1_nondef_mix_i4.model,65.704,DEFINABLE
merge,/home/pventura/src/OpenDefAlgSplitting/benches/scale/corpus/full/random_magma_n64_k1_nondef_mix_i5.model,61.721,DEFINABLE
merge,/home/pventura/src/OpenDefAlgSplitting/benches/scale/corpus/full/random_magma_n64_k1_nondef_mix_i6.model,67.341,DEFINABLE
merge,/home/pventura/src/OpenDefAlgSplitting/benches/scale/corpus/full/random_magma_n64_k1_nondef_mix_i7.model,65.891,DEFINABLE
merge,/home/pventura/src/OpenDefAlgSplitting/benches/scale/corpus/full/random_magma_n64_k1_nondef_mix_i8.model,65.830,DEFINABLE
merge,/home/pventura/src/OpenDefAlgSplitting/benches/scale/corpus/full/random_magma_n64_k1_nondef_mix_i9.model,66.706,DEFINABLE
merge,/home/pventura/src/OpenDefAlgSplitting/benches/scale/corpus/full/random_magma_n64_k1_random_half_i0.model,66.267,DEFINABLE
merge,/home/pventura/src/OpenDefAlgSplitting/benches/scale/corpus/full/random_magma_n64_k1_random_half_i1.model,63.610,DEFINABLE
merge,/home/pventura/src/OpenDefAlgSplitting/benches/scale/corpus/full/random_magma_n64_k1_random_half_i10.model,69.067,DEFINABLE
merge,/home/pventura/src/OpenDefAlgSplitting/benches/scale/corpus/full/random_magma_n64_k1_random_half_i11.model,65.718,DEFINABLE
merge,/home/pventura/src/OpenDefAlgSplitting/benches/scale/corpus/full/random_magma_n64_k1_random_half_i12.model,64.354,DEFINABLE
merge,/home/pventura/src/OpenDefAlgSplitting/benches/scale/corpus/full/random_magma_n64_k1_random_half_i13.model,64.647,DEFINABLE
merge,/home/pventura/src/OpenDefAlgSplitting/benches/scale/corpus/full/random_magma_n64_k1_random_half_i14.model,64.920,DEFINABLE
merge,/home/pventura/src/OpenDefAlgSplitting/benches/scale/corpus/full/random_magma_n64_k1_random_half_i15.model,65.548,DEFINABLE
merge,/home/pventura/src/OpenDefAlgSplitting/benches/scale/corpus/full/random_magma_n64_k1_random_half_i16.model,66.372,DEFINABLE
merge,/home/pventura/src/OpenDefAlgSplitting/benches/scale/corpus/full/random_magma_n64_k1_random_half_i17.model,64.703,DEFINABLE
merge,/home/pventura/src/OpenDefAlgSplitting/benches/scale/corpus/full/random_magma_n64_k1_random_half_i18.model,66.168,DEFINABLE
merge,/home/pventura/src/OpenDefAlgSplitting/benches/scale/corpus/full/random_magma_n64_k1_random_half_i19.model,64.615,DEFINABLE
merge,/home/pventura/src/OpenDefAlgSplitting/benches/scale/corpus/full/random_magma_n64_k1_random_half_i2.model,63.868,DEFINABLE
merge,/home/pventura/src/OpenDefAlgSplitting/benches/scale/corpus/full/random_magma_n64_k1_random_half_i20.model,68.026,DEFINABLE
merge,/home/pventura/src/OpenDefAlgSplitting/benches/scale/corpus/full/random_magma_n64_k1_random_half_i21.model,63.660,DEFINABLE
merge,/home/pventura/src/OpenDefAlgSplitting/benches/scale/corpus/full/random_magma_n64_k1_random_half_i22.model,64.873,DEFINABLE
merge,/home/pventura/src/OpenDefAlgSplitting/benches/scale/corpus/full/random_magma_n64_k1_random_half_i23.model,64.685,DEFINABLE
merge,/home/pventura/src/OpenDefAlgSplitting/benches/scale/corpus/full/random_magma_n64_k1_random_half_i24.model,64.812,DEFINABLE
merge,/home/pventura/src/OpenDefAlgSplitting/benches/scale/corpus/full/random_magma_n64_k1_random_half_i25.model,67.702,DEFINABLE
merge,/home/pventura/src/OpenDefAlgSplitting/benches/scale/corpus/full/random_magma_n64_k1_random_half_i26.model,53.286,NOT_DEFINABLE
merge,/home/pventura/src/OpenDefAlgSplitting/benches/scale/corpus/full/random_magma_n64_k1_random_half_i27.model,62.869,DEFINABLE
merge,/home/pventura/src/OpenDefAlgSplitting/benches/scale/corpus/full/random_magma_n64_k1_random_half_i28.model,64.548,DEFINABLE
merge,/home/pventura/src/OpenDefAlgSplitting/benches/scale/corpus/full/random_magma_n64_k1_random_half_i29.model,64.411,DEFINABLE
merge,/home/pventura/src/OpenDefAlgSplitting/benches/scale/corpus/full/random_magma_n64_k1_random_half_i3.model,64.377,DEFINABLE
merge,/home/pventura/src/OpenDefAlgSplitting/benches/scale/corpus/full/random_magma_n64_k1_random_half_i4.model,65.486,DEFINABLE
merge,/home/pventura/src/OpenDefAlgSplitting/benches/scale/corpus/full/random_magma_n64_k1_random_half_i5.model,59.539,NOT_DEFINABLE
merge,/home/pventura/src/OpenDefAlgSplitting/benches/scale/corpus/full/random_magma_n64_k1_random_half_i6.model,65.927,DEFINABLE
merge,/home/pventura/src/OpenDefAlgSplitting/benches/scale/corpus/full/random_magma_n64_k1_random_half_i7.model,66.281,DEFINABLE
merge,/home/pventura/src/OpenDefAlgSplitting/benches/scale/corpus/full/random_magma_n64_k1_random_half_i8.model,63.815,DEFINABLE
merge,/home/pventura/src/OpenDefAlgSplitting/benches/scale/corpus/full/random_magma_n64_k1_random_half_i9.model,65.137,DEFINABLE
merge,/home/pventura/src/OpenDefAlgSplitting/benches/scale/corpus/full/random_magma_n64_k2_definable_eq_i0.model,65.265,DEFINABLE
merge,/home/pventura/src/OpenDefAlgSplitting/benches/scale/corpus/full/random_magma_n64_k2_definable_eq_i1.model,64.007,DEFINABLE
merge,/home/pventura/src/OpenDefAlgSplitting/benches/scale/corpus/full/random_magma_n64_k2_definable_eq_i10.model,61.925,DEFINABLE
merge,/home/pventura/src/OpenDefAlgSplitting/benches/scale/corpus/full/random_magma_n64_k2_definable_eq_i11.model,64.385,DEFINABLE
merge,/home/pventura/src/OpenDefAlgSplitting/benches/scale/corpus/full/random_magma_n64_k2_definable_eq_i12.model,66.039,DEFINABLE
merge,/home/pventura/src/OpenDefAlgSplitting/benches/scale/corpus/full/random_magma_n64_k2_definable_eq_i13.model,65.139,DEFINABLE
merge,/home/pventura/src/OpenDefAlgSplitting/benches/scale/corpus/full/random_magma_n64_k2_definable_eq_i14.model,65.620,DEFINABLE
merge,/home/pventura/src/OpenDefAlgSplitting/benches/scale/corpus/full/random_magma_n64_k2_definable_eq_i15.model,65.961,DEFINABLE
merge,/home/pventura/src/OpenDefAlgSplitting/benches/scale/corpus/full/random_magma_n64_k2_definable_eq_i16.model,64.558,DEFINABLE
merge,/home/pventura/src/OpenDefAlgSplitting/benches/scale/corpus/full/random_magma_n64_k2_definable_eq_i17.model,62.180,DEFINABLE
merge,/home/pventura/src/OpenDefAlgSplitting/benches/scale/corpus/full/random_magma_n64_k2_definable_eq_i18.model,64.445,DEFINABLE
merge,/home/pventura/src/OpenDefAlgSplitting/benches/scale/corpus/full/random_magma_n64_k2_definable_eq_i19.model,65.164,DEFINABLE
merge,/home/pventura/src/OpenDefAlgSplitting/benches/scale/corpus/full/random_magma_n64_k2_definable_eq_i2.model,67.395,DEFINABLE
merge,/home/pventura/src/OpenDefAlgSplitting/benches/scale/corpus/full/random_magma_n64_k2_definable_eq_i20.model,62.539,DEFINABLE
merge,/home/pventura/src/OpenDefAlgSplitting/benches/scale/corpus/full/random_magma_n64_k2_definable_eq_i21.model,63.392,DEFINABLE
merge,/home/pventura/src/OpenDefAlgSplitting/benches/scale/corpus/full/random_magma_n64_k2_definable_eq_i22.model,65.196,DEFINABLE
merge,/home/pventura/src/OpenDefAlgSplitting/benches/scale/corpus/full/random_magma_n64_k2_definable_eq_i23.model,65.027,DEFINABLE
merge,/home/pventura/src/OpenDefAlgSplitting/benches/scale/corpus/full/random_magma_n64_k2_definable_eq_i24.model,67.662,DEFINABLE
merge,/home/pventura/src/OpenDefAlgSplitting/benches/scale/corpus/full/random_magma_n64_k2_definable_eq_i25.model,64.102,DEFINABLE
merge,/home/pventura/src/OpenDefAlgSplitting/benches/scale/corpus/full/random_magma_n64_k2_definable_eq_i26.model,64.202,DEFINABLE
merge,/home/pventura/src/OpenDefAlgSplitting/benches/scale/corpus/full/random_magma_n64_k2_definable_eq_i27.model,60.588,DEFINABLE
merge,/home/pventura/src/OpenDefAlgSplitting/benches/scale/corpus/full/random_magma_n64_k2_definable_eq_i28.model,64.462,DEFINABLE
merge,/home/pventura/src/OpenDefAlgSplitting/benches/scale/corpus/full/random_magma_n64_k2_definable_eq_i29.model,65.148,DEFINABLE
merge,/home/pventura/src/OpenDefAlgSplitting/benches/scale/corpus/full/random_magma_n64_k2_definable_eq_i3.model,63.614,DEFINABLE
merge,/home/pventura/src/OpenDefAlgSplitting/benches/scale/corpus/full/random_magma_n64_k2_definable_eq_i4.model,63.665,DEFINABLE
merge,/home/pventura/src/OpenDefAlgSplitting/benches/scale/corpus/full/random_magma_n64_k2_definable_eq_i5.model,63.655,DEFINABLE
merge,/home/pventura/src/OpenDefAlgSplitting/benches/scale/corpus/full/random_magma_n64_k2_definable_eq_i6.model,63.841,DEFINABLE
merge,/home/pventura/src/OpenDefAlgSplitting/benches/scale/corpus/full/random_magma_n64_k2_definable_eq_i7.model,66.257,DEFINABLE
merge,/home/pventura/src/OpenDefAlgSplitting/benches/scale/corpus/full/random_magma_n64_k2_definable_eq_i8.model,63.458,DEFINABLE
merge,/home/pventura/src/OpenDefAlgSplitting/benches/scale/corpus/full/random_magma_n64_k2_definable_eq_i9.model,65.861,DEFINABLE
merge,/home/pventura/src/OpenDefAlgSplitting/benches/scale/corpus/full/random_magma_n64_k2_nondef_mix_i0.model,6539.576,DEFINABLE
merge,/home/pventura/src/OpenDefAlgSplitting/benches/scale/corpus/full/random_magma_n64_k2_nondef_mix_i1.model,6421.579,DEFINABLE
merge,/home/pventura/src/OpenDefAlgSplitting/benches/scale/corpus/full/random_magma_n64_k2_nondef_mix_i10.model,5926.329,DEFINABLE
merge,/home/pventura/src/OpenDefAlgSplitting/benches/scale/corpus/full/random_magma_n64_k2_nondef_mix_i11.model,6323.230,DEFINABLE
merge,/home/pventura/src/OpenDefAlgSplitting/benches/scale/corpus/full/random_magma_n64_k2_nondef_mix_i12.model,5921.361,DEFINABLE
merge,/home/pventura/src/OpenDefAlgSplitting/benches/scale/corpus/full/random_magma_n64_k2_nondef_mix_i13.model,6302.707,DEFINABLE
merge,/home/pventura/src/OpenDefAlgSplitting/benches/scale/corpus/full/random_magma_n64_k2_nondef_mix_i14.model,6282.692,DEFINABLE
merge,/home/pventura/src/OpenDefAlgSplitting/benches/scale/corpus/full/random_magma_n64_k2_nondef_mix_i15.model,6195.540,NOT_DEFINABLE
merge,/home/pventura/src/OpenDefAlgSplitting/benches/scale/corpus/full/random_magma_n64_k2_nondef_mix_i16.model,5900.355,DEFINABLE
merge,/home/pventura/src/OpenDefAlgSplitting/benches/scale/corpus/full/random_magma_n64_k2_nondef_mix_i17.model,5966.290,DEFINABLE
merge,/home/pventura/src/OpenDefAlgSplitting/benches/scale/corpus/full/random_magma_n64_k2_nondef_mix_i18.model,5854.780,DEFINABLE
merge,/home/pventura/src/OpenDefAlgSplitting/benches/scale/corpus/full/random_magma_n64_k2_nondef_mix_i19.model,5898.901,DEFINABLE
merge,/home/pventura/src/OpenDefAlgSplitting/benches/scale/corpus/full/random_magma_n64_k2_nondef_mix_i2.model,6338.809,DEFINABLE
merge,/home/pventura/src/OpenDefAlgSplitting/benches/scale/corpus/full/random_magma_n64_k2_nondef_mix_i20.model,5962.648,DEFINABLE
merge,/home/pventura/src/OpenDefAlgSplitting/benches/scale/corpus/full/random_magma_n64_k2_nondef_mix_i21.model,5931.200,DEFINABLE
merge,/home/pventura/src/OpenDefAlgSplitting/benches/scale/corpus/full/random_magma_n64_k2_nondef_mix_i22.model,6309.936,DEFINABLE
merge,/home/pventura/src/OpenDefAlgSplitting/benches/scale/corpus/full/random_magma_n64_k2_nondef_mix_i23.model,6331.265,NOT_DEFINABLE
merge,/home/pventura/src/OpenDefAlgSplitting/benches/scale/corpus/full/random_magma_n64_k2_nondef_mix_i24.model,6288.696,NOT_DEFINABLE
merge,/home/pventura/src/OpenDefAlgSplitting/benches/scale/corpus/full/random_magma_n64_k2_nondef_mix_i25.model,5911.580,DEFINABLE
merge,/home/pventura/src/OpenDefAlgSplitting/benches/scale/corpus/full/random_magma_n64_k2_nondef_mix_i26.model,6400.397,DEFINABLE
merge,/home/pventura/src/OpenDefAlgSplitting/benches/scale/corpus/full/random_magma_n64_k2_nondef_mix_i27.model,5866.888,DEFINABLE
merge,/home/pventura/src/OpenDefAlgSplitting/benches/scale/corpus/full/random_magma_n64_k2_nondef_mix_i28.model,6302.619,DEFINABLE
merge,/home/pventura/src/OpenDefAlgSplitting/benches/scale/corpus/full/random_magma_n64_k2_nondef_mix_i29.model,6357.248,DEFINABLE
merge,/home/pventura/src/OpenDefAlgSplitting/benches/scale/corpus/full/random_magma_n64_k2_nondef_mix_i3.model,6359.518,DEFINABLE
merge,/home/pventura/src/OpenDefAlgSplitting/benches/scale/corpus/full/random_magma_n64_k2_nondef_mix_i4.model,6269.330,NOT_DEFINABLE
merge,/home/pventura/src/OpenDefAlgSplitting/benches/scale/corpus/full/random_magma_n64_k2_nondef_mix_i5.model,6402.887,DEFINABLE
merge,/home/pventura/src/OpenDefAlgSplitting/benches/scale/corpus/full/random_magma_n64_k2_nondef_mix_i6.model,6393.631,DEFINABLE
merge,/home/pventura/src/OpenDefAlgSplitting/benches/scale/corpus/full/random_magma_n64_k2_nondef_mix_i7.model,6288.397,DEFINABLE
merge,/home/pventura/src/OpenDefAlgSplitting/benches/scale/corpus/full/random_magma_n64_k2_nondef_mix_i8.model,6310.210,DEFINABLE
merge,/home/pventura/src/OpenDefAlgSplitting/benches/scale/corpus/full/random_magma_n64_k2_nondef_mix_i9.model,6298.213,NOT_DEFINABLE
merge,/home/pventura/src/OpenDefAlgSplitting/benches/scale/corpus/full/random_magma_n64_k2_random_half_i0.model,5937.749,DEFINABLE
merge,/home/pventura/src/OpenDefAlgSplitting/benches/scale/corpus/full/random_magma_n64_k2_random_half_i1.model,5937.623,DEFINABLE
merge,/home/pventura/src/OpenDefAlgSplitting/benches/scale/corpus/full/random_magma_n64_k2_random_half_i10.model,6073.614,DEFINABLE
merge,/home/pventura/src/OpenDefAlgSplitting/benches/scale/corpus/full/random_magma_n64_k2_random_half_i11.model,5876.116,DEFINABLE
merge,/home/pventura/src/OpenDefAlgSplitting/benches/scale/corpus/full/random_magma_n64_k2_random_half_i12.model,6344.752,DEFINABLE
merge,/home/pventura/src/OpenDefAlgSplitting/benches/scale/corpus/full/random_magma_n64_k2_random_half_i13.model,5928.988,DEFINABLE
merge,/home/pventura/src/OpenDefAlgSplitting/benches/scale/corpus/full/random_magma_n64_k2_random_half_i14.model,5939.496,DEFINABLE
merge,/home/pventura/src/OpenDefAlgSplitting/benches/scale/corpus/full/random_magma_n64_k2_random_half_i15.model,6319.672,DEFINABLE
merge,/home/pventura/src/OpenDefAlgSplitting/benches/scale/corpus/full/random_magma_n64_k2_random_half_i16.model,6322.187,DEFINABLE
merge,/home/pventura/src/OpenDefAlgSplitting/benches/scale/corpus/full/random_magma_n64_k2_random_half_i17.model,6338.637,DEFINABLE
merge,/home/pventura/src/OpenDefAlgSplitting/benches/scale/corpus/full/random_magma_n64_k2_random_half_i18.model,6326.869,DEFINABLE
merge,/home/pventura/src/OpenDefAlgSplitting/benches/scale/corpus/full/random_magma_n64_k2_random_half_i19.model,6352.661,DEFINABLE
merge,/home/pventura/src/OpenDefAlgSplitting/benches/scale/corpus/full/random_magma_n64_k2_random_half_i2.model,6347.685,DEFINABLE
merge,/home/pventura/src/OpenDefAlgSplitting/benches/scale/corpus/full/random_magma_n64_k2_random_half_i20.model,5917.713,DEFINABLE
merge,/home/pventura/src/OpenDefAlgSplitting/benches/scale/corpus/full/random_magma_n64_k2_random_half_i21.model,6320.771,DEFINABLE
merge,/home/pventura/src/OpenDefAlgSplitting/benches/scale/corpus/full/random_magma_n64_k2_random_half_i22.model,6360.370,DEFINABLE
merge,/home/pventura/src/OpenDefAlgSplitting/benches/scale/corpus/full/random_magma_n64_k2_random_half_i23.model,6316.426,DEFINABLE
merge,/home/pventura/src/OpenDefAlgSplitting/benches/scale/corpus/full/random_magma_n64_k2_random_half_i24.model,6279.755,NOT_DEFINABLE
merge,/home/pventura/src/OpenDefAlgSplitting/benches/scale/corpus/full/random_magma_n64_k2_random_half_i25.model,6251.680,NOT_DEFINABLE
merge,/home/pventura/src/OpenDefAlgSplitting/benches/scale/corpus/full/random_magma_n64_k2_random_half_i26.model,6375.707,DEFINABLE
merge,/home/pventura/src/OpenDefAlgSplitting/benches/scale/corpus/full/random_magma_n64_k2_random_half_i27.model,6419.927,DEFINABLE
merge,/home/pventura/src/OpenDefAlgSplitting/benches/scale/corpus/full/random_magma_n64_k2_random_half_i28.model,6461.025,DEFINABLE
merge,/home/pventura/src/OpenDefAlgSplitting/benches/scale/corpus/full/random_magma_n64_k2_random_half_i29.model,6009.908,DEFINABLE
merge,/home/pventura/src/OpenDefAlgSplitting/benches/scale/corpus/full/random_magma_n64_k2_random_half_i3.model,6009.310,DEFINABLE
merge,/home/pventura/src/OpenDefAlgSplitting/benches/scale/corpus/full/random_magma_n64_k2_random_half_i4.model,6018.066,DEFINABLE
merge,/home/pventura/src/OpenDefAlgSplitting/benches/scale/corpus/full/random_magma_n64_k2_random_half_i5.model,6427.164,DEFINABLE
merge,/home/pventura/src/OpenDefAlgSplitting/benches/scale/corpus/full/random_magma_n64_k2_random_half_i6.model,6009.270,DEFINABLE
merge,/home/pventura/src/OpenDefAlgSplitting/benches/scale/corpus/full/random_magma_n64_k2_random_half_i7.model,6299.810,NOT_DEFINABLE
merge,/home/pventura/src/OpenDefAlgSplitting/benches/scale/corpus/full/random_magma_n64_k2_random_half_i8.model,6305.103,NOT_DEFINABLE
merge,/home/pventura/src/OpenDefAlgSplitting/benches/scale/corpus/full/random_magma_n64_k2_random_half_i9.model,5974.337,DEFINABLE
merge,/home/pventura/src/OpenDefAlgSplitting/benches/scale/corpus/full/random_magma_n8_k1_definable_eq_i0.model,0.196,DEFINABLE
merge,/home/pventura/src/OpenDefAlgSplitting/benches/scale/corpus/full/random_magma_n8_k1_definable_eq_i1.model,0.232,DEFINABLE
merge,/home/pventura/src/OpenDefAlgSplitting/benches/scale/corpus/full/random_magma_n8_k1_definable_eq_i10.model,0.163,DEFINABLE
merge,/home/pventura/src/OpenDefAlgSplitting/benches/scale/corpus/full/random_magma_n8_k1_definable_eq_i11.model,0.184,DEFINABLE
merge,/home/pventura/src/OpenDefAlgSplitting/benches/scale/corpus/full/random_magma_n8_k1_definable_eq_i12.model,0.189,DEFINABLE
merge,/home/pventura/src/OpenDefAlgSplitting/benches/scale/corpus/full/random_magma_n8_k1_definable_eq_i13.model,0.223,DEFINABLE
merge,/home/pventura/src/OpenDefAlgSplitting/benches/scale/corpus/full/random_magma_n8_k1_definable_eq_i14.model,0.191,DEFINABLE
merge,/home/pventura/src/OpenDefAlgSplitting/benches/scale/corpus/full/random_magma_n8_k1_definable_eq_i15.model,0.229,DEFINABLE
merge,/home/pventura/src/OpenDefAlgSplitting/benches/scale/corpus/full/random_magma_n8_k1_definable_eq_i16.model,0.187,NOT_DEFINABLE
merge,/home/pventura/src/OpenDefAlgSplitting/benches/scale/corpus/full/random_magma_n8_k1_definable_eq_i17.model,0.178,DEFINABLE
merge,/home/pventura/src/OpenDefAlgSplitting/benches/scale/corpus/full/random_magma_n8_k1_definable_eq_i18.model,0.212,DEFINABLE
merge,/home/pventura/src/OpenDefAlgSplitting/benches/scale/corpus/full/random_magma_n8_k1_definable_eq_i19.model,0.165,DEFINABLE
merge,/home/pventura/src/OpenDefAlgSplitting/benches/scale/corpus/full/random_magma_n8_k1_definable_eq_i2.model,0.189,DEFINABLE
merge,/home/pventura/src/OpenDefAlgSplitting/benches/scale/corpus/full/random_magma_n8_k1_definable_eq_i20.model,0.171,DEFINABLE
merge,/home/pventura/src/OpenDefAlgSplitting/benches/scale/corpus/full/random_magma_n8_k1_definable_eq_i21.model,0.186,DEFINABLE
merge,/home/pventura/src/OpenDefAlgSplitting/benches/scale/corpus/full/random_magma_n8_k1_definable_eq_i22.model,0.195,DEFINABLE
merge,/home/pventura/src/OpenDefAlgSplitting/benches/scale/corpus/full/random_magma_n8_k1_definable_eq_i23.model,0.166,DEFINABLE
merge,/home/pventura/src/OpenDefAlgSplitting/benches/scale/corpus/full/random_magma_n8_k1_definable_eq_i24.model,0.184,DEFINABLE
merge,/home/pventura/src/OpenDefAlgSplitting/benches/scale/corpus/full/random_magma_n8_k1_definable_eq_i25.model,0.163,DEFINABLE
merge,/home/pventura/src/OpenDefAlgSplitting/benches/scale/corpus/full/random_magma_n8_k1_definable_eq_i26.model,0.217,DEFINABLE
merge,/home/pventura/src/OpenDefAlgSplitting/benches/scale/corpus/full/random_magma_n8_k1_definable_eq_i27.model,0.189,DEFINABLE
merge,/home/pventura/src/OpenDefAlgSplitting/benches/scale/corpus/full/random_magma_n8_k1_definable_eq_i28.model,0.184,DEFINABLE
merge,/home/pventura/src/OpenDefAlgSplitting/benches/scale/corpus/full/random_magma_n8_k1_definable_eq_i29.model,0.182,DEFINABLE
merge,/home/pventura/src/OpenDefAlgSplitting/benches/scale/corpus/full/random_magma_n8_k1_definable_eq_i3.model,0.211,DEFINABLE
merge,/home/pventura/src/OpenDefAlgSplitting/benches/scale/corpus/full/random_magma_n8_k1_definable_eq_i4.model,0.188,DEFINABLE
merge,/home/pventura/src/OpenDefAlgSplitting/benches/scale/corpus/full/random_magma_n8_k1_definable_eq_i5.model,0.196,DEFINABLE
merge,/home/pventura/src/OpenDefAlgSplitting/benches/scale/corpus/full/random_magma_n8_k1_definable_eq_i6.model,0.087,NOT_DEFINABLE
merge,/home/pventura/src/OpenDefAlgSplitting/benches/scale/corpus/full/random_magma_n8_k1_definable_eq_i7.model,0.194,DEFINABLE
merge,/home/pventura/src/OpenDefAlgSplitting/benches/scale/corpus/full/random_magma_n8_k1_definable_eq_i8.model,0.184,DEFINABLE
merge,/home/pventura/src/OpenDefAlgSplitting/benches/scale/corpus/full/random_magma_n8_k1_definable_eq_i9.model,0.189,DEFINABLE
merge,/home/pventura/src/OpenDefAlgSplitting/benches/scale/corpus/full/random_magma_n8_k1_nondef_mix_i0.model,0.201,DEFINABLE
merge,/home/pventura/src/OpenDefAlgSplitting/benches/scale/corpus/full/random_magma_n8_k1_nondef_mix_i1.model,0.200,DEFINABLE
merge,/home/pventura/src/OpenDefAlgSplitting/benches/scale/corpus/full/random_magma_n8_k1_nondef_mix_i10.model,0.157,DEFINABLE
merge,/home/pventura/src/OpenDefAlgSplitting/benches/scale/corpus/full/random_magma_n8_k1_nondef_mix_i11.model,0.198,DEFINABLE
merge,/home/pventura/src/OpenDefAlgSplitting/benches/scale/corpus/full/random_magma_n8_k1_nondef_mix_i12.model,0.205,DEFINABLE
merge,/home/pventura/src/OpenDefAlgSplitting/benches/scale/corpus/full/random_magma_n8_k1_nondef_mix_i13.model,0.244,DEFINABLE
merge,/home/pventura/src/OpenDefAlgSplitting/benches/scale/corpus/full/random_magma_n8_k1_nondef_mix_i14.model,0.198,NOT_DEFINABLE
merge,/home/pventura/src/OpenDefAlgSplitting/benches/scale/corpus/full/random_magma_n8_k1_nondef_mix_i15.model,0.120,NOT_DEFINABLE
merge,/home/pventura/src/OpenDefAlgSplitting/benches/scale/corpus/full/random_magma_n8_k1_nondef_mix_i16.model,0.180,DEFINABLE
merge,/home/pventura/src/OpenDefAlgSplitting/benches/scale/corpus/full/random_magma_n8_k1_nondef_mix_i17.model,0.165,NOT_DEFINABLE
merge,/home/pventura/src/OpenDefAlgSplitting/benches/scale/corpus/full/random_magma_n8_k1_nondef_mix_i18.model,0.048,NOT_DEFINABLE
merge,/home/pventura/src/OpenDefAlgSplitting/benches/scale/corpus/full/random_magma_n8_k1_nondef_mix_i19.model,0.181,DEFINABLE
merge,/home/pventura/src/OpenDefAlgSplitting/benches/scale/corpus/full/random_magma_n8_k1_nondef_mix_i2.model,0.202,DEFINABLE
merge,/home/pventura/src/OpenDefAlgSplitting/benches/scale/corpus/full/random_magma_n8_k1_nondef_mix_i20.model,0.276,DEFINABLE
merge,/home/pventura/src/OpenDefAlgSplitting/benches/scale/corpus/full/random_magma_n8_k1_nondef_mix_i21.model,0.182,DEFINABLE
merge,/home/pventura/src/OpenDefAlgSplitting/benches/scale/corpus/full/random_magma_n8_k1_nondef_mix_i22.model,0.167,DEFINABLE
merge,/home/pventura/src/OpenDefAlgSplitting/benches/scale/corpus/full/random_magma_n8_k1_nondef_mix_i23.model,0.189,DEFINABLE
merge,/home/pventura/src/OpenDefAlgSplitting/benches/scale/corpus/full/random_magma_n8_k1_nondef_mix_i24.model,0.200,DEFINABLE
merge,/home/pventura/src/OpenDefAlgSplitting/benches/scale/corpus/full/random_magma_n8_k1_nondef_mix_i25.model,0.204,DEFINABLE
merge,/home/pventura/src/OpenDefAlgSplitting/benches/scale/corpus/full/random_magma_n8_k1_nondef_mix_i26.model,0.195,NOT_DEFINABLE
merge,/home/pventura/src/OpenDefAlgSplitting/benches/scale/corpus/full/random_magma_n8_k1_nondef_mix_i27.model,0.196,DEFINABLE
merge,/home/pventura/src/OpenDefAlgSplitting/benches/scale/corpus/full/random_magma_n8_k1_nondef_mix_i28.model,0.193,DEFINABLE
merge,/home/pventura/src/OpenDefAlgSplitting/benches/scale/corpus/full/random_magma_n8_k1_nondef_mix_i29.model,0.211,DEFINABLE
merge,/home/pventura/src/OpenDefAlgSplitting/benches/scale/corpus/full/random_magma_n8_k1_nondef_mix_i3.model,0.213,DEFINABLE
merge,/home/pventura/src/OpenDefAlgSplitting/benches/scale/corpus/full/random_magma_n8_k1_nondef_mix_i4.model,0.217,DEFINABLE
merge,/home/pventura/src/OpenDefAlgSplitting/benches/scale/corpus/full/random_magma_n8_k1_nondef_mix_i5.model,0.216,DEFINABLE
merge,/home/pventura/src/OpenDefAlgSplitting/benches/scale/corpus/full/random_magma_n8_k1_nondef_mix_i6.model,0.203,DEFINABLE
merge,/home/pventura/src/OpenDefAlgSplitting/benches/scale/corpus/full/random_magma_n8_k1_nondef_mix_i7.model,0.224,DEFINABLE
merge,/home/pventura/src/OpenDefAlgSplitting/benches/scale/corpus/full/random_magma_n8_k1_nondef_mix_i8.model,0.199,DEFINABLE
merge,/home/pventura/src/OpenDefAlgSplitting/benches/scale/corpus/full/random_magma_n8_k1_nondef_mix_i9.model,0.240,DEFINABLE
merge,/home/pventura/src/OpenDefAlgSplitting/benches/scale/corpus/full/random_magma_n8_k1_random_half_i0.model,0.192,DEFINABLE
merge,/home/pventura/src/OpenDefAlgSplitting/benches/scale/corpus/full/random_magma_n8_k1_random_half_i1.model,0.117,NOT_DEFINABLE
merge,/home/pventura/src/OpenDefAlgSplitting/benches/scale/corpus/full/random_magma_n8_k1_random_half_i10.model,0.199,DEFINABLE
merge,/home/pventura/src/OpenDefAlgSplitting/benches/scale/corpus/full/random_magma_n8_k1_random_half_i11.model,0.151,NOT_DEFINABLE
merge,/home/pventura/src/OpenDefAlgSplitting/benches/scale/corpus/full/random_magma_n8_k1_random_half_i12.model,0.156,NOT_DEFINABLE
merge,/home/pventura/src/OpenDefAlgSplitting/benches/scale/corpus/full/random_magma_n8_k1_random_half_i13.model,0.186,DEFINABLE
merge,/home/pventura/src/OpenDefAlgSplitting/benches/scale/corpus/full/random_magma_n8_k1_random_half_i14.model,0.191,DEFINABLE
merge,/home/pventura/src/OpenDefAlgSplitting/benches/scale/corpus/full/random_magma_n8_k1_random_half_i15.model,0.186,DEFINABLE
merge,/home/pventura/src/OpenDefAlgSplitting/benches/scale/corpus/full/random_magma_n8_k1_random_half_i16.model,0.160,DEFINABLE
merge,/home/pventura/src/OpenDefAlgSplitting/benches/scale/corpus/full/random_magma_n8_k1_random_half_i17.model,0.187,DEFINABLE
merge,/home/pventura/src/OpenDefAlgSplitting/benches/scale/corpus/full/random_magma_n8_k1_random_half_i18.model,0.184,DEFINABLE
merge,/home/pventura/src/OpenDefAlgSplitting/benches/scale/corpus/full/random_magma_n8_k1_random_half_i19.model,0.187,DEFINABLE
merge,/home/pventura/src/OpenDefAlgSplitting/benches/scale/corpus/full/random_magma_n8_k1_random_half_i2.model,0.209,DEFINABLE
merge,/home/pventura/src/OpenDefAlgSplitting/benches/scale/corpus/full/random_magma_n8_k1_random_half_i20.model,0.120,NOT_DEFINABLE
merge,/home/pventura/src/OpenDefAlgSplitting/benches/scale/corpus/full/random_magma_n8_k1_random_half_i21.model,0.181,DEFINABLE
merge,/home/pventura/src/OpenDefAlgSplitting/benches/scale/corpus/full/random_magma_n8_k1_random_half_i22.model,0.209,DEFINABLE
merge,/home/pventura/src/OpenDefAlgSplitting/benches/scale/corpus/full/random_magma_n8_k1_random_half_i23.model,0.098,NOT_DEFINABLE
merge,/home/pventura/src/OpenDefAlgSplitting/benches/scale/corpus/full/random_magma_n8_k1_random_half_i24.model,0.159,DEFINABLE
merge,/home/pventura/src/OpenDefAlgSplitting/benches/scale/corpus/full/random_magma_n8_k1_random_half_i25.model,0.180,DEFINABLE
merge,/home/pventura/src/OpenDefAlgSplitting/benches/scale/corpus/full/random_magma_n8_k1_random_half_i26.model,0.201,DEFINABLE
merge,/home/pventura/src/OpenDefAlgSplitting/benches/scale/corpus/full/random_magma_n8_k1_random_half_i27.model,0.226,DEFINABLE
merge,/home/pventura/src/OpenDefAlgSplitting/benches/scale/corpus/full/random_magma_n8_k1_random_half_i28.model,0.202,DEFINABLE
merge,/home/pventura/src/OpenDefAlgSplitting/benches/scale/corpus/full/random_magma_n8_k1_random_half_i29.model,0.188,DEFINABLE
merge,/home/pventura/src/OpenDefAlgSplitting/benches/scale/corpus/full/random_magma_n8_k1_random_half_i3.model,0.211,DEFINABLE
merge,/home/pventura/src/OpenDefAlgSplitting/benches/scale/corpus/full/random_magma_n8_k1_random_half_i4.model,0.124,NOT_DEFINABLE
merge,/home/pventura/src/OpenDefAlgSplitting/benches/scale/corpus/full/random_magma_n8_k1_random_half_i5.model,0.210,DEFINABLE
merge,/home/pventura/src/OpenDefAlgSplitting/benches/scale/corpus/full/random_magma_n8_k1_random_half_i6.model,0.212,DEFINABLE
merge,/home/pventura/src/OpenDefAlgSplitting/benches/scale/corpus/full/random_magma_n8_k1_random_half_i7.model,0.175,DEFINABLE
merge,/home/pventura/src/OpenDefAlgSplitting/benches/scale/corpus/full/random_magma_n8_k1_random_half_i8.model,0.160,NOT_DEFINABLE
merge,/home/pventura/src/OpenDefAlgSplitting/benches/scale/corpus/full/random_magma_n8_k1_random_half_i9.model,0.211,DEFINABLE
merge,/home/pventura/src/OpenDefAlgSplitting/benches/scale/corpus/full/random_magma_n8_k2_definable_eq_i0.model,0.176,DEFINABLE
merge,/home/pventura/src/OpenDefAlgSplitting/benches/scale/corpus/full/random_magma_n8_k2_definable_eq_i1.model,0.208,DEFINABLE
merge,/home/pventura/src/OpenDefAlgSplitting/benches/scale/corpus/full/random_magma_n8_k2_definable_eq_i10.model,0.205,DEFINABLE
merge,/home/pventura/src/OpenDefAlgSplitting/benches/scale/corpus/full/random_magma_n8_k2_definable_eq_i11.model,0.207,DEFINABLE
merge,/home/pventura/src/OpenDefAlgSplitting/benches/scale/corpus/full/random_magma_n8_k2_definable_eq_i12.model,0.176,DEFINABLE
merge,/home/pventura/src/OpenDefAlgSplitting/benches/scale/corpus/full/random_magma_n8_k2_definable_eq_i13.model,0.211,DEFINABLE
merge,/home/pventura/src/OpenDefAlgSplitting/benches/scale/corpus/full/random_magma_n8_k2_definable_eq_i14.model,0.156,DEFINABLE
merge,/home/pventura/src/OpenDefAlgSplitting/benches/scale/corpus/full/random_magma_n8_k2_definable_eq_i15.model,0.185,DEFINABLE
merge,/home/pventura/src/OpenDefAlgSplitting/benches/scale/corpus/full/random_magma_n8_k2_definable_eq_i16.model,0.199,DEFINABLE
merge,/home/pventura/src/OpenDefAlgSplitting/benches/scale/corpus/full/random_magma_n8_k2_definable_eq_i17.model,0.190,DEFINABLE
merge,/home/pventura/src/OpenDefAlgSplitting/benches/scale/corpus/full/random_magma_n8_k2_definable_eq_i18.model,0.205,DEFINABLE
merge,/home/pventura/src/OpenDefAlgSplitting/benches/scale/corpus/full/random_magma_n8_k2_definable_eq_i19.model,0.181,DEFINABLE
merge,/home/pventura/src/OpenDefAlgSplitting/benches/scale/corpus/full/random_magma_n8_k2_definable_eq_i2.model,0.164,DEFINABLE
merge,/home/pventura/src/OpenDefAlgSplitting/benches/scale/corpus/full/random_magma_n8_k2_definable_eq_i20.model,0.191,DEFINABLE
merge,/home/pventura/src/OpenDefAlgSplitting/benches/scale/corpus/full/random_magma_n8_k2_definable_eq_i21.model,0.199,DEFINABLE
merge,/home/pventura/src/OpenDefAlgSplitting/benches/scale/corpus/full/random_magma_n8_k2_definable_eq_i22.model,0.207,DEFINABLE
merge,/home/pventura/src/OpenDefAlgSplitting/benches/scale/corpus/full/random_magma_n8_k2_definable_eq_i23.model,0.205,DEFINABLE
merge,/home/pventura/src/OpenDefAlgSplitting/benches/scale/corpus/full/random_magma_n8_k2_definable_eq_i24.model,0.194,DEFINABLE
merge,/home/pventura/src/OpenDefAlgSplitting/benches/scale/corpus/full/random_magma_n8_k2_definable_eq_i25.model,0.158,DEFINABLE
merge,/home/pventura/src/OpenDefAlgSplitting/benches/scale/corpus/full/random_magma_n8_k2_definable_eq_i26.model,0.179,DEFINABLE
merge,/home/pventura/src/OpenDefAlgSplitting/benches/scale/corpus/full/random_magma_n8_k2_definable_eq_i27.model,0.168,DEFINABLE
merge,/home/pventura/src/OpenDefAlgSplitting/benches/scale/corpus/full/random_magma_n8_k2_definable_eq_i28.model,0.197,DEFINABLE
merge,/home/pventura/src/OpenDefAlgSplitting/benches/scale/corpus/full/random_magma_n8_k2_definable_eq_i29.model,0.217,DEFINABLE
merge,/home/pventura/src/OpenDefAlgSplitting/benches/scale/corpus/full/random_magma_n8_k2_definable_eq_i3.model,0.182,DEFINABLE
merge,/home/pventura/src/OpenDefAlgSplitting/benches/scale/corpus/full/random_magma_n8_k2_definable_eq_i4.model,0.209,DEFINABLE
merge,/home/pventura/src/OpenDefAlgSplitting/benches/scale/corpus/full/random_magma_n8_k2_definable_eq_i5.model,0.198,DEFINABLE
merge,/home/pventura/src/OpenDefAlgSplitting/benches/scale/corpus/full/random_magma_n8_k2_definable_eq_i6.model,0.167,DEFINABLE
merge,/home/pventura/src/OpenDefAlgSplitting/benches/scale/corpus/full/random_magma_n8_k2_definable_eq_i7.model,0.196,DEFINABLE
merge,/home/pventura/src/OpenDefAlgSplitting/benches/scale/corpus/full/random_magma_n8_k2_definable_eq_i8.model,0.204,DEFINABLE
merge,/home/pventura/src/OpenDefAlgSplitting/benches/scale/corpus/full/random_magma_n8_k2_definable_eq_i9.model,0.185,DEFINABLE
merge,/home/pventura/src/OpenDefAlgSplitting/benches/scale/corpus/full/random_magma_n8_k2_nondef_mix_i0.model,1.245,DEFINABLE
merge,/home/pventura/src/OpenDefAlgSplitting/benches/scale/corpus/full/random_magma_n8_k2_nondef_mix_i1.model,1.348,DEFINABLE
merge,/home/pventura/src/OpenDefAlgSplitting/benches/scale/corpus/full/random_magma_n8_k2_nondef_mix_i10.model,0.866,NOT_DEFINABLE
merge,/home/pventura/src/OpenDefAlgSplitting/benches/scale/corpus/full/random_magma_n8_k2_nondef_mix_i11.model,0.113,NOT_DEFINABLE
merge,/home/pventura/src/OpenDefAlgSplitting/benches/scale/corpus/full/random_magma_n8_k2_nondef_mix_i12.model,1.199,DEFINABLE
merge,/home/pventura/src/OpenDefAlgSplitting/benches/scale/corpus/full/random_magma_n8_k2_nondef_mix_i13.model,1.249,DEFINABLE
merge,/home/pventura/src/OpenDefAlgSplitting/benches/scale/corpus/full/random_magma_n8_k2_nondef_mix_i14.model,1.267,DEFINABLE
merge,/home/pventura/src/OpenDefAlgSplitting/benches/scale/corpus/full/random_magma_n8_k2_nondef_mix_i15.model,1.258,DEFINABLE
merge,/home/pventura/src/OpenDefAlgSplitting/benches/scale/corpus/full/random_magma_n8_k2_nondef_mix_i16.model,1.267,NOT_DEFINABLE
merge,/home/pventura/src/OpenDefAlgSplitting/benches/scale/corpus/full/random_magma_n8_k2_nondef_mix_i17.model,1.243,DEFINABLE
merge,/home/pventura/src/OpenDefAlgSplitting/benches/scale/corpus/full/random_magma_n8_k2_nondef_mix_i18.model,1.336,DEFINABLE
merge,/home/pventura/src/OpenDefAlgSplitting/benches/scale/corpus/full/random_magma_n8_k2_nondef_mix_i19.model,1.328,DEFINABLE
merge,/home/pventura/src/OpenDefAlgSplitting/benches/scale/corpus/full/random_magma_n8_k2_nondef_mix_i2.model,1.292,DEFINABLE
merge,/home/pventura/src/OpenDefAlgSplitting/benches/scale/corpus/full/random_magma_n8_k2_nondef_mix_i20.model,1.283,DEFINABLE
merge,/home/pventura/src/OpenDefAlgSplitting/benches/scale/corpus/full/random_magma_n8_k2_nondef_mix_i21.model,1.297,DEFINABLE
merge,/home/pventura/src/OpenDefAlgSplitting/benches/scale/corpus/full/random_magma_n8_k2_nondef_mix_i22.model,1.248,DEFINABLE
merge,/home/pventura/src/OpenDefAlgSplitting/benches/scale/corpus/full/random_magma_n8_k2_nondef_mix_i23.model,1.309,DEFINABLE
merge,/home/pventura/src/OpenDefAlgSplitting/benches/scale/corpus/full/random_magma_n8_k2_nondef_mix_i24.model,1.243,DEFINABLE
merge,/home/pventura/src/OpenDefAlgSplitting/benches/scale/corpus/full/random_magma_n8_k2_nondef_mix_i25.model,1.285,DEFINABLE
merge,/home/pventura/src/OpenDefAlgSplitting/benches/scale/corpus/full/random_magma_n8_k2_nondef_mix_i26.model,1.263,DEFINABLE
merge,/home/pventura/src/OpenDefAlgSplitting/benches/scale/corpus/full/random_magma_n8_k2_nondef_mix_i27.model,1.315,DEFINABLE
merge,/home/pventura/src/OpenDefAlgSplitting/benches/scale/corpus/full/random_magma_n8_k2_nondef_mix_i28.model,1.296,NOT_DEFINABLE
merge,/home/pventura/src/OpenDefAlgSplitting/benches/scale/corpus/full/random_magma_n8_k2_nondef_mix_i29.model,1.349,DEFINABLE
merge,/home/pventura/src/OpenDefAlgSplitting/benches/scale/corpus/full/random_magma_n8_k2_nondef_mix_i3.model,1.384,DEFINABLE
merge,/home/pventura/src/OpenDefAlgSplitting/benches/scale/corpus/full/random_magma_n8_k2_nondef_mix_i4.model,1.289,DEFINABLE
merge,/home/pventura/src/OpenDefAlgSplitting/benches/scale/corpus/full/random_magma_n8_k2_nondef_mix_i5.model,1.283,DEFINABLE
merge,/home/pventura/src/OpenDefAlgSplitting/benches/scale/corpus/full/random_magma_n8_k2_nondef_mix_i6.model,1.269,DEFINABLE
merge,/home/pventura/src/OpenDefAlgSplitting/benches/scale/corpus/full/random_magma_n8_k2_nondef_mix_i7.model,1.308,DEFINABLE
merge,/home/pventura/src/OpenDefAlgSplitting/benches/scale/corpus/full/random_magma_n8_k2_nondef_mix_i8.model,1.371,DEFINABLE
merge,/home/pventura/src/OpenDefAlgSplitting/benches/scale/corpus/full/random_magma_n8_k2_nondef_mix_i9.model,1.252,DEFINABLE
merge,/home/pventura/src/OpenDefAlgSplitting/benches/scale/corpus/full/random_magma_n8_k2_random_half_i0.model,1.278,DEFINABLE
merge,/home/pventura/src/OpenDefAlgSplitting/benches/scale/corpus/full/random_magma_n8_k2_random_half_i1.model,1.294,NOT_DEFINABLE
merge,/home/pventura/src/OpenDefAlgSplitting/benches/scale/corpus/full/random_magma_n8_k2_random_half_i10.model,1.368,DEFINABLE
merge,/home/pventura/src/OpenDefAlgSplitting/benches/scale/corpus/full/random_magma_n8_k2_random_half_i11.model,1.220,DEFINABLE
merge,/home/pventura/src/OpenDefAlgSplitting/benches/scale/corpus/full/random_magma_n8_k2_random_half_i12.model,1.343,DEFINABLE
merge,/home/pventura/src/OpenDefAlgSplitting/benches/scale/corpus/full/random_magma_n8_k2_random_half_i13.model,1.195,DEFINABLE
merge,/home/pventura/src/OpenDefAlgSplitting/benches/scale/corpus/full/random_magma_n8_k2_random_half_i14.model,1.363,DEFINABLE
merge,/home/pventura/src/OpenDefAlgSplitting/benches/scale/corpus/full/random_magma_n8_k2_random_half_i15.model,1.275,DEFINABLE
merge,/home/pventura/src/OpenDefAlgSplitting/benches/scale/corpus/full/random_magma_n8_k2_random_half_i16.model,1.329,DEFINABLE
merge,/home/pventura/src/OpenDefAlgSplitting/benches/scale/corpus/full/random_magma_n8_k2_random_half_i17.model,1.377,DEFINABLE
merge,/home/pventura/src/OpenDefAlgSplitting/benches/scale/corpus/full/random_magma_n8_k2_random_half_i18.model,1.264,DEFINABLE
merge,/home/pventura/src/OpenDefAlgSplitting/benches/scale/corpus/full/random_magma_n8_k2_random_half_i19.model,1.323,DEFINABLE
merge,/home/pventura/src/OpenDefAlgSplitting/benches/scale/corpus/full/random_magma_n8_k2_random_half_i2.model,1.318,DEFINABLE
merge,/home/pventura/src/OpenDefAlgSplitting/benches/scale/corpus/full/random_magma_n8_k2_random_half_i20.model,1.304,DEFINABLE
merge,/home/pventura/src/OpenDefAlgSplitting/benches/scale/corpus/full/random_magma_n8_k2_random_half_i21.model,1.318,DEFINABLE
merge,/home/pventura/src/OpenDefAlgSplitting/benches/scale/corpus/full/random_magma_n8_k2_random_half_i22.model,1.375,DEFINABLE
merge,/home/pventura/src/OpenDefAlgSplitting/benches/scale/corpus/full/random_magma_n8_k2_random_half_i23.model,1.258,NOT_DEFINABLE
merge,/home/pventura/src/OpenDefAlgSplitting/benches/scale/corpus/full/random_magma_n8_k2_random_half_i24.model,1.227,NOT_DEFINABLE
merge,/home/pventura/src/OpenDefAlgSplitting/benches/scale/corpus/full/random_magma_n8_k2_random_half_i25.model,1.322,DEFINABLE
merge,/home/pventura/src/OpenDefAlgSplitting/benches/scale/corpus/full/random_magma_n8_k2_random_half_i26.model,1.222,NOT_DEFINABLE
merge,/home/pventura/src/OpenDefAlgSplitting/benches/scale/corpus/full/random_magma_n8_k2_random_half_i27.model,1.292,DEFINABLE
merge,/home/pventura/src/OpenDefAlgSplitting/benches/scale/corpus/full/random_magma_n8_k2_random_half_i28.model,1.287,DEFINABLE
merge,/home/pventura/src/OpenDefAlgSplitting/benches/scale/corpus/full/random_magma_n8_k2_random_half_i29.model,1.266,DEFINABLE
merge,/home/pventura/src/OpenDefAlgSplitting/benches/scale/corpus/full/random_magma_n8_k2_random_half_i3.model,1.198,DEFINABLE
merge,/home/pventura/src/OpenDefAlgSplitting/benches/scale/corpus/full/random_magma_n8_k2_random_half_i4.model,1.302,DEFINABLE
merge,/home/pventura/src/OpenDefAlgSplitting/benches/scale/corpus/full/random_magma_n8_k2_random_half_i5.model,1.428,DEFINABLE
merge,/home/pventura/src/OpenDefAlgSplitting/benches/scale/corpus/full/random_magma_n8_k2_random_half_i6.model,1.316,DEFINABLE
merge,/home/pventura/src/OpenDefAlgSplitting/benches/scale/corpus/full/random_magma_n8_k2_random_half_i7.model,1.310,NOT_DEFINABLE
merge,/home/pventura/src/OpenDefAlgSplitting/benches/scale/corpus/full/random_magma_n8_k2_random_half_i8.model,1.292,DEFINABLE
merge,/home/pventura/src/OpenDefAlgSplitting/benches/scale/corpus/full/random_magma_n8_k2_random_half_i9.model,1.284,DEFINABLE
