engine,model,ms,result
hit,/home/pventura/src/OpenDefAlgSplitting/benches/scale/corpus/full/chain_unary_n128_k1_definable_fixed_i0.model,75.346,DEFINABLE
hit,/home/pventura/src/OpenDefAlgSplitting/benches/scale/corpus/full/chain_unary_n128_k1_definable_fixed_i1.model,75.386,DEFINABLE
hit,/home/pventura/src/OpenDefAlgSplitting/benches/scale/corpus/full/chain_unary_n128_k1_definable_fixed_i10.model,75.080,DEFINABLE
hit,/home/pventura/src/OpenDefAlgSplitting/benches/scale/corpus/full/chain_unary_n128_k1_definable_fixed_i11.model,75.234,DEFINABLE
hit,/home/pventura/src/OpenDefAlgSplitting/benches/scale/corpus/full/chain_unary_n128_k1_definable_fixed_i12.model,75.141,DEFINABLE
hit,/home/pventura/src/OpenDefAlgSplitting/benches/scale/corpus/full/chain_unary_n128_k1_definable_fixed_i13.model,74.917,DEFINABLE
hit,/home/pventura/src/OpenDefAlgSplitting/benches/scale/corpus/full/chain_unary_n128_k1_definable_fixed_i14.model,75.613,DEFINABLE
hit,/home/pventura/src/OpenDefAlgSplitting/benches/scale/corpus/full/chain_unary_n128_k1_definable_fixed_i15.model,75.607,DEFINABLE
hit,/home/pventura/src/OpenDefAlgSplitting/benches/scale/corpus/full/chain_unary_n128_k1_definable_fixed_i16.model,75.354,DEFINABLE
hit,/home/pventura/src/OpenDefAlgSplitting/benches/scale/corpus/full/chain_unary_n128_k1_definable_fixed_i17.model,75.351,DEFINABLE
hit,/home/pventura/src/OpenDefAlgSplitting/benches/scale/corpus/full/chain_unary_n128_k1_definable_fixed_i18.model,75.547,DEFINABLE
hit,/home/pventura/src/OpenDefAlgSplitting/benches/scale/corpus/full/chain_unary_n128_k1_definable_fixed_i19.model,75.141,DEFINABLE
hit,/home/pventura/src/OpenDefAlgSplitting/benches/scale/corpus/full/chain_unary_n128_k1_definable_fixed_i2.model,75.378,DEFINABLE
hit,/home/pventura/src/OpenDefAlgSplitting/benches/scale/corpus/full/chain_unary_n128_k1_definable_fixed_i20.model,75.855,DEFINABLE
hit,/home/pventura/src/OpenDefAlgSplitting/benches/scale/corpus/full/chain_unary_n128_k1_definable_fixed_i21.model,75.364,DEFINABLE
hit,/home/pventura/src/OpenDefAlgSplitting/benches/scale/corpus/full/chain_unary_n128_k1_definable_fixed_i22.model,75.474,DEFINABLE
hit,/home/pventura/src/OpenDefAlgSplitting/benches/scale/corpus/full/chain_unary_n128_k1_definable_fixed_i23.model,76.358,DEFINABLE
hit,/home/pventura/src/OpenDefAlgSplitting/benches/scale/corpus/full/chain_unary_n128_k1_definable_fixed_i24.model,75.020,DEFINABLE
hit,/home/pventura/src/OpenDefAlgSplitting/benches/scale/corpus/full/chain_unary_n128_k1_definable_fixed_i25.model,75.545,DEFINABLE
hit,/home/pventura/src/OpenDefAlgSplitting/benches/scale/corpus/full/chain_unary_n128_k1_definable_fixed_i26.model,75.302,DEFINABLE
hit,/home/pventura/src/OpenDefAlgSplitting/benches/scale/corpus/full/chain_unary_n128_k1_definable_fixed_i27.model,74.890,DEFINABLE
hit,/home/pventura/src/OpenDefAlgSplitting/benches/scale/corpus/full/chain_unary_n128_k1_definable_fixed_i28.model,75.839,DEFINABLE
hit,/home/pventura/src/OpenDefAlgSplitting/benches/scale/corpus/full/chain_unary_n128_k1_definable_fixed_i29.model,74.960,DEFINABLE
hit,/home/pventura/src/OpenDefAlgSplitting/benches/scale/corpus/full/chain_unary_n128_k1_definable_fixed_i3.model,75.464,DEFINABLE
hit,/home/pventura/src/OpenDefAlgSplitting/benches/scale/corpus/full/chain_unary_n128_k1_definable_fixed_i4.model,76.112,DEFINABLE
hit,/home/pventura/src/OpenDefAlgSplitting/benches/scale/corpus/full/chain_unary_n128_k1_definable_fixed_i5.model,75.188,DEFINABLE
hit,/home/pventura/src/OpenDefAlgSplitting/benches/scale/corpus/full/chain_unary_n128_k1_definable_fixed_i6.model,76.566,DEFINABLE
hit,/home/pventura/src/OpenDefAlgSplitting/benches/scale/corpus/full/chain_unary_n128_k1_definable_fixed_i7.model,75.190,DEFINABLE
hit,/home/pventura/src/OpenDefAlgSplitting/benches/scale/corpus/full/chain_unary_n128_k1_definable_fixed_i8.model,75.494,DEFINABLE
hit,/home/pventura/src/OpenDefAlgSplitting/benches/scale/corpus/full/chain_unary_n128_k1_definable_fixed_i9.model,75.156,DEFINABLE
hit,/home/pventura/src/OpenDefAlgSplitting/benches/scale/corpus/full/chain_unary_n128_k1_nondef_mix_i0.model,77.307,DEFINABLE
hit,/home/pventura/src/OpenDefAlgSplitting/benches/scale/corpus/full/chain_unary_n128_k1_nondef_mix_i1.model,76.548,DEFINABLE
hit,/home/pventura/src/OpenDefAlgSplitting/benches/scale/corpus/full/chain_unary_n128_k1_nondef_mix_i10.model,78.710,DEFINABLE
hit,/home/pventura/src/OpenDefAlgSplitting/benches/scale/corpus/full/chain_unary_n128_k1_nondef_mix_i11.model,76.784,DEFINABLE
hit,/home/pventura/src/OpenDefAlgSplitting/benches/scale/corpus/full/chain_unary_n128_k1_nondef_mix_i12.model,76.583,DEFINABLE
hit,/home/pventura/src/OpenDefAlgSplitting/benches/scale/corpus/full/chain_unary_n128_k1_nondef_mix_i13.model,76.913,DEFINABLE
hit,/home/pventura/src/OpenDefAlgSplitting/benches/scale/corpus/full/chain_unary_n128_k1_nondef_mix_i14.model,76.659,DEFINABLE
hit,/home/pventura/src/OpenDefAlgSplitting/benches/scale/corpus/full/chain_unary_n128_k1_nondef_mix_i15.model,76.508,DEFINABLE
hit,/home/pventura/src/OpenDefAlgSplitting/benches/scale/corpus/full/chain_unary_n128_k1_nondef_mix_i16.model,76.823,DEFINABLE
hit,/home/pventura/src/OpenDefAlgSplitting/benches/scale/corpus/full/chain_unary_n128_k1_nondef_mix_i17.model,76.288,DEFINABLE
hit,/home/pventura/src/OpenDefAlgSplitting/benches/scale/corpus/full/chain_unary_n128_k1_nondef_mix_i18.model,76.694,DEFINABLE
hit,/home/pventura/src/OpenDefAlgSplitting/benches/scale/corpus/full/chain_unary_n128_k1_nondef_mix_i19.model,76.759,DEFINABLE
hit,/home/pventura/src/OpenDefAlgSplitting/benches/scale/corpus/full/chain_unary_n128_k1_nondef_mix_i2.model,78.016,DEFINABLE
hit,/home/pventura/src/OpenDefAlgSplitting/benches/scale/corpus/full/chain_unary_n128_k1_nondef_mix_i20.model,76.774,DEFINABLE
hit,/home/pventura/src/OpenDefAlgSplitting/benches/scale/corpus/full/chain_unary_n128_k1_nondef_mix_i21.model,76.769,DEFINABLE
hit,/home/pventura/src/OpenDefAlgSplitting/benches/scale/corpus/full/chain_unary_n128_k1_nondef_mix_i22.model,78.010,DEFINABLE
hit,/home/pventura/src/OpenDefAlgSplitting/benches/scale/corpus/full/chain_unary_n128_k1_nondef_mix_i23.model,76.838,DEFINABLE
hit,/home/pventura/src/OpenDefAlgSplitting/benches/scale/corpus/full/chain_unary_n128_k1_nondef_mix_i24.model,76.985,DEFINABLE
hit,/home/pventura/src/OpenDefAlgSplitting/benches/scale/corpus/full/chain_unary_n128_k1_nondef_mix_i25.model,77.126,DEFINABLE
hit,/home/pventura/src/OpenDefAlgSplitting/benches/scale/corpus/full/chain_unary_n128_k1_nondef_mix_i26.model,77.577,DEFINABLE
hit,/home/pventura/src/OpenDefAlgSplitting/benches/scale/corpus/full/chain_unary_n128_k1_nondef_mix_i27.model,76.600,DEFINABLE
hit,/home/pventura/src/OpenDefAlgSplitting/benches/scale/corpus/full/chain_unary_n128_k1_nondef_mix_i28.model,77.978,DEFINABLE
hit,/home/pventura/src/OpenDefAlgSplitting/benches/scale/corpus/full/chain_unary_n128_k1_nondef_mix_i29.model,76.501,DEFINABLE
hit,/home/pventura/src/OpenDefAlgSplitting/benches/scale/corpus/full/chain_unary_n128_k1_nondef_mix_i3.model,76.978,DEFINABLE
hit,/home/pventura/src/OpenDefAlgSplitting/benches/scale/corpus/full/chain_unary_n128_k1_nondef_mix_i4.model,76.635,DEFINABLE
hit,/home/pventura/src/OpenDefAlgSplitting/benches/scale/corpus/full/chain_unary_n128_k1_nondef_mix_i5.model,78.434,DEFINABLE
hit,/home/pventura/src/OpenDefAlgSplitting/benches/scale/corpus/full/chain_unary_n128_k1_nondef_mix_i6.model,76.891,DEFINABLE
hit,/home/pventura/src/OpenDefAlgSplitting/benches/scale/corpus/full/chain_unary_n128_k1_nondef_mix_i7.model,76.762,DEFINABLE
hit,/home/pventura/src/OpenDefAlgSplitting/benches/scale/corpus/full/chain_unary_n128_k1_nondef_mix_i8.model,77.532,DEFINABLE
hit,/home/pventura/src/OpenDefAlgSplitting/benches/scale/corpus/full/chain_unary_n128_k1_nondef_mix_i9.model,76.539,DEFINABLE
hit,/home/pventura/src/OpenDefAlgSplitting/benches/scale/corpus/full/chain_unary_n16_k1_definable_fixed_i0.model,0.839,DEFINABLE
hit,/home/pventura/src/OpenDefAlgSplitting/benches/scale/corpus/full/chain_unary_n16_k1_definable_fixed_i1.model,0.677,DEFINABLE
hit,/home/pventura/src/OpenDefAlgSplitting/benches/scale/corpus/full/chain_unary_n16_k1_definable_fixed_i10.model,0.911,DEFINABLE
hit,/home/pventura/src/OpenDefAlgSplitting/benches/scale/corpus/full/chain_unary_n16_k1_definable_fixed_i11.model,0.918,DEFINABLE
hit,/home/pventura/src/OpenDefAlgSplitting/benches/scale/corpus/full/chain_unary_n16_k1_definable_fixed_i12.model,0.703,DEFINABLE
hit,/home/pventura/src/OpenDefAlgSplitting/benches/scale/corpus/full/chain_unary_n16_k1_definable_fixed_i13.model,0.777,DEFINABLE
hit,/home/pventura/src/OpenDefAlgSplitting/benches/scale/corpus/full/chain_unary_n16_k1_definable_fixed_i14.model,0.889,DEFINABLE
hit,/home/pventura/src/OpenDefAlgSplitting/benches/scale/corpus/full/chain_unary_n16_k1_definable_fixed_i15.model,0.657,DEFINABLE
hit,/home/pventura/src/OpenDefAlgSplitting/benches/scale/corpus/full/chain_unary_n16_k1_definable_fixed_i16.model,0.841,DEFINABLE
hit,/home/pventura/src/OpenDefAlgSplitting/benches/scale/corpus/full/chain_unary_n16_k1_definable_fixed_i17.model,0.873,DEFINABLE
hit,/home/pventura/src/OpenDefAlgSplitting/benches/scale/corpus/full/chain_unary_n16_k1_definable_fixed_i18.model,0.755,DEFINABLE
hit,/home/pventura/src/OpenDefAlgSplitting/benches/scale/corpus/full/chain_unary_n16_k1_definable_fixed_i19.model,0.876,DEFINABLE
hit,/home/pventura/src/OpenDefAlgSplitting/benches/scale/corpus/full/chain_unary_n16_k1_definable_fixed_i2.model,0.645,DEFINABLE
hit,/home/pventura/src/OpenDefAlgSplitting/benches/scale/corpus/full/chain_unary_n16_k1_definable_fixed_i20.model,0.996,DEFINABLE
hit,/home/pventura/src/OpenDefAlgSplitting/benches/scale/corpus/full/chain_unary_n16_k1_definable_fixed_i21.model,0.716,DEFINABLE
hit,/home/pventura/src/OpenDefAlgSplitting/benches/scale/corpus/full/chain_unary_n16_k1_definable_fixed_i22.model,0.629,DEFINABLE
hit,/home/pventura/src/OpenDefAlgSplitting/benches/scale/corpus/full/chain_unary_n16_k1_definable_fixed_i23.model,0.926,DEFINABLE
hit,/home/pventura/src/OpenDefAlgSplitting/benches/scale/corpus/full/chain_unary_n16_k1_definable_fixed_i24.model,0.693,DEFINABLE
hit,/home/pventura/src/OpenDefAlgSplitting/benches/scale/corpus/full/chain_unary_n16_k1_definable_fixed_i25.model,0.643,DEFINABLE
hit,/home/pventura/src/OpenDefAlgSplitting/benches/scale/corpus/full/chain_unary_n16_k1_definable_fixed_i26.model,0.645,DEFINABLE
hit,/home/pventura/src/OpenDefAlgSplitting/benches/scale/corpus/full/chain_unary_n16_k1_definable_fixed_i27.model,0.757,DEFINABLE
hit,/home/pventura/src/OpenDefAlgSplitting/benches/scale/corpus/full/chain_unary_n16_k1_definable_fixed_i28.model,0.761,DEFINABLE
hit,/home/pventura/src/OpenDefAlgSplitting/benches/scale/corpus/full/chain_unary_n16_k1_definable_fixed_i29.model,0.877,DEFINABLE
hit,/home/pventura/src/OpenDefAlgSplitting/benches/scale/corpus/full/chain_unary_n16_k1_definable_fixed_i3.model,0.796,DEFINABLE
hit,/home/pventura/src/OpenDefAlgSplitting/benches/scale/corpus/full/chain_unary_n16_k1_definable_fixed_i4.model,1.055,DEFINABLE
hit,/home/pventura/src/OpenDefAlgSplitting/benches/scale/corpus/full/chain_unary_n16_k1_definable_fixed_i5.model,1.019,DEFINABLE
hit,/home/pventura/src/OpenDefAlgSplitting/benches/scale/corpus/full/chain_unary_n16_k1_definable_fixed_i6.model,1.041,DEFINABLE
hit,/home/pventura/src/OpenDefAlgSplitting/benches/scale/corpus/full/chain_unary_n16_k1_definable_fixed_i7.model,0.848,DEFINABLE
hit,/home/pventura/src/OpenDefAlgSplitting/benches/scale/corpus/full/chain_unary_n16_k1_definable_fixed_i8.model,1.022,DEFINABLE
hit,/home/pventura/src/OpenDefAlgSplitting/benches/scale/corpus/full/chain_unary_n16_k1_definable_fixed_i9.model,0.907,DEFINABLE
hit,/home/pventura/src/OpenDefAlgSplitting/benches/scale/corpus/full/chain_unary_n16_k1_nondef_mix_i0.model,1.025,DEFINABLE
hit,/home/pventura/src/OpenDefAlgSplitting/benches/scale/corpus/full/chain_unary_n16_k1_nondef_mix_i1.model,0.986,DEFINABLE
hit,/home/pventura/src/OpenDefAlgSplitting/benches/scale/corpus/full/chain_unary_n16_k1_nondef_mix_i10.model,0.931,DEFINABLE
hit,/home/pventura/src/OpenDefAlgSplitting/benches/scale/corpus/full/chain_unary_n16_k1_nondef_mix_i11.model,1.034,DEFINABLE
hit,/home/pventura/src/OpenDefAlgSplitting/benches/scale/corpus/full/chain_unary_n16_k1_nondef_mix_i12.model,0.624,DEFINABLE
hit,/home/pventura/src/OpenDefAlgSplitting/benches/scale/corpus/full/chain_unary_n16_k1_nondef_mix_i13.model,0.988,DEFINABLE
hit,/home/pventura/src/OpenDefAlgSplitting/benches/scale/corpus/full/chain_unary_n16_k1_nondef_mix_i14.model,0.663,DEFINABLE
hit,/home/pventura/src/OpenDefAlgSplitting/benches/scale/corpus/full/chain_unary_n16_k1_nondef_mix_i15.model,0.664,DEFINABLE
hit,/home/pventura/src/OpenDefAlgSplitting/benches/scale/corpus/full/chain_unary_n16_k1_nondef_mix_i16.model,0.869,DEFINABLE
hit,/home/pventura/src/OpenDefAlgSplitting/benches/scale/corpus/full/chain_unary_n16_k1_nondef_mix_i17.model,0.667,DEFINABLE
hit,/home/pventura/src/OpenDefAlgSplitting/benches/scale/corpus/full/chain_unary_n16_k1_nondef_mix_i18.model,0.613,DEFINABLE
hit,/home/pventura/src/OpenDefAlgSplitting/benches/scale/corpus/full/chain_unary_n16_k1_nondef_mix_i19.model,0.645,DEFINABLE
hit,/home/pventura/src/OpenDefAlgSplitting/benches/scale/corpus/full/chain_unary_n16_k1_nondef_mix_i2.model,0.655,DEFINABLE
hit,/home/pventura/src/OpenDefAlgSplitting/benches/scale/corpus/full/chain_unary_n16_k1_nondef_mix_i20.model,0.644,DEFINABLE
hit,/home/pventura/src/OpenDefAlgSplitting/benches/scale/corpus/full/chain_unary_n16_k1_nondef_mix_i21.model,0.921,DEFINABLE
hit,/home/pventura/src/OpenDefAlgSplitting/benches/scale/corpus/full/chain_unary_n16_k1_nondef_mix_i22.model,0.712,DEFINABLE
hit,/home/pventura/src/OpenDefAlgSplitting/benches/scale/corpus/full/chain_unary_n16_k1_nondef_mix_i23.model,0.655,DEFINABLE
hit,/home/pventura/src/OpenDefAlgSplitting/benches/scale/corpus/full/chain_unary_n16_k1_nondef_mix_i24.model,0.916,DEFINABLE
hit,/home/pventura/src/OpenDefAlgSplitting/benches/scale/corpus/full/chain_unary_n16_k1_nondef_mix_i25.model,0.708,DEFINABLE
hit,/home/pventura/src/OpenDefAlgSplitting/benches/scale/corpus/full/chain_unary_n16_k1_nondef_mix_i26.model,0.706,DEFINABLE
hit,/home/pventura/src/OpenDefAlgSplitting/benches/scale/corpus/full/chain_unary_n16_k1_nondef_mix_i27.model,0.971,DEFINABLE
hit,/home/pventura/src/OpenDefAlgSplitting/benches/scale/corpus/full/chain_unary_n16_k1_nondef_mix_i28.model,0.994,DEFINABLE
hit,/home/pventura/src/OpenDefAlgSplitting/benches/scale/corpus/full/chain_unary_n16_k1_nondef_mix_i29.model,0.958,DEFINABLE
hit,/home/pventura/src/OpenDefAlgSplitting/benches/scale/corpus/full/chain_unary_n16_k1_nondef_mix_i3.model,0.868,DEFINABLE
hit,/home/pventura/src/OpenDefAlgSplitting/benches/scale/corpus/full/chain_unary_n16_k1_nondef_mix_i4.model,1.012,DEFINABLE
hit,/home/pventura/src/OpenDefAlgSplitting/benches/scale/corpus/full/chain_unary_n16_k1_nondef_mix_i5.model,1.052,DEFINABLE
hit,/home/pventura/src/OpenDefAlgSplitting/benches/scale/corpus/full/chain_unary_n16_k1_nondef_mix_i6.model,1.227,DEFINABLE
hit,/home/pventura/src/OpenDefAlgSplitting/benches/scale/corpus/full/chain_unary_n16_k1_nondef_mix_i7.model,0.774,DEFINABLE
hit,/home/pventura/src/OpenDefAlgSplitting/benches/scale/corpus/full/chain_unary_n16_k1_nondef_mix_i8.model,0.763,DEFINABLE
hit,/home/pventura/src/OpenDefAlgSplitting/benches/scale/corpus/full/chain_unary_n16_k1_nondef_mix_i9.model,0.748,DEFINABLE
hit,/home/pventura/src/OpenDefAlgSplitting/benches/scale/corpus/full/chain_unary_n32_k1_definable_fixed_i0.model,2.489,DEFINABLE
hit,/home/pventura/src/OpenDefAlgSplitting/benches/scale/corpus/full/chain_unary_n32_k1_definable_fixed_i1.model,2.256,DEFINABLE
hit,/home/pventura/src/OpenDefAlgSplitting/benches/scale/corpus/full/chain_unary_n32_k1_definable_fixed_i10.model,2.035,DEFINABLE
hit,/home/pventura/src/OpenDefAlgSplitting/benches/scale/corpus/full/chain_unary_n32_k1_definable_fixed_i11.model,2.592,DEFINABLE
hit,/home/pventura/src/OpenDefAlgSplitting/benches/scale/corpus/full/chain_unary_n32_k1_definable_fixed_i12.model,2.081,DEFINABLE
hit,/home/pventura/src/OpenDefAlgSplitting/benches/scale/corpus/full/chain_unary_n32_k1_definable_fixed_i13.model,2.252,DEFINABLE
hit,/home/pventura/src/OpenDefAlgSplitting/benches/scale/corpus/full/chain_unary_n32_k1_definable_fixed_i14.model,2.260,DEFINABLE
hit,/home/pventura/src/OpenDefAlgSplitting/benches/scale/corpus/full/chain_unary_n32_k1_definable_fixed_i15.model,2.153,DEFINABLE
hit,/home/pventura/src/OpenDefAlgSplitting/benches/scale/corpus/full/chain_unary_n32_k1_definable_fixed_i16.model,2.254,DEFINABLE
hit,/home/pventura/src/OpenDefAlgSplitting/benches/scale/corpus/full/chain_unary_n32_k1_definable_fixed_i17.model,2.263,DEFINABLE
hit,/home/pventura/src/OpenDefAlgSplitting/benches/scale/corpus/full/chain_unary_n32_k1_definable_fixed_i18.model,2.498,DEFINABLE
hit,/home/pventura/src/OpenDefAlgSplitting/benches/scale/corpus/full/chain_unary_n32_k1_definable_fixed_i19.model,2.373,DEFINABLE
hit,/home/pventura/src/OpenDefAlgSplitting/benches/scale/corpus/full/chain_unary_n32_k1_definable_fixed_i2.model,2.327,DEFINABLE
hit,/home/pventura/src/OpenDefAlgSplitting/benches/scale/corpus/full/chain_unary_n32_k1_definable_fixed_i20.model,2.405,DEFINABLE
hit,/home/pventura/src/OpenDefAlgSplitting/benches/scale/corpus/full/chain_unary_n32_k1_definable_fixed_i21.model,2.294,DEFINABLE
hit,/home/pventura/src/OpenDefAlgSplitting/benches/scale/corpus/full/chain_unary_n32_k1_definable_fixed_i22.model,2.200,DEFINABLE
hit,/home/pventura/src/OpenDefAlgSplitting/benches/scale/corpus/full/chain_unary_n32_k1_definable_fixed_i23.model,2.480,DEFINABLE
hit,/home/pventura/src/OpenDefAlgSplitting/benches/scale/corpus/full/chain_unary_n32_k1_definable_fixed_i24.model,2.232,DEFINABLE
hit,/home/pventura/src/OpenDefAlgSplitting/benches/scale/corpus/full/chain_unary_n32_k1_definable_fixed_i25.model,2.499,DEFINABLE
hit,/home/pventura/src/OpenDefAlgSplitting/benches/scale/corpus/full/chain_unary_n32_k1_definable_fixed_i26.model,2.176,DEFINABLE
hit,/home/pventura/src/OpenDefAlgSplitting/benches/scale/corpus/full/chain_unary_n32_k1_definable_fixed_i27.model,2.260,DEFINABLE
hit,/home/pventura/src/OpenDefAlgSplitting/benches/scale/corpus/full/chain_unary_n32_k1_definable_fixed_i28.model,2.305,DEFINABLE
hit,/home/pventura/src/OpenDefAlgSplitting/benches/scale/corpus/full/chain_unary_n32_k1_definable_fixed_i29.model,2.400,DEFINABLE
hit,/home/pventura/src/OpenDefAlgSplitting/benches/scale/corpus/full/chain_unary_n32_k1_definable_fixed_i3.model,2.206,DEFINABLE
hit,/home/pventura/src/OpenDefAlgSplitting/benches/scale/corpus/full/chain_unary_n32_k1_definable_fixed_i4.model,2.449,DEFINABLE
hit,/home/pventura/src/OpenDefAlgSplitting/benches/scale/corpus/full/chain_unary_n32_k1_definable_fixed_i5.model,2.241,DEFINABLE
hit,/home/pventura/src/OpenDefAlgSplitting/benches/scale/corpus/full/chain_unary_n32_k1_definable_fixed_i6.model,2.157,DEFINABLE
hit,/home/pventura/src/OpenDefAlgSplitting/benches/scale/corpus/full/chain_unary_n32_k1_definable_fixed_i7.model,2.239,DEFINABLE
hit,/home/pventura/src/OpenDefAlgSplitting/benches/scale/corpus/full/chain_unary_n32_k1_definable_fixed_i8.model,2.094,DEFINABLE
hit,/home/pventura/src/OpenDefAlgSplitting/benches/scale/corpus/full/chain_unary_n32_k1_definable_fixed_i9.model,2.190,DEFINABLE
hit,/home/pventura/src/OpenDefAlgSplitting/benches/scale/corpus/full/chain_unary_n32_k1_nondef_mix_i0.model,2.249,DEFINABLE
hit,/home/pventura/src/OpenDefAlgSplitting/benches/scale/corpus/full/chain_unary_n32_k1_nondef_mix_i1.model,2.591,DEFINABLE
hit,/home/pventura/src/OpenDefAlgSplitting/benches/scale/corpus/full/chain_unary_n32_k1_nondef_mix_i10.model,2.312,DEFINABLE
hit,/home/pventura/src/OpenDefAlgSplitting/benches/scale/corpus/full/chain_unary_n32_k1_nondef_mix_i11.model,2.234,DEFINABLE
hit,/home/pventura/src/OpenDefAlgSplitting/benches/scale/corpus/full/chain_unary_n32_k1_nondef_mix_i12.model,2.294,DEFINABLE
hit,/home/pventura/src/OpenDefAlgSplitting/benches/scale/corpus/full/chain_unary_n32_k1_nondef_mix_i13.model,2.195,DEFINABLE
hit,/home/pventura/src/OpenDefAlgSplitting/benches/scale/corpus/full/chain_unary_n32_k1_nondef_mix_i14.model,2.424,DEFINABLE
hit,/home/pventura/src/OpenDefAlgSplitting/benches/scale/corpus/full/chain_unary_n32_k1_nondef_mix_i15.model,2.283,DEFINABLE
hit,/home/pventura/src/OpenDefAlgSplitting/benches/scale/corpus/full/chain_unary_n32_k1_nondef_mix_i16.model,2.249,DEFINABLE
hit,/home/pventura/src/OpenDefAlgSplitting/benches/scale/corpus/full/chain_unary_n32_k1_nondef_mix_i17.model,2.407,DEFINABLE
hit,/home/pventura/src/OpenDefAlgSplitting/benches/scale/corpus/full/chain_unary_n32_k1_nondef_mix_i18.model,2.187,DEFINABLE
hit,/home/pventura/src/OpenDefAlgSplitting/benches/scale/corpus/full/chain_unary_n32_k1_nondef_mix_i19.model,2.321,DEFINABLE
hit,/home/pventura/src/OpenDefAlgSplitting/benches/scale/corpus/full/chain_unary_n32_k1_nondef_mix_i2.model,2.177,DEFINABLE
hit,/home/pventura/src/OpenDefAlgSplitting/benches/scale/corpus/full/chain_unary_n32_k1_nondef_mix_i20.model,2.343,DEFINABLE
hit,/home/pventura/src/OpenDefAlgSplitting/benches/scale/corpus/full/chain_unary_n32_k1_nondef_mix_i21.model,2.144,DEFINABLE
hit,/home/pventura/src/OpenDefAlgSplitting/benches/scale/corpus/full/chain_unary_n32_k1_nondef_mix_i22.model,2.284,DEFINABLE
hit,/home/pventura/src/OpenDefAlgSplitting/benches/scale/corpus/full/chain_unary_n32_k1_nondef_mix_i23.model,2.381,DEFINABLE
hit,/home/pventura/src/OpenDefAlgSplitting/benches/scale/corpus/full/chain_unary_n32_k1_nondef_mix_i24.model,2.178,DEFINABLE
hit,/home/pventura/src/OpenDefAlgSplitting/benches/scale/corpus/full/chain_unary_n32_k1_nondef_mix_i25.model,2.345,DEFINABLE
hit,/home/pventura/src/OpenDefAlgSplitting/benches/scale/corpus/full/chain_unary_n32_k1_nondef_mix_i26.model,2.230,DEFINABLE
hit,/home/pventura/src/OpenDefAlgSplitting/benches/scale/corpus/full/chain_unary_n32_k1_nondef_mix_i27.model,2.157,DEFINABLE
hit,/home/pventura/src/OpenDefAlgSplitting/benches/scale/corpus/full/chain_unary_n32_k1_nondef_mix_i28.model,2.134,DEFINABLE
hit,/home/pventura/src/OpenDefAlgSplitting/benches/scale/corpus/full/chain_unary_n32_k1_nondef_mix_i29.model,2.307,DEFINABLE
hit,/home/pventura/src/OpenDefAlgSplitting/benches/scale/corpus/full/chain_unary_n32_k1_nondef_mix_i3.model,2.217,DEFINABLE
hit,/home/pventura/src/OpenDefAlgSplitting/benches/scale/corpus/full/chain_unary_n32_k1_nondef_mix_i4.model,2.443,DEFINABLE
hit,/home/pventura/src/OpenDefAlgSplitting/benches/scale/corpus/full/chain_unary_n32_k1_nondef_mix_i5.model,2.413,DEFINABLE
hit,/home/pventura/src/OpenDefAlgSplitting/benches/scale/corpus/full/chain_unary_n32_k1_nondef_mix_i6.model,2.504,DEFINABLE
hit,/home/pventura/src/OpenDefAlgSplitting/benches/scale/corpus/full/chain_unary_n32_k1_nondef_mix_i7.model,2.396,DEFINABLE
hit,/home/pventura/src/OpenDefAlgSplitting/benches/scale/corpus/full/chain_unary_n32_k1_nondef_mix_i8.model,2.558,DEFINABLE
hit,/home/pventura/src/OpenDefAlgSplitting/benches/scale/corpus/full/chain_unary_n32_k1_nondef_mix_i9.model,2.377,DEFINABLE
hit,/home/pventura/src/OpenDefAlgSplitting/benches/scale/corpus/full/chain_unary_n4_k1_definable_fixed_i0.model,0.326,DEFINABLE
hit,/home/pventura/src/OpenDefAlgSplitting/benches/scale/corpus/full/chain_unary_n4_k1_definable_fixed_i1.model,0.444,DEFINABLE
hit,/home/pventura/src/OpenDefAlgSplitting/benches/scale/corpus/full/chain_unary_n4_k1_definable_fixed_i10.model,0.406,DEFINABLE
hit,/home/pventura/src/OpenDefAlgSplitting/benches/scale/corpus/full/chain_unary_n4_k1_definable_fixed_i11.model,0.382,DEFINABLE
hit,/home/pventura/src/OpenDefAlgSplitting/benches/scale/corpus/full/chain_unary_n4_k1_definable_fixed_i12.model,0.250,DEFINABLE
hit,/home/pventura/src/OpenDefAlgSplitting/benches/scale/corpus/full/chain_unary_n4_k1_definable_fixed_i13.model,0.336,DEFINABLE
hit,/home/pventura/src/OpenDefAlgSplitting/benches/scale/corpus/full/chain_unary_n4_k1_definable_fixed_i14.model,0.253,DEFINABLE
hit,/home/pventura/src/OpenDefAlgSplitting/benches/scale/corpus/full/chain_unary_n4_k1_definable_fixed_i15.model,0.271,DEFINABLE
hit,/home/pventura/src/OpenDefAlgSplitting/benches/scale/corpus/full/chain_unary_n4_k1_definable_fixed_i16.model,0.297,DEFINABLE
hit,/home/pventura/src/OpenDefAlgSplitting/benches/scale/corpus/full/chain_unary_n4_k1_definable_fixed_i17.model,0.406,DEFINABLE
hit,/home/pventura/src/OpenDefAlgSplitting/benches/scale/corpus/full/chain_unary_n4_k1_definable_fixed_i18.model,0.360,DEFINABLE
hit,/home/pventura/src/OpenDefAlgSplitting/benches/scale/corpus/full/chain_unary_n4_k1_definable_fixed_i19.model,0.408,DEFINABLE
hit,/home/pventura/src/OpenDefAlgSplitting/benches/scale/corpus/full/chain_unary_n4_k1_definable_fixed_i2.model,0.335,DEFINABLE
hit,/home/pventura/src/OpenDefAlgSplitting/benches/scale/corpus/full/chain_unary_n4_k1_definable_fixed_i20.model,0.346,DEFINABLE
hit,/home/pventura/src/OpenDefAlgSplitting/benches/scale/corpus/full/chain_unary_n4_k1_definable_fixed_i21.model,0.312,DEFINABLE
hit,/home/pventura/src/OpenDefAlgSplitting/benches/scale/corpus/full/chain_unary_n4_k1_definable_fixed_i22.model,0.385,DEFINABLE
hit,/home/pventura/src/OpenDefAlgSplitting/benches/scale/corpus/full/chain_unary_n4_k1_definable_fixed_i23.model,0.300,DEFINABLE
hit,/home/pventura/src/OpenDefAlgSplitting/benches/scale/corpus/full/chain_unary_n4_k1_definable_fixed_i24.model,0.257,DEFINABLE
hit,/home/pventura/src/OpenDefAlgSplitting/benches/scale/corpus/full/chain_unary_n4_k1_definable_fixed_i25.model,0.246,DEFINABLE
hit,/home/pventura/src/OpenDefAlgSplitting/benches/scale/corpus/full/chain_unary_n4_k1_definable_fixed_i26.model,0.266,DEFINABLE
hit,/home/pventura/src/OpenDefAlgSplitting/benches/scale/corpus/full/chain_unary_n4_k1_definable_fixed_i27.model,0.409,DEFINABLE
hit,/home/pventura/src/OpenDefAlgSplitting/benches/scale/corpus/full/chain_unary_n4_k1_definable_fixed_i28.model,0.284,DEFINABLE
hit,/home/pventura/src/OpenDefAlgSplitting/benches/scale/corpus/full/chain_unary_n4_k1_definable_fixed_i29.model,0.454,DEFINABLE
hit,/home/pventura/src/OpenDefAlgSplitting/benches/scale/corpus/full/chain_unary_n4_k1_definable_fixed_i3.model,0.392,DEFINABLE
hit,/home/pventura/src/OpenDefAlgSplitting/benches/scale/corpus/full/chain_unary_n4_k1_definable_fixed_i4.model,0.272,DEFINABLE
hit,/home/pventura/src/OpenDefAlgSplitting/benches/scale/corpus/full/chain_unary_n4_k1_definable_fixed_i5.model,0.365,DEFINABLE
hit,/home/pventura/src/OpenDefAlgSplitting/benches/scale/corpus/full/chain_unary_n4_k1_definable_fixed_i6.model,0.428,DEFINABLE
hit,/home/pventura/src/OpenDefAlgSplitting/benches/scale/corpus/full/chain_unary_n4_k1_definable_fixed_i7.model,0.429,DEFINABLE
hit,/home/pventura/src/OpenDefAlgSplitting/benches/scale/corpus/full/chain_unary_n4_k1_definable_fixed_i8.model,0.442,DEFINABLE
hit,/home/pventura/src/OpenDefAlgSplitting/benches/scale/corpus/full/chain_unary_n4_k1_definable_fixed_i9.model,0.295,DEFINABLE
hit,/home/pventura/src/OpenDefAlgSplitting/benches/scale/corpus/full/chain_unary_n4_k1_nondef_mix_i0.model,0.399,DEFINABLE
hit,/home/pventura/src/OpenDefAlgSplitting/benches/scale/corpus/full/chain_unary_n4_k1_nondef_mix_i1.model,0.478,DEFINABLE
hit,/home/pventura/src/OpenDefAlgSplitting/benches/scale/corpus/full/chain_unary_n4_k1_nondef_mix_i10.model,0.265,DEFINABLE
hit,/home/pventura/src/OpenDefAlgSplitting/benches/scale/corpus/full/chain_unary_n4_k1_nondef_mix_i11.model,0.346,DEFINABLE
hit,/home/pventura/src/OpenDefAlgSplitting/benches/scale/corpus/full/chain_unary_n4_k1_nondef_mix_i12.model,0.268,DEFINABLE
hit,/home/pventura/src/OpenDefAlgSplitting/benches/scale/corpus/full/chain_unary_n4_k1_nondef_mix_i13.model,0.321,DEFINABLE
hit,/home/pventura/src/OpenDefAlgSplitting/benches/scale/corpus/full/chain_unary_n4_k1_nondef_mix_i14.model,0.314,DEFINABLE
hit,/home/pventura/src/OpenDefAlgSplitting/benches/scale/corpus/full/chain_unary_n4_k1_nondef_mix_i15.model,0.325,DEFINABLE
hit,/home/pventura/src/OpenDefAlgSplitting/benches/scale/corpus/full/chain_unary_n4_k1_nondef_mix_i16.model,0.271,DEFINABLE
hit,/home/pventura/src/OpenDefAlgSplitting/benches/scale/corpus/full/chain_unary_n4_k1_nondef_mix_i17.model,0.373,DEFINABLE
hit,/home/pventura/src/OpenDefAlgSplitting/benches/scale/corpus/full/chain_unary_n4_k1_nondef_mix_i18.model,0.419,DEFINABLE
hit,/home/pventura/src/OpenDefAlgSplitting/benches/scale/corpus/full/chain_unary_n4_k1_nondef_mix_i19.model,0.251,DEFINABLE
hit,/home/pventura/src/OpenDefAlgSplitting/benches/scale/corpus/full/chain_unary_n4_k1_nondef_mix_i2.model,0.306,DEFINABLE
hit,/home/pventura/src/OpenDefAlgSplitting/benches/scale/corpus/full/chain_unary_n4_k1_nondef_mix_i20.model,0.301,DEFINABLE
hit,/home/pventura/src/OpenDefAlgSplitting/benches/scale/corpus/full/chain_unary_n4_k1_nondef_mix_i21.model,0.330,DEFINABLE
hit,/home/pventura/src/OpenDefAlgSplitting/benches/scale/corpus/full/chain_unary_n4_k1_nondef_mix_i22.model,0.357,DEFINABLE
hit,/home/pventura/src/OpenDefAlgSplitting/benches/scale/corpus/full/chain_unary_n4_k1_nondef_mix_i23.model,0.267,DEFINABLE
hit,/home/pventura/src/OpenDefAlgSplitting/benches/scale/corpus/full/chain_unary_n4_k1_nondef_mix_i24.model,0.293,DEFINABLE
hit,/home/pventura/src/OpenDefAlgSplitting/benches/scale/corpus/full/chain_unary_n4_k1_nondef_mix_i25.model,0.270,DEFINABLE
hit,/home/pventura/src/OpenDefAlgSplitting/benches/scale/corpus/full/chain_unary_n4_k1_nondef_mix_i26.model,0.274,DEFINABLE
hit,/home/pventura/src/OpenDefAlgSplitting/benches/scale/corpus/full/chain_unary_n4_k1_nondef_mix_i27.model,0.325,DEFINABLE
hit,/home/pventura/src/OpenDefAlgSplitting/benches/scale/corpus/full/chain_unary_n4_k1_nondef_mix_i28.model,0.353,DEFINABLE
hit,/home/pventura/src/OpenDefAlgSplitting/benches/scale/corpus/full/chain_unary_n4_k1_nondef_mix_i29.model,0.329,DEFINABLE
hit,/home/pventura/src/OpenDefAlgSplitting/benches/scale/corpus/full/chain_unary_n4_k1_nondef_mix_i3.model,0.296,DEFINABLE
hit,/home/pventura/src/OpenDefAlgSplitting/benches/scale/corpus/full/chain_unary_n4_k1_nondef_mix_i4.model,0.312,DEFINABLE
hit,/home/pventura/src/OpenDefAlgSplitting/benches/scale/corpus/full/chain_unary_n4_k1_nondef_mix_i5.model,0.261,DEFINABLE
hit,/home/pventura/src/OpenDefAlgSplitting/benches/scale/corpus/full/chain_unary_n4_k1_nondef_mix_i6.model,0.243,DEFINABLE
hit,/home/pventura/src/OpenDefAlgSplitting/benches/scale/corpus/full/chain_unary_n4_k1_nondef_mix_i7.model,0.445,DEFINABLE
hit,/home/pventura/src/OpenDefAlgSplitting/benches/scale/corpus/full/chain_unary_n4_k1_nondef_mix_i8.model,0.345,DEFINABLE
hit,/home/pventura/src/OpenDefAlgSplitting/benches/scale/corpus/full/chain_unary_n4_k1_nondef_mix_i9.model,0.273,DEFINABLE
hit,/home/pventura/src/OpenDefAlgSplitting/benches/scale/corpus/full/chain_unary_n64_k1_definable_fixed_i0.model,11.062,DEFINABLE
hit,/home/pventura/src/OpenDefAlgSplitting/benches/scale/corpus/full/chain_unary_n64_k1_definable_fixed_i1.model,11.102,DEFINABLE
hit,/home/pventura/src/OpenDefAlgSplitting/benches/scale/corpus/full/chain_unary_n64_k1_definable_fixed_i10.model,11.146,DEFINABLE
hit,/home/pventura/src/OpenDefAlgSplitting/benches/scale/corpus/full/chain_unary_n64_k1_definable_fixed_i11.model,11.188,DEFINABLE
hit,/home/pventura/src/OpenDefAlgSplitting/benches/scale/corpus/full/chain_unary_n64_k1_definable_fixed_i12.model,11.253,DEFINABLE
hit,/home/pventura/src/OpenDefAlgSplitting/benches/scale/corpus/full/chain_unary_n64_k1_definable_fixed_i13.model,10.907,DEFINABLE
hit,/home/pventura/src/OpenDefAlgSplitting/benches/scale/corpus/full/chain_unary_n64_k1_definable_fixed_i14.model,11.182,DEFINABLE
hit,/home/pventura/src/OpenDefAlgSplitting/benches/scale/corpus/full/chain_unary_n64_k1_definable_fixed_i15.model,10.994,DEFINABLE
hit,/home/pventura/src/OpenDefAlgSplitting/benches/scale/corpus/full/chain_unary_n64_k1_definable_fixed_i16.model,11.102,DEFINABLE
hit,/home/pventura/src/OpenDefAlgSplitting/benches/scale/corpus/full/chain_unary_n64_k1_definable_fixed_i17.model,11.109,DEFINABLE
hit,/home/pventura/src/OpenDefAlgSplitting/benches/scale/corpus/full/chain_unary_n64_k1_definable_fixed_i18.model,11.006,DEFINABLE
hit,/home/pventura/src/OpenDefAlgSplitting/benches/scale/corpus/full/chain_unary_n64_k1_definable_fixed_i19.model,10.925,DEFINABLE
hit,/home/pventura/src/OpenDefAlgSplitting/benches/scale/corpus/full/chain_unary_n64_k1_definable_fixed_i2.model,11.064,DEFINABLE
hit,/home/pventura/src/OpenDefAlgSplitting/benches/scale/corpus/full/chain_unary_n64_k1_definable_fixed_i20.model,10.986,DEFINABLE
hit,/home/pventura/src/OpenDefAlgSplitting/benches/scale/corpus/full/chain_unary_n64_k1_definable_fixed_i21.model,11.075,DEFINABLE
hit,/home/pventura/src/OpenDefAlgSplitting/benches/scale/corpus/full/chain_unary_n64_k1_definable_fixed_i22.model,10.869,DEFINABLE
hit,/home/pventura/src/OpenDefAlgSplitting/benches/scale/corpus/full/chain_unary_n64_k1_definable_fixed_i23.model,10.969,DEFINABLE
hit,/home/pventura/src/OpenDefAlgSplitting/benches/scale/corpus/full/chain_unary_n64_k1_definable_fixed_i24.model,10.923,DEFINABLE
hit,/home/pventura/src/OpenDefAlgSplitting/benches/scale/corpus/full/chain_unary_n64_k1_definable_fixed_i25.model,11.123,DEFINABLE
hit,/home/pventura/src/OpenDefAlgSplitting/benches/scale/corpus/full/chain_unary_n64_k1_definable_fixed_i26.model,10.984,DEFINABLE
hit,/home/pventura/src/OpenDefAlgSplitting/benches/scale/corpus/full/chain_unary_n64_k1_definable_fixed_i27.model,10.954,DEFINABLE
hit,/home/pventura/src/OpenDefAlgSplitting/benches/scale/corpus/full/chain_unary_n64_k1_definable_fixed_i28.model,11.246,DEFINABLE
hit,/home/pventura/src/OpenDefAlgSplitting/benches/scale/corpus/full/chain_unary_n64_k1_definable_fixed_i29.model,11.018,DEFINABLE
hit,/home/pventura/src/OpenDefAlgSplitting/benches/scale/corpus/full/chain_unary_n64_k1_definable_fixed_i3.model,11.066,DEFINABLE
hit,/home/pventura/src/OpenDefAlgSplitting/benches/scale/corpus/full/chain_unary_n64_k1_definable_fixed_i4.model,11.153,DEFINABLE
hit,/home/pventura/src/OpenDefAlgSplitting/benches/scale/corpus/full/chain_unary_n64_k1_definable_fixed_i5.model,11.048,DEFINABLE
hit,/home/pventura/src/OpenDefAlgSplitting/benches/scale/corpus/full/chain_unary_n64_k1_definable_fixed_i6.model,11.029,DEFINABLE
hit,/home/pventura/src/OpenDefAlgSplitting/benches/scale/corpus/full/chain_unary_n64_k1_definable_fixed_i7.model,11.073,DEFINABLE
hit,/home/pventura/src/OpenDefAlgSplitting/benches/scale/corpus/full/chain_unary_n64_k1_definable_fixed_i8.model,10.898,DEFINABLE
hit,/home/pventura/src/OpenDefAlgSplitting/benches/scale/corpus/full/chain_unary_n64_k1_definable_fixed_i9.model,10.990,DEFINABLE
hit,/home/pventura/src/OpenDefAlgSplitting/benches/scale/corpus/full/chain_unary_n64_k1_nondef_mix_i0.model,11.322,DEFINABLE
hit,/home/pventura/src/OpenDefAlgSplitting/benches/scale/corpus/full/chain_unary_n64_k1_nondef_mix_i1.model,11.529,DEFINABLE
hit,/home/pventura/src/OpenDefAlgSplitting/benches/scale/corpus/full/chain_unary_n64_k1_nondef_mix_i10.model,11.291,DEFINABLE
hit,/home/pventura/src/OpenDefAlgSplitting/benches/scale/corpus/full/chain_unary_n64_k1_nondef_mix_i11.model,11.441,DEFINABLE
hit,/home/pventura/src/OpenDefAlgSplitting/benches/scale/corpus/full/chain_unary_n64_k1_nondef_mix_i12.model,11.398,DEFINABLE
hit,/home/pventura/src/OpenDefAlgSplitting/benches/scale/corpus/full/chain_unary_n64_k1_nondef_mix_i13.model,11.429,DEFINABLE
hit,/home/pventura/src/OpenDefAlgSplitting/benches/scale/corpus/full/chain_unary_n64_k1_nondef_mix_i14.model,11.365,DEFINABLE
hit,/home/pventura/src/OpenDefAlgSplitting/benches/scale/corpus/full/chain_unary_n64_k1_nondef_mix_i15.model,11.386,DEFINABLE
hit,/home/pventura/src/OpenDefAlgSplitting/benches/scale/corpus/full/chain_unary_n64_k1_nondef_mix_i16.model,11.828,DEFINABLE
hit,/home/pventura/src/OpenDefAlgSplitting/benches/scale/corpus/full/chain_unary_n64_k1_nondef_mix_i17.model,11.302,DEFINABLE
hit,/home/pventura/src/OpenDefAlgSplitting/benches/scale/corpus/full/chain_unary_n64_k1_nondef_mix_i18.model,11.300,DEFINABLE
hit,/home/pventura/src/OpenDefAlgSplitting/benches/scale/corpus/full/chain_unary_n64_k1_nondef_mix_i19.model,11.495,DEFINABLE
hit,/home/pventura/src/OpenDefAlgSplitting/benches/scale/corpus/full/chain_unary_n64_k1_nondef_mix_i2.model,11.312,DEFINABLE
hit,/home/pventura/src/OpenDefAlgSplitting/benches/scale/corpus/full/chain_unary_n64_k1_nondef_mix_i20.model,11.518,DEFINABLE
hit,/home/pventura/src/OpenDefAlgSplitting/benches/scale/corpus/full/chain_unary_n64_k1_nondef_mix_i21.model,11.313,DEFINABLE
hit,/home/pventura/src/OpenDefAlgSplitting/benches/scale/corpus/full/chain_unary_n64_k1_nondef_mix_i22.model,11.540,DEFINABLE
hit,/home/pventura/src/OpenDefAlgSplitting/benches/scale/corpus/full/chain_unary_n64_k1_nondef_mix_i23.model,11.254,DEFINABLE
hit,/home/pventura/src/OpenDefAlgSplitting/benches/scale/corpus/full/chain_unary_n64_k1_nondef_mix_i24.model,11.409,DEFINABLE
hit,/home/pventura/src/OpenDefAlgSplitting/benches/scale/corpus/full/chain_unary_n64_k1_nondef_mix_i25.model,11.307,DEFINABLE
hit,/home/pventura/src/OpenDefAlgSplitting/benches/scale/corpus/full/chain_unary_n64_k1_nondef_mix_i26.model,11.500,DEFINABLE
hit,/home/pventura/src/OpenDefAlgSplitting/benches/scale/corpus/full/chain_unary_n64_k1_nondef_mix_i27.model,11.771,DEFINABLE
hit,/home/pventura/src/OpenDefAlgSplitting/benches/scale/corpus/full/chain_unary_n64_k1_nondef_mix_i28.model,11.692,DEFINABLE
hit,/home/pventura/src/OpenDefAlgSplitting/benches/scale/corpus/full/chain_unary_n64_k1_nondef_mix_i29.model,11.352,DEFINABLE
hit,/home/pventura/src/OpenDefAlgSplitting/benches/scale/corpus/full/chain_unary_n64_k1_nondef_mix_i3.model,11.479,DEFINABLE
hit,/home/pventura/src/OpenDefAlgSplitting/benches/scale/corpus/full/chain_unary_n64_k1_nondef_mix_i4.model,11.467,DEFINABLE
hit,/home/pventura/src/OpenDefAlgSplitting/benches/scale/corpus/full/chain_unary_n64_k1_nondef_mix_i5.model,11.541,DEFINABLE
hit,/home/pventura/src/OpenDefAlgSplitting/benches/scale/corpus/full/chain_unary_n64_k1_nondef_mix_i6.model,11.878,DEFINABLE
hit,/home/pventura/src/OpenDefAlgSplitting/benches/scale/corpus/full/chain_unary_n64_k1_nondef_mix_i7.model,11.589,DEFINABLE
hit,/home/pventura/src/OpenDefAlgSplitting/benches/scale/corpus/full/chain_unary_n64_k1_nondef_mix_i8.model,11.489,DEFINABLE
hit,/home/pventura/src/OpenDefAlgSplitting/benches/scale/corpus/full/chain_unary_n64_k1_nondef_mix_i9.model,11.741,DEFINABLE
hit,/home/pventura/src/OpenDefAlgSplitting/benches/scale/corpus/full/chain_unary_n8_k1_definable_fixed_i0.model,0.390,DEFINABLE
hit,/home/pventura/src/OpenDefAlgSplitting/benches/scale/corpus/full/chain_unary_n8_k1_definable_fixed_i1.model,0.455,DEFINABLE
hit,/home/pventura/src/OpenDefAlgSplitting/benches/scale/corpus/full/chain_unary_n8_k1_definable_fixed_i10.model,0.384,DEFINABLE
hit,/home/pventura/src/OpenDefAlgSplitting/benches/scale/corpus/full/chain_unary_n8_k1_definable_fixed_i11.model,0.336,DEFINABLE
hit,/home/pventura/src/OpenDefAlgSplitting/benches/scale/corpus/full/chain_unary_n8_k1_definable_fixed_i12.model,0.470,DEFINABLE
hit,/home/pventura/src/OpenDefAlgSplitting/benches/scale/corpus/full/chain_unary_n8_k1_definable_fixed_i13.model,0.410,DEFINABLE
hit,/home/pventura/src/OpenDefAlgSplitting/benches/scale/corpus/full/chain_unary_n8_k1_definable_fixed_i14.model,0.453,DEFINABLE
hit,/home/pventura/src/OpenDefAlgSplitting/benches/scale/corpus/full/chain_unary_n8_k1_definable_fixed_i15.model,0.381,DEFINABLE
hit,/home/pventura/src/OpenDefAlgSplitting/benches/scale/corpus/full/chain_unary_n8_k1_definable_fixed_i16.model,0.335,DEFINABLE
hit,/home/pventura/src/OpenDefAlgSplitting/benches/scale/corpus/full/chain_unary_n8_k1_definable_fixed_i17.model,0.358,DEFINABLE
hit,/home/pventura/src/OpenDefAlgSplitting/benches/scale/corpus/full/chain_unary_n8_k1_definable_fixed_i18.model,0.325,DEFINABLE
hit,/home/pventura/src/OpenDefAlgSplitting/benches/scale/corpus/full/chain_unary_n8_k1_definable_fixed_i19.model,0.354,DEFINABLE
hit,/home/pventura/src/OpenDefAlgSplitting/benches/scale/corpus/full/chain_unary_n8_k1_definable_fixed_i2.model,0.363,DEFINABLE
hit,/home/pventura/src/OpenDefAlgSplitting/benches/scale/corpus/full/chain_unary_n8_k1_definable_fixed_i20.model,0.379,DEFINABLE
hit,/home/pventura/src/OpenDefAlgSplitting/benches/scale/corpus/full/chain_unary_n8_k1_definable_fixed_i21.model,0.402,DEFINABLE
hit,/home/pventura/src/OpenDefAlgSplitting/benches/scale/corpus/full/chain_unary_n8_k1_definable_fixed_i22.model,0.360,DEFINABLE
hit,/home/pventura/src/OpenDefAlgSplitting/benches/scale/corpus/full/chain_unary_n8_k1_definable_fixed_i23.model,0.585,DEFINABLE
hit,/home/pventura/src/OpenDefAlgSplitting/benches/scale/corpus/full/chain_unary_n8_k1_definable_fixed_i24.model,0.378,DEFINABLE
hit,/home/pventura/src/OpenDefAlgSplitting/benches/scale/corpus/full/chain_unary_n8_k1_definable_fixed_i25.model,0.363,DEFINABLE
hit,/home/pventura/src/OpenDefAlgSplitting/benches/scale/corpus/full/chain_unary_n8_k1_definable_fixed_i26.model,0.323,DEFINABLE
hit,/home/pventura/src/OpenDefAlgSplitting/benches/scale/corpus/full/chain_unary_n8_k1_definable_fixed_i27.model,0.364,DEFINABLE
hit,/home/pventura/src/OpenDefAlgSplitting/benches/scale/corpus/full/chain_unary_n8_k1_definable_fixed_i28.model,0.600,DEFINABLE
hit,/home/pventura/src/OpenDefAlgSplitting/benches/scale/corpus/full/chain_unary_n8_k1_definable_fixed_i29.model,0.388,DEFINABLE
hit,/home/pventura/src/OpenDefAlgSplitting/benches/scale/corpus/full/chain_unary_n8_k1_definable_fixed_i3.model,0.473,DEFINABLE
hit,/home/pventura/src/OpenDefAlgSplitting/benches/scale/corpus/full/chain_unary_n8_k1_definable_fixed_i4.model,0.306,DEFINABLE
hit,/home/pventura/src/OpenDefAlgSplitting/benches/scale/corpus/full/chain_unary_n8_k1_definable_fixed_i5.model,0.416,DEFINABLE
hit,/home/pventura/src/OpenDefAlgSplitting/benches/scale/corpus/full/chain_unary_n8_k1_definable_fixed_i6.model,0.413,DEFINABLE
hit,/home/pventura/src/OpenDefAlgSplitting/benches/scale/corpus/full/chain_unary_n8_k1_definable_fixed_i7.model,0.459,DEFINABLE
hit,/home/pventura/src/OpenDefAlgSplitting/benches/scale/corpus/full/chain_unary_n8_k1_definable_fixed_i8.model,0.325,DEFINABLE
hit,/home/pventura/src/OpenDefAlgSplitting/benches/scale/corpus/full/chain_unary_n8_k1_definable_fixed_i9.model,0.395,DEFINABLE
hit,/home/pventura/src/OpenDefAlgSplitting/benches/scale/corpus/full/chain_unary_n8_k1_nondef_mix_i0.model,0.415,DEFINABLE
hit,/home/pventura/src/OpenDefAlgSplitting/benches/scale/corpus/full/chain_unary_n8_k1_nondef_mix_i1.model,0.597,DEFINABLE
hit,/home/pventura/src/OpenDefAlgSplitting/benches/scale/corpus/full/chain_unary_n8_k1_nondef_mix_i10.model,0.431,DEFINABLE
hit,/home/pventura/src/OpenDefAlgSplitting/benches/scale/corpus/full/chain_unary_n8_k1_nondef_mix_i11.model,0.528,DEFINABLE
hit,/home/pventura/src/OpenDefAlgSplitting/benches/scale/corpus/full/chain_unary_n8_k1_nondef_mix_i12.model,0.617,DEFINABLE
hit,/home/pventura/src/OpenDefAlgSplitting/benches/scale/corpus/full/chain_unary_n8_k1_nondef_mix_i13.model,0.321,DEFINABLE
hit,/home/pventura/src/OpenDefAlgSplitting/benches/scale/corpus/full/chain_unary_n8_k1_nondef_mix_i14.model,0.587,DEFINABLE
hit,/home/pventura/src/OpenDefAlgSplitting/benches/scale/corpus/full/chain_unary_n8_k1_nondef_mix_i15.model,0.338,DEFINABLE
hit,/home/pventura/src/OpenDefAlgSplitting/benches/scale/corpus/full/chain_unary_n8_k1_nondef_mix_i16.model,0.366,DEFINABLE
hit,/home/pventura/src/OpenDefAlgSplitting/benches/scale/corpus/full/chain_unary_n8_k1_nondef_mix_i17.model,0.434,DEFINABLE
hit,/home/pventura/src/OpenDefAlgSplitting/benches/scale/corpus/full/chain_unary_n8_k1_nondef_mix_i18.model,0.513,DEFINABLE
hit,/home/pventura/src/OpenDefAlgSplitting/benches/scale/corpus/full/chain_unary_n8_k1_nondef_mix_i19.model,0.325,DEFINABLE
hit,/home/pventura/src/OpenDefAlgSplitting/benches/scale/corpus/full/chain_unary_n8_k1_nondef_mix_i2.model,0.370,DEFINABLE
hit,/home/pventura/src/OpenDefAlgSplitting/benches/scale/corpus/full/chain_unary_n8_k1_nondef_mix_i20.model,0.466,DEFINABLE
hit,/home/pventura/src/OpenDefAlgSplitting/benches/scale/corpus/full/chain_unary_n8_k1_nondef_mix_i21.model,0.369,DEFINABLE
hit,/home/pventura/src/OpenDefAlgSplitting/benches/scale/corpus/full/chain_unary_n8_k1_nondef_mix_i22.model,0.422,DEFINABLE
hit,/home/pventura/src/OpenDefAlgSplitting/benches/scale/corpus/full/chain_unary_n8_k1_nondef_mix_i23.model,0.348,DEFINABLE
hit,/home/pventura/src/OpenDefAlgSplitting/benches/scale/corpus/full/chain_unary_n8_k1_nondef_mix_i24.model,0.398,DEFINABLE
hit,/home/pventura/src/OpenDefAlgSplitting/benches/scale/corpus/full/chain_unary_n8_k1_nondef_mix_i25.model,0.357,DEFINABLE
hit,/home/pventura/src/OpenDefAlgSplitting/benches/scale/corpus/full/chain_unary_n8_k1_nondef_mix_i26.model,0.369,DEFINABLE
hit,/home/pventura/src/OpenDefAlgSplitting/benches/scale/corpus/full/chain_unary_n8_k1_nondef_mix_i27.model,0.422,DEFINABLE
hit,/home/pventura/src/OpenDefAlgSplitting/benches/scale/corpus/full/chain_unary_n8_k1_nondef_mix_i28.model,0.357,DEFINABLE
hit,/home/pventura/src/OpenDefAlgSplitting/benches/scale/corpus/full/chain_unary_n8_k1_nondef_mix_i29.model,0.394,DEFINABLE
hit,/home/pventura/src/OpenDefAlgSplitting/benches/scale/corpus/full/chain_unary_n8_k1_nondef_mix_i3.model,0.421,DEFINABLE
hit,/home/pventura/src/OpenDefAlgSplitting/benches/scale/corpus/full/chain_unary_n8_k1_nondef_mix_i4.model,0.493,DEFINABLE
hit,/home/pventura/src/OpenDefAlgSplitting/benches/scale/corpus/full/chain_unary_n8_k1_nondef_mix_i5.model,0.380,DEFINABLE
hit,/home/pventura/src/OpenDefAlgSplitting/benches/scale/corpus/full/chain_unary_n8_k1_nondef_mix_i6.model,0.440,DEFINABLE
hit,/home/pventura/src/OpenDefAlgSplitting/benches/scale/corpus/full/chain_unary_n8_k1_nondef_mix_i7.model,0.353,DEFINABLE
hit,/home/pventura/src/OpenDefAlgSplitting/benches/scale/corpus/full/chain_unary_n8_k1_nondef_mix_i8.model,0.330,DEFINABLE
hit,/home/pventura/src/OpenDefAlgSplitting/benches/scale/corpus/full/chain_unary_n8_k1_nondef_mix_i9.model,0.338,DEFINABLE
hit,/home/pventura/src/OpenDefAlgSplitting/benches/scale/corpus/full/cyclic_group_n16_k1_definable_eq_i0.model,1.707,DEFINABLE
hit,/home/pventura/src/OpenDefAlgSplitting/benches/scale/corpus/full/cyclic_group_n16_k1_definable_eq_i1.model,1.802,DEFINABLE
hit,/home/pventura/src/OpenDefAlgSplitting/benches/scale/corpus/full/cyclic_group_n16_k1_definable_eq_i10.model,1.725,DEFINABLE
hit,/home/pventura/src/OpenDefAlgSplitting/benches/scale/corpus/full/cyclic_group_n16_k1_definable_eq_i11.model,1.793,DEFINABLE
hit,/home/pventura/src/OpenDefAlgSplitting/benches/scale/corpus/full/cyclic_group_n16_k1_definable_eq_i12.model,1.745,DEFINABLE
hit,/home/pventura/src/OpenDefAlgSplitting/benches/scale/corpus/full/cyclic_group_n16_k1_definable_eq_i13.model,1.788,DEFINABLE
hit,/home/pventura/src/OpenDefAlgSplitting/benches/scale/corpus/full/cyclic_group_n16_k1_definable_eq_i14.model,1.720,DEFINABLE
hit,/home/pventura/src/OpenDefAlgSplitting/benches/scale/corpus/full/cyclic_group_n16_k1_definable_eq_i15.model,1.730,DEFINABLE
hit,/home/pventura/src/OpenDefAlgSplitting/benches/scale/corpus/full/cyclic_group_n16_k1_definable_eq_i16.model,1.787,DEFINABLE
hit,/home/pventura/src/OpenDefAlgSplitting/benches/scale/corpus/full/cyclic_group_n16_k1_definable_eq_i17.model,1.717,DEFINABLE
hit,/home/pventura/src/OpenDefAlgSplitting/benches/scale/corpus/full/cyclic_group_n16_k1_definable_eq_i18.model,1.685,DEFINABLE
hit,/home/pventura/src/OpenDefAlgSplitting/benches/scale/corpus/full/cyclic_group_n16_k1_definable_eq_i19.model,1.708,DEFINABLE
hit,/home/pventura/src/OpenDefAlgSplitting/benches/scale/corpus/full/cyclic_group_n16_k1_definable_eq_i2.model,1.693,DEFINABLE
hit,/home/pventura/src/OpenDefAlgSplitting/benches/scale/corpus/full/cyclic_group_n16_k1_definable_eq_i20.model,1.748,DEFINABLE
hit,/home/pventura/src/OpenDefAlgSplitting/benches/scale/corpus/full/cyclic_group_n16_k1_definable_eq_i21.model,1.697,DEFINABLE
hit,/home/pventura/src/OpenDefAlgSplitting/benches/scale/corpus/full/cyclic_group_n16_k1_definable_eq_i22.model,1.761,DEFINABLE
hit,/home/pventura/src/OpenDefAlgSplitting/benches/scale/corpus/full/cyclic_group_n16_k1_definable_eq_i23.model,1.654,DEFINABLE
hit,/home/pventura/src/OpenDefAlgSplitting/benches/scale/corpus/full/cyclic_group_n16_k1_definable_eq_i24.model,1.777,DEFINABLE
hit,/home/pventura/src/OpenDefAlgSplitting/benches/scale/corpus/full/cyclic_group_n16_k1_definable_eq_i25.model,1.726,DEFINABLE
hit,/home/pventura/src/OpenDefAlgSplitting/benches/scale/corpus/full/cyclic_group_n16_k1_definable_eq_i26.model,1.668,DEFINABLE
hit,/home/pventura/src/OpenDefAlgSplitting/benches/scale/corpus/full/cyclic_group_n16_k1_definable_eq_i27.model,2.750,DEFINABLE
hit,/home/pventura/src/OpenDefAlgSplitting/benches/scale/corpus/full/cyclic_group_n16_k1_definable_eq_i28.model,1.649,DEFINABLE
hit,/home/pventura/src/OpenDefAlgSplitting/benches/scale/corpus/full/cyclic_group_n16_k1_definable_eq_i29.model,1.849,DEFINABLE
hit,/home/pventura/src/OpenDefAlgSplitting/benches/scale/corpus/full/cyclic_group_n16_k1_definable_eq_i3.model,1.716,DEFINABLE
hit,/home/pventura/src/OpenDefAlgSplitting/benches/scale/corpus/full/cyclic_group_n16_k1_definable_eq_i4.model,1.726,DEFINABLE
hit,/home/pventura/src/OpenDefAlgSplitting/benches/scale/corpus/full/cyclic_group_n16_k1_definable_eq_i5.model,1.805,DEFINABLE
hit,/home/pventura/src/OpenDefAlgSplitting/benches/scale/corpus/full/cyclic_group_n16_k1_definable_eq_i6.model,1.835,DEFINABLE
hit,/home/pventura/src/OpenDefAlgSplitting/benches/scale/corpus/full/cyclic_group_n16_k1_definable_eq_i7.model,1.683,DEFINABLE
hit,/home/pventura/src/OpenDefAlgSplitting/benches/scale/corpus/full/cyclic_group_n16_k1_definable_eq_i8.model,1.838,DEFINABLE
hit,/home/pventura/src/OpenDefAlgSplitting/benches/scale/corpus/full/cyclic_group_n16_k1_definable_eq_i9.model,1.690,DEFINABLE
hit,/home/pventura/src/OpenDefAlgSplitting/benches/scale/corpus/full/cyclic_group_n16_k1_nondef_mix_i0.model,1.671,DEFINABLE
hit,/home/pventura/src/OpenDefAlgSplitting/benches/scale/corpus/full/cyclic_group_n16_k1_nondef_mix_i1.model,1.692,DEFINABLE
hit,/home/pventura/src/OpenDefAlgSplitting/benches/scale/corpus/full/cyclic_group_n16_k1_nondef_mix_i10.model,1.682,DEFINABLE
hit,/home/pventura/src/OpenDefAlgSplitting/benches/scale/corpus/full/cyclic_group_n16_k1_nondef_mix_i11.model,1.715,DEFINABLE
hit,/home/pventura/src/OpenDefAlgSplitting/benches/scale/corpus/full/cyclic_group_n16_k1_nondef_mix_i12.model,1.682,DEFINABLE
hit,/home/pventura/src/OpenDefAlgSplitting/benches/scale/corpus/full/cyclic_group_n16_k1_nondef_mix_i13.model,1.754,DEFINABLE
hit,/home/pventura/src/OpenDefAlgSplitting/benches/scale/corpus/full/cyclic_group_n16_k1_nondef_mix_i14.model,1.829,DEFINABLE
hit,/home/pventura/src/OpenDefAlgSplitting/benches/scale/corpus/full/cyclic_group_n16_k1_nondef_mix_i15.model,1.741,DEFINABLE
hit,/home/pventura/src/OpenDefAlgSplitting/benches/scale/corpus/full/cyclic_group_n16_k1_nondef_mix_i16.model,1.715,DEFINABLE
hit,/home/pventura/src/OpenDefAlgSplitting/benches/scale/corpus/full/cyclic_group_n16_k1_nondef_mix_i17.model,1.735,DEFINABLE
hit,/home/pventura/src/OpenDefAlgSplitting/benches/scale/corpus/full/cyclic_group_n16_k1_nondef_mix_i18.model,1.740,DEFINABLE
hit,/home/pventura/src/OpenDefAlgSplitting/benches/scale/corpus/full/cyclic_group_n16_k1_nondef_mix_i19.model,1.711,DEFINABLE
hit,/home/pventura/src/OpenDefAlgSplitting/benches/scale/corpus/full/cyclic_group_n16_k1_nondef_mix_i2.model,1.687,DEFINABLE
hit,/home/pventura/src/OpenDefAlgSplitting/benches/scale/corpus/full/cyclic_group_n16_k1_nondef_mix_i20.model,1.707,DEFINABLE
hit,/home/pventura/src/OpenDefAlgSplitting/benches/scale/corpus/full/cyclic_group_n16_k1_nondef_mix_i21.model,1.709,DEFINABLE
hit,/home/pventura/src/OpenDefAlgSplitting/benches/scale/corpus/full/cyclic_group_n16_k1_nondef_mix_i22.model,1.696,DEFINABLE
hit,/home/pventura/src/OpenDefAlgSplitting/benches/scale/corpus/full/cyclic_group_n16_k1_nondef_mix_i23.model,1.666,DEFINABLE
hit,/home/pventura/src/OpenDefAlgSplitting/benches/scale/corpus/full/cyclic_group_n16_k1_nondef_mix_i24.model,1.706,DEFINABLE
hit,/home/pventura/src/OpenDefAlgSplitting/benches/scale/corpus/full/cyclic_group_n16_k1_nondef_mix_i25.model,1.676,DEFINABLE
hit,/home/pventura/src/OpenDefAlgSplitting/benches/scale/corpus/full/cyclic_group_n16_k1_nondef_mix_i26.model,1.683,DEFINABLE
hit,/home/pventura/src/OpenDefAlgSplitting/benches/scale/corpus/full/cyclic_group_n16_k1_nondef_mix_i27.model,1.680,DEFINABLE
hit,/home/pventura/src/OpenDefAlgSplitting/benches/scale/corpus/full/cyclic_group_n16_k1_nondef_mix_i28.model,1.802,DEFINABLE
hit,/home/pventura/src/OpenDefAlgSplitting/benches/scale/corpus/full/cyclic_group_n16_k1_nondef_mix_i29.model,1.688,DEFINABLE
hit,/home/pventura/src/OpenDefAlgSplitting/benches/scale/corpus/full/cyclic_group_n16_k1_nondef_mix_i3.model,1.719,DEFINABLE
hit,/home/pventura/src/OpenDefAlgSplitting/benches/scale/corpus/full/cyclic_group_n16_k1_nondef_mix_i4.model,1.731,DEFINABLE
hit,/home/pventura/src/OpenDefAlgSplitting/benches/scale/corpus/full/cyclic_group_n16_k1_nondef_mix_i5.model,1.705,DEFINABLE
hit,/home/pventura/src/OpenDefAlgSplitting/benches/scale/corpus/full/cyclic_group_n16_k1_nondef_mix_i6.model,1.686,DEFINABLE
hit,/home/pventura/src/OpenDefAlgSplitting/benches/scale/corpus/full/cyclic_group_n16_k1_nondef_mix_i7.model,1.769,DEFINABLE
hit,/home/pventura/src/OpenDefAlgSplitting/benches/scale/corpus/full/cyclic_group_n16_k1_nondef_mix_i8.model,1.765,DEFINABLE
hit,/home/pventura/src/OpenDefAlgSplitting/benches/scale/corpus/full/cyclic_group_n16_k1_nondef_mix_i9.model,1.754,DEFINABLE
hit,/home/pventura/src/OpenDefAlgSplitting/benches/scale/corpus/full/cyclic_group_n16_k2_definable_eq_i0.model,1.012,DEFINABLE
hit,/home/pventura/src/OpenDefAlgSplitting/benches/scale/corpus/full/cyclic_group_n16_k2_definable_eq_i1.model,1.021,DEFINABLE
hit,/home/pventura/src/OpenDefAlgSplitting/benches/scale/corpus/full/cyclic_group_n16_k2_definable_eq_i10.model,1.117,DEFINABLE
hit,/home/pventura/src/OpenDefAlgSplitting/benches/scale/corpus/full/cyclic_group_n16_k2_definable_eq_i11.model,0.992,DEFINABLE
hit,/home/pventura/src/OpenDefAlgSplitting/benches/scale/corpus/full/cyclic_group_n16_k2_definable_eq_i12.model,1.041,DEFINABLE
hit,/home/pventura/src/OpenDefAlgSplitting/benches/scale/corpus/full/cyclic_group_n16_k2_definable_eq_i13.model,1.021,DEFINABLE
hit,/home/pventura/src/OpenDefAlgSplitting/benches/scale/corpus/full/cyclic_group_n16_k2_definable_eq_i14.model,0.999,DEFINABLE
hit,/home/pventura/src/OpenDefAlgSplitting/benches/scale/corpus/full/cyclic_group_n16_k2_definable_eq_i15.model,1.134,DEFINABLE
hit,/home/pventura/src/OpenDefAlgSplitting/benches/scale/corpus/full/cyclic_group_n16_k2_definable_eq_i16.model,1.067,DEFINABLE
hit,/home/pventura/src/OpenDefAlgSplitting/benches/scale/corpus/full/cyclic_group_n16_k2_definable_eq_i17.model,1.017,DEFINABLE
hit,/home/pventura/src/OpenDefAlgSplitting/benches/scale/corpus/full/cyclic_group_n16_k2_definable_eq_i18.model,1.008,DEFINABLE
hit,/home/pventura/src/OpenDefAlgSplitting/benches/scale/corpus/full/cyclic_group_n16_k2_definable_eq_i19.model,0.994,DEFINABLE
hit,/home/pventura/src/OpenDefAlgSplitting/benches/scale/corpus/full/cyclic_group_n16_k2_definable_eq_i2.model,1.005,DEFINABLE
hit,/home/pventura/src/OpenDefAlgSplitting/benches/scale/corpus/full/cyclic_group_n16_k2_definable_eq_i20.model,0.992,DEFINABLE
hit,/home/pventura/src/OpenDefAlgSplitting/benches/scale/corpus/full/cyclic_group_n16_k2_definable_eq_i21.model,1.002,DEFINABLE
hit,/home/pventura/src/OpenDefAlgSplitting/benches/scale/corpus/full/cyclic_group_n16_k2_definable_eq_i22.model,0.970,DEFINABLE
hit,/home/pventura/src/OpenDefAlgSplitting/benches/scale/corpus/full/cyclic_group_n16_k2_definable_eq_i23.model,1.004,DEFINABLE
hit,/home/pventura/src/OpenDefAlgSplitting/benches/scale/corpus/full/cyclic_group_n16_k2_definable_eq_i24.model,1.014,DEFINABLE
hit,/home/pventura/src/OpenDefAlgSplitting/benches/scale/corpus/full/cyclic_group_n16_k2_definable_eq_i25.model,0.999,DEFINABLE
hit,/home/pventura/src/OpenDefAlgSplitting/benches/scale/corpus/full/cyclic_group_n16_k2_definable_eq_i26.model,0.998,DEFINABLE
hit,/home/pventura/src/OpenDefAlgSplitting/benches/scale/corpus/full/cyclic_group_n16_k2_definable_eq_i27.model,0.990,DEFINABLE
hit,/home/pventura/src/OpenDefAlgSplitting/benches/scale/corpus/full/cyclic_group_n16_k2_definable_eq_i28.model,1.015,DEFINABLE
hit,/home/pventura/src/OpenDefAlgSplitting/benches/scale/corpus/full/cyclic_group_n16_k2_definable_eq_i29.model,1.105,DEFINABLE
hit,/home/pventura/src/OpenDefAlgSplitting/benches/scale/corpus/full/cyclic_group_n16_k2_definable_eq_i3.model,1.015,DEFINABLE
hit,/home/pventura/src/OpenDefAlgSplitting/benches/scale/corpus/full/cyclic_group_n16_k2_definable_eq_i4.model,1.044,DEFINABLE
hit,/home/pventura/src/OpenDefAlgSplitting/benches/scale/corpus/full/cyclic_group_n16_k2_definable_eq_i5.model,1.073,DEFINABLE
hit,/home/pventura/src/OpenDefAlgSplitting/benches/scale/corpus/full/cyclic_group_n16_k2_definable_eq_i6.model,1.070,DEFINABLE
hit,/home/pventura/src/OpenDefAlgSplitting/benches/scale/corpus/full/cyclic_group_n16_k2_definable_eq_i7.model,1.029,DEFINABLE
hit,/home/pventura/src/OpenDefAlgSplitting/benches/scale/corpus/full/cyclic_group_n16_k2_definable_eq_i8.model,1.064,DEFINABLE
hit,/home/pventura/src/OpenDefAlgSplitting/benches/scale/corpus/full/cyclic_group_n16_k2_definable_eq_i9.model,1.031,DEFINABLE
hit,/home/pventura/src/OpenDefAlgSplitting/benches/scale/corpus/full/cyclic_group_n16_k2_nondef_mix_i0.model,39.893,DEFINABLE
hit,/home/pventura/src/OpenDefAlgSplitting/benches/scale/corpus/full/cyclic_group_n16_k2_nondef_mix_i1.model,39.809,DEFINABLE
hit,/home/pventura/src/OpenDefAlgSplitting/benches/scale/corpus/full/cyclic_group_n16_k2_nondef_mix_i10.model,39.658,DEFINABLE
hit,/home/pventura/src/OpenDefAlgSplitting/benches/scale/corpus/full/cyclic_group_n16_k2_nondef_mix_i11.model,40.427,DEFINABLE
hit,/home/pventura/src/OpenDefAlgSplitting/benches/scale/corpus/full/cyclic_group_n16_k2_nondef_mix_i12.model,39.613,DEFINABLE
hit,/home/pventura/src/OpenDefAlgSplitting/benches/scale/corpus/full/cyclic_group_n16_k2_nondef_mix_i13.model,39.702,DEFINABLE
hit,/home/pventura/src/OpenDefAlgSplitting/benches/scale/corpus/full/cyclic_group_n16_k2_nondef_mix_i14.model,39.606,DEFINABLE
hit,/home/pventura/src/OpenDefAlgSplitting/benches/scale/corpus/full/cyclic_group_n16_k2_nondef_mix_i15.model,39.464,DEFINABLE
hit,/home/pventura/src/OpenDefAlgSplitting/benches/scale/corpus/full/cyclic_group_n16_k2_nondef_mix_i16.model,39.575,DEFINABLE
hit,/home/pventura/src/OpenDefAlgSplitting/benches/scale/corpus/full/cyclic_group_n16_k2_nondef_mix_i17.model,39.557,DEFINABLE
hit,/home/pventura/src/OpenDefAlgSplitting/benches/scale/corpus/full/cyclic_group_n16_k2_nondef_mix_i18.model,39.638,DEFINABLE
hit,/home/pventura/src/OpenDefAlgSplitting/benches/scale/corpus/full/cyclic_group_n16_k2_nondef_mix_i19.model,39.635,DEFINABLE
hit,/home/pventura/src/OpenDefAlgSplitting/benches/scale/corpus/full/cyclic_group_n16_k2_nondef_mix_i2.model,40.401,DEFINABLE
hit,/home/pventura/src/OpenDefAlgSplitting/benches/scale/corpus/full/cyclic_group_n16_k2_nondef_mix_i20.model,39.869,DEFINABLE
hit,/home/pventura/src/OpenDefAlgSplitting/benches/scale/corpus/full/cyclic_group_n16_k2_nondef_mix_i21.model,40.211,DEFINABLE
hit,/home/pventura/src/OpenDefAlgSplitting/benches/scale/corpus/full/cyclic_group_n16_k2_nondef_mix_i22.model,39.874,DEFINABLE
hit,/home/pventura/src/OpenDefAlgSplitting/benches/scale/corpus/full/cyclic_group_n16_k2_nondef_mix_i23.model,39.776,DEFINABLE
hit,/home/pventura/src/OpenDefAlgSplitting/benches/scale/corpus/full/cyclic_group_n16_k2_nondef_mix_i24.model,39.700,DEFINABLE
hit,/home/pventura/src/OpenDefAlgSplitting/benches/scale/corpus/full/cyclic_group_n16_k2_nondef_mix_i25.model,39.428,DEFINABLE
hit,/home/pventura/src/OpenDefAlgSplitting/benches/scale/corpus/full/cyclic_group_n16_k2_nondef_mix_i26.model,39.617,DEFINABLE
hit,/home/pventura/src/OpenDefAlgSplitting/benches/scale/corpus/full/cyclic_group_n16_k2_nondef_mix_i27.model,39.950,DEFINABLE
hit,/home/pventura/src/OpenDefAlgSplitting/benches/scale/corpus/full/cyclic_group_n16_k2_nondef_mix_i28.model,39.626,DEFINABLE
hit,/home/pventura/src/OpenDefAlgSplitting/benches/scale/corpus/full/cyclic_group_n16_k2_nondef_mix_i29.model,39.245,DEFINABLE
hit,/home/pventura/src/OpenDefAlgSplitting/benches/scale/corpus/full/cyclic_group_n16_k2_nondef_mix_i3.model,40.152,DEFINABLE
hit,/home/pventura/src/OpenDefAlgSplitting/benches/scale/corpus/full/cyclic_group_n16_k2_nondef_mix_i4.model,39.651,DEFINABLE
hit,/home/pventura/src/OpenDefAlgSplitting/benches/scale/corpus/full/cyclic_group_n16_k2_nondef_mix_i5.model,40.280,DEFINABLE
hit,/home/pventura/src/OpenDefAlgSplitting/benches/scale/corpus/full/cyclic_group_n16_k2_nondef_mix_i6.model,39.656,DEFINABLE
hit,/home/pventura/src/OpenDefAlgSplitting/benches/scale/corpus/full/cyclic_group_n16_k2_nondef_mix_i7.model,39.530,DEFINABLE
hit,/home/pventura/src/OpenDefAlgSplitting/benches/scale/corpus/full/cyclic_group_n16_k2_nondef_mix_i8.model,39.214,DEFINABLE
hit,/home/pventura/src/OpenDefAlgSplitting/benches/scale/corpus/full/cyclic_group_n16_k2_nondef_mix_i9.model,39.902,DEFINABLE
hit,/home/pventura/src/OpenDefAlgSplitting/benches/scale/corpus/full/cyclic_group_n32_k1_definable_eq_i0.model,11.011,DEFINABLE
hit,/home/pventura/src/OpenDefAlgSplitting/benches/scale/corpus/full/cyclic_group_n32_k1_definable_eq_i1.model,11.120,DEFINABLE
hit,/home/pventura/src/OpenDefAlgSplitting/benches/scale/corpus/full/cyclic_group_n32_k1_definable_eq_i10.model,10.971,DEFINABLE
hit,/home/pventura/src/OpenDefAlgSplitting/benches/scale/corpus/full/cyclic_group_n32_k1_definable_eq_i11.model,10.878,DEFINABLE
hit,/home/pventura/src/OpenDefAlgSplitting/benches/scale/corpus/full/cyclic_group_n32_k1_definable_eq_i12.model,11.253,DEFINABLE
hit,/home/pventura/src/OpenDefAlgSplitting/benches/scale/corpus/full/cyclic_group_n32_k1_definable_eq_i13.model,11.022,DEFINABLE
hit,/home/pventura/src/OpenDefAlgSplitting/benches/scale/corpus/full/cyclic_group_n32_k1_definable_eq_i14.model,10.994,DEFINABLE
hit,/home/pventura/src/OpenDefAlgSplitting/benches/scale/corpus/full/cyclic_group_n32_k1_definable_eq_i15.model,11.338,DEFINABLE
hit,/home/pventura/src/OpenDefAlgSplitting/benches/scale/corpus/full/cyclic_group_n32_k1_definable_eq_i16.model,11.171,DEFINABLE
hit,/home/pventura/src/OpenDefAlgSplitting/benches/scale/corpus/full/cyclic_group_n32_k1_definable_eq_i17.model,10.910,DEFINABLE
hit,/home/pventura/src/OpenDefAlgSplitting/benches/scale/corpus/full/cyclic_group_n32_k1_definable_eq_i18.model,10.988,DEFINABLE
hit,/home/pventura/src/OpenDefAlgSplitting/benches/scale/corpus/full/cyclic_group_n32_k1_definable_eq_i19.model,10.954,DEFINABLE
hit,/home/pventura/src/OpenDefAlgSplitting/benches/scale/corpus/full/cyclic_group_n32_k1_definable_eq_i2.model,11.110,DEFINABLE
hit,/home/pventura/src/OpenDefAlgSplitting/benches/scale/corpus/full/cyclic_group_n32_k1_definable_eq_i20.model,11.104,DEFINABLE
hit,/home/pventura/src/OpenDefAlgSplitting/benches/scale/corpus/full/cyclic_group_n32_k1_definable_eq_i21.model,11.087,DEFINABLE
hit,/home/pventura/src/OpenDefAlgSplitting/benches/scale/corpus/full/cyclic_group_n32_k1_definable_eq_i22.model,11.284,DEFINABLE
hit,/home/pventura/src/OpenDefAlgSplitting/benches/scale/corpus/full/cyclic_group_n32_k1_definable_eq_i23.model,11.114,DEFINABLE
hit,/home/pventura/src/OpenDefAlgSplitting/benches/scale/corpus/full/cyclic_group_n32_k1_definable_eq_i24.model,11.293,DEFINABLE
hit,/home/pventura/src/OpenDefAlgSplitting/benches/scale/corpus/full/cyclic_group_n32_k1_definable_eq_i25.model,11.094,DEFINABLE
hit,/home/pventura/src/OpenDefAlgSplitting/benches/scale/corpus/full/cyclic_group_n32_k1_definable_eq_i26.model,11.061,DEFINABLE
hit,/home/pventura/src/OpenDefAlgSplitting/benches/scale/corpus/full/cyclic_group_n32_k1_definable_eq_i27.model,11.157,DEFINABLE
hit,/home/pventura/src/OpenDefAlgSplitting/benches/scale/corpus/full/cyclic_group_n32_k1_definable_eq_i28.model,11.272,DEFINABLE
hit,/home/pventura/src/OpenDefAlgSplitting/benches/scale/corpus/full/cyclic_group_n32_k1_definable_eq_i29.model,10.970,DEFINABLE
hit,/home/pventura/src/OpenDefAlgSplitting/benches/scale/corpus/full/cyclic_group_n32_k1_definable_eq_i3.model,11.047,DEFINABLE
hit,/home/pventura/src/OpenDefAlgSplitting/benches/scale/corpus/full/cyclic_group_n32_k1_definable_eq_i4.model,11.067,DEFINABLE
hit,/home/pventura/src/OpenDefAlgSplitting/benches/scale/corpus/full/cyclic_group_n32_k1_definable_eq_i5.model,11.129,DEFINABLE
hit,/home/pventura/src/OpenDefAlgSplitting/benches/scale/corpus/full/cyclic_group_n32_k1_definable_eq_i6.model,11.166,DEFINABLE
hit,/home/pventura/src/OpenDefAlgSplitting/benches/scale/corpus/full/cyclic_group_n32_k1_definable_eq_i7.model,10.910,DEFINABLE
hit,/home/pventura/src/OpenDefAlgSplitting/benches/scale/corpus/full/cyclic_group_n32_k1_definable_eq_i8.model,10.958,DEFINABLE
hit,/home/pventura/src/OpenDefAlgSplitting/benches/scale/corpus/full/cyclic_group_n32_k1_definable_eq_i9.model,10.945,DEFINABLE
hit,/home/pventura/src/OpenDefAlgSplitting/benches/scale/corpus/full/cyclic_group_n32_k1_nondef_mix_i0.model,10.944,DEFINABLE
hit,/home/pventura/src/OpenDefAlgSplitting/benches/scale/corpus/full/cyclic_group_n32_k1_nondef_mix_i1.model,11.228,DEFINABLE
hit,/home/pventura/src/OpenDefAlgSplitting/benches/scale/corpus/full/cyclic_group_n32_k1_nondef_mix_i10.model,10.858,DEFINABLE
hit,/home/pventura/src/OpenDefAlgSplitting/benches/scale/corpus/full/cyclic_group_n32_k1_nondef_mix_i11.model,10.908,DEFINABLE
hit,/home/pventura/src/OpenDefAlgSplitting/benches/scale/corpus/full/cyclic_group_n32_k1_nondef_mix_i12.model,11.097,DEFINABLE
hit,/home/pventura/src/OpenDefAlgSplitting/benches/scale/corpus/full/cyclic_group_n32_k1_nondef_mix_i13.model,10.954,DEFINABLE
hit,/home/pventura/src/OpenDefAlgSplitting/benches/scale/corpus/full/cyclic_group_n32_k1_nondef_mix_i14.model,10.922,DEFINABLE
hit,/home/pventura/src/OpenDefAlgSplitting/benches/scale/corpus/full/cyclic_group_n32_k1_nondef_mix_i15.model,10.967,DEFINABLE
hit,/home/pventura/src/OpenDefAlgSplitting/benches/scale/corpus/full/cyclic_group_n32_k1_nondef_mix_i16.model,11.090,DEFINABLE
hit,/home/pventura/src/OpenDefAlgSplitting/benches/scale/corpus/full/cyclic_group_n32_k1_nondef_mix_i17.model,11.061,DEFINABLE
hit,/home/pventura/src/OpenDefAlgSplitting/benches/scale/corpus/full/cyclic_group_n32_k1_nondef_mix_i18.model,10.949,DEFINABLE
hit,/home/pventura/src/OpenDefAlgSplitting/benches/scale/corpus/full/cyclic_group_n32_k1_nondef_mix_i19.model,11.022,DEFINABLE
hit,/home/pventura/src/OpenDefAlgSplitting/benches/scale/corpus/full/cyclic_group_n32_k1_nondef_mix_i2.model,11.015,DEFINABLE
hit,/home/pventura/src/OpenDefAlgSplitting/benches/scale/corpus/full/cyclic_group_n32_k1_nondef_mix_i20.model,10.944,DEFINABLE
hit,/home/pventura/src/OpenDefAlgSplitting/benches/scale/corpus/full/cyclic_group_n32_k1_nondef_mix_i21.model,10.926,DEFINABLE
hit,/home/pventura/src/OpenDefAlgSplitting/benches/scale/corpus/full/cyclic_group_n32_k1_nondef_mix_i22.model,10.917,DEFINABLE
hit,/home/pventura/src/OpenDefAlgSplitting/benches/scale/corpus/full/cyclic_group_n32_k1_nondef_mix_i23.model,11.043,DEFINABLE
hit,/home/pventura/src/OpenDefAlgSplitting/benches/scale/corpus/full/cyclic_group_n32_k1_nondef_mix_i24.model,11.602,DEFINABLE
hit,/home/pventura/src/OpenDefAlgSplitting/benches/scale/corpus/full/cyclic_group_n32_k1_nondef_mix_i25.model,10.954,DEFINABLE
hit,/home/pventura/src/OpenDefAlgSplitting/benches/scale/corpus/full/cyclic_group_n32_k1_nondef_mix_i26.model,11.169,DEFINABLE
hit,/home/pventura/src/OpenDefAlgSplitting/benches/scale/corpus/full/cyclic_group_n32_k1_nondef_mix_i27.model,11.009,DEFINABLE
hit,/home/pventura/src/OpenDefAlgSplitting/benches/scale/corpus/full/cyclic_group_n32_k1_nondef_mix_i28.model,10.922,DEFINABLE
hit,/home/pventura/src/OpenDefAlgSplitting/benches/scale/corpus/full/cyclic_group_n32_k1_nondef_mix_i29.model,10.965,DEFINABLE
hit,/home/pventura/src/OpenDefAlgSplitting/benches/scale/corpus/full/cyclic_group_n32_k1_nondef_mix_i3.model,11.032,DEFINABLE
hit,/home/pventura/src/OpenDefAlgSplitting/benches/scale/corpus/full/cyclic_group_n32_k1_nondef_mix_i4.model,11.152,DEFINABLE
hit,/home/pventura/src/OpenDefAlgSplitting/benches/scale/corpus/full/cyclic_group_n32_k1_nondef_mix_i5.model,10.989,DEFINABLE
hit,/home/pventura/src/OpenDefAlgSplitting/benches/scale/corpus/full/cyclic_group_n32_k1_nondef_mix_i6.model,10.938,DEFINABLE
hit,/home/pventura/src/OpenDefAlgSplitting/benches/scale/corpus/full/cyclic_group_n32_k1_nondef_mix_i7.model,11.025,DEFINABLE
hit,/home/pventura/src/OpenDefAlgSplitting/benches/scale/corpus/full/cyclic_group_n32_k1_nondef_mix_i8.model,10.989,DEFINABLE
hit,/home/pventura/src/OpenDefAlgSplitting/benches/scale/corpus/full/cyclic_group_n32_k1_nondef_mix_i9.model,11.105,DEFINABLE
hit,/home/pventura/src/OpenDefAlgSplitting/benches/scale/corpus/full/cyclic_group_n32_k2_definable_eq_i0.model,6.378,DEFINABLE
hit,/home/pventura/src/OpenDefAlgSplitting/benches/scale/corpus/full/cyclic_group_n32_k2_definable_eq_i1.model,6.230,DEFINABLE
hit,/home/pventura/src/OpenDefAlgSplitting/benches/scale/corpus/full/cyclic_group_n32_k2_definable_eq_i10.model,6.310,DEFINABLE
hit,/home/pventura/src/OpenDefAlgSplitting/benches/scale/corpus/full/cyclic_group_n32_k2_definable_eq_i11.model,6.587,DEFINABLE
hit,/home/pventura/src/OpenDefAlgSplitting/benches/scale/corpus/full/cyclic_group_n32_k2_definable_eq_i12.model,6.348,DEFINABLE
hit,/home/pventura/src/OpenDefAlgSplitting/benches/scale/corpus/full/cyclic_group_n32_k2_definable_eq_i13.model,6.350,DEFINABLE
hit,/home/pventura/src/OpenDefAlgSplitting/benches/scale/corpus/full/cyclic_group_n32_k2_definable_eq_i14.model,6.280,DEFINABLE
hit,/home/pventura/src/OpenDefAlgSplitting/benches/scale/corpus/full/cyclic_group_n32_k2_definable_eq_i15.model,6.487,DEFINABLE
hit,/home/pventura/src/OpenDefAlgSplitting/benches/scale/corpus/full/cyclic_group_n32_k2_definable_eq_i16.model,6.515,DEFINABLE
hit,/home/pventura/src/OpenDefAlgSplitting/benches/scale/corpus/full/cyclic_group_n32_k2_definable_eq_i17.model,6.297,DEFINABLE
hit,/home/pventura/src/OpenDefAlgSplitting/benches/scale/corpus/full/cyclic_group_n32_k2_definable_eq_i18.model,6.395,DEFINABLE
hit,/home/pventura/src/OpenDefAlgSplitting/benches/scale/corpus/full/cyclic_group_n32_k2_definable_eq_i19.model,6.263,DEFINABLE
hit,/home/pventura/src/OpenDefAlgSplitting/benches/scale/corpus/full/cyclic_group_n32_k2_definable_eq_i2.model,6.256,DEFINABLE
hit,/home/pventura/src/OpenDefAlgSplitting/benches/scale/corpus/full/cyclic_group_n32_k2_definable_eq_i20.model,6.344,DEFINABLE
hit,/home/pventura/src/OpenDefAlgSplitting/benches/scale/corpus/full/cyclic_group_n32_k2_definable_eq_i21.model,6.325,DEFINABLE
hit,/home/pventura/src/OpenDefAlgSplitting/benches/scale/corpus/full/cyclic_group_n32_k2_definable_eq_i22.model,6.427,DEFINABLE
hit,/home/pventura/src/OpenDefAlgSplitting/benches/scale/corpus/full/cyclic_group_n32_k2_definable_eq_i23.model,6.267,DEFINABLE
hit,/home/pventura/src/OpenDefAlgSplitting/benches/scale/corpus/full/cyclic_group_n32_k2_definable_eq_i24.model,6.252,DEFINABLE
hit,/home/pventura/src/OpenDefAlgSplitting/benches/scale/corpus/full/cyclic_group_n32_k2_definable_eq_i25.model,6.328,DEFINABLE
hit,/home/pventura/src/OpenDefAlgSplitting/benches/scale/corpus/full/cyclic_group_n32_k2_definable_eq_i26.model,6.424,DEFINABLE
hit,/home/pventura/src/OpenDefAlgSplitting/benches/scale/corpus/full/cyclic_group_n32_k2_definable_eq_i27.model,6.384,DEFINABLE
hit,/home/pventura/src/OpenDefAlgSplitting/benches/scale/corpus/full/cyclic_group_n32_k2_definable_eq_i28.model,6.304,DEFINABLE
hit,/home/pventura/src/OpenDefAlgSplitting/benches/scale/corpus/full/cyclic_group_n32_k2_definable_eq_i29.model,6.430,DEFINABLE
hit,/home/pventura/src/OpenDefAlgSplitting/benches/scale/corpus/full/cyclic_group_n32_k2_definable_eq_i3.model,6.414,DEFINABLE
hit,/home/pventura/src/OpenDefAlgSplitting/benches/scale/corpus/full/cyclic_group_n32_k2_definable_eq_i4.model,6.360,DEFINABLE
hit,/home/pventura/src/OpenDefAlgSplitting/benches/scale/corpus/full/cyclic_group_n32_k2_definable_eq_i5.model,6.433,DEFINABLE
hit,/home/pventura/src/OpenDefAlgSplitting/benches/scale/corpus/full/cyclic_group_n32_k2_definable_eq_i6.model,6.415,DEFINABLE
hit,/home/pventura/src/OpenDefAlgSplitting/benches/scale/corpus/full/cyclic_group_n32_k2_definable_eq_i7.model,6.409,DEFINABLE
hit,/home/pventura/src/OpenDefAlgSplitting/benches/scale/corpus/full/cyclic_group_n32_k2_definable_eq_i8.model,6.230,DEFINABLE
hit,/home/pventura/src/OpenDefAlgSplitting/benches/scale/corpus/full/cyclic_group_n32_k2_definable_eq_i9.model,6.251,DEFINABLE
hit,/home/pventura/src/OpenDefAlgSplitting/benches/scale/corpus/full/cyclic_group_n32_k2_nondef_mix_i0.model,251.765,DEFINABLE
hit,/home/pventura/src/OpenDefAlgSplitting/benches/scale/corpus/full/cyclic_group_n32_k2_nondef_mix_i1.model,252.186,DEFINABLE
hit,/home/pventura/src/OpenDefAlgSplitting/benches/scale/corpus/full/cyclic_group_n32_k2_nondef_mix_i10.model,254.898,DEFINABLE
hit,/home/pventura/src/OpenDefAlgSplitting/benches/scale/corpus/full/cyclic_group_n32_k2_nondef_mix_i11.model,251.511,DEFINABLE
hit,/home/pventura/src/OpenDefAlgSplitting/benches/scale/corpus/full/cyclic_group_n32_k2_nondef_mix_i12.model,254.707,DEFINABLE
hit,/home/pventura/src/OpenDefAlgSplitting/benches/scale/corpus/full/cyclic_group_n32_k2_nondef_mix_i13.model,251.771,DEFINABLE
hit,/home/pventura/src/OpenDefAlgSplitting/benches/scale/corpus/full/cyclic_group_n32_k2_nondef_mix_i14.model,251.934,DEFINABLE
hit,/home/pventura/src/OpenDefAlgSplitting/benches/scale/corpus/full/cyclic_group_n32_k2_nondef_mix_i15.model,253.738,DEFINABLE
hit,/home/pventura/src/OpenDefAlgSplitting/benches/scale/corpus/full/cyclic_group_n32_k2_nondef_mix_i16.model,251.642,DEFINABLE
hit,/home/pventura/src/OpenDefAlgSplitting/benches/scale/corpus/full/cyclic_group_n32_k2_nondef_mix_i17.model,252.378,DEFINABLE
hit,/home/pventura/src/OpenDefAlgSplitting/benches/scale/corpus/full/cyclic_group_n32_k2_nondef_mix_i18.model,251.868,DEFINABLE
hit,/home/pventura/src/OpenDefAlgSplitting/benches/scale/corpus/full/cyclic_group_n32_k2_nondef_mix_i19.model,253.774,DEFINABLE
hit,/home/pventura/src/OpenDefAlgSplitting/benches/scale/corpus/full/cyclic_group_n32_k2_nondef_mix_i2.model,251.406,DEFINABLE
hit,/home/pventura/src/OpenDefAlgSplitting/benches/scale/corpus/full/cyclic_group_n32_k2_nondef_mix_i20.model,252.311,DEFINABLE
hit,/home/pventura/src/OpenDefAlgSplitting/benches/scale/corpus/full/cyclic_group_n32_k2_nondef_mix_i21.model,260.349,DEFINABLE
hit,/home/pventura/src/OpenDefAlgSplitting/benches/scale/corpus/full/cyclic_group_n32_k2_nondef_mix_i22.model,254.383,DEFINABLE
hit,/home/pventura/src/OpenDefAlgSplitting/benches/scale/corpus/full/cyclic_group_n32_k2_nondef_mix_i23.model,250.339,DEFINABLE
hit,/home/pventura/src/OpenDefAlgSplitting/benches/scale/corpus/full/cyclic_group_n32_k2_nondef_mix_i24.model,252.909,DEFINABLE
hit,/home/pventura/src/OpenDefAlgSplitting/benches/scale/corpus/full/cyclic_group_n32_k2_nondef_mix_i25.model,251.876,DEFINABLE
hit,/home/pventura/src/OpenDefAlgSplitting/benches/scale/corpus/full/cyclic_group_n32_k2_nondef_mix_i26.model,254.706,DEFINABLE
hit,/home/pventura/src/OpenDefAlgSplitting/benches/scale/corpus/full/cyclic_group_n32_k2_nondef_mix_i27.model,256.482,DEFINABLE
hit,/home/pventura/src/OpenDefAlgSplitting/benches/scale/corpus/full/cyclic_group_n32_k2_nondef_mix_i28.model,254.502,DEFINABLE
hit,/home/pventura/src/OpenDefAlgSplitting/benches/scale/corpus/full/cyclic_group_n32_k2_nondef_mix_i29.model,251.587,DEFINABLE
hit,/home/pventura/src/OpenDefAlgSplitting/benches/scale/corpus/full/cyclic_group_n32_k2_nondef_mix_i3.model,252.059,DEFINABLE
hit,/home/pventura/src/OpenDefAlgSplitting/benches/scale/corpus/full/cyclic_group_n32_k2_nondef_mix_i4.model,251.878,DEFINABLE
hit,/home/pventura/src/OpenDefAlgSplitting/benches/scale/corpus/full/cyclic_group_n32_k2_nondef_mix_i5.model,251.668,DEFINABLE
hit,/home/pventura/src/OpenDefAlgSplitting/benches/scale/corpus/full/cyclic_group_n32_k2_nondef_mix_i6.model,253.216,DEFINABLE
hit,/home/pventura/src/OpenDefAlgSplitting/benches/scale/corpus/full/cyclic_group_n32_k2_nondef_mix_i7.model,252.973,DEFINABLE
hit,/home/pventura/src/OpenDefAlgSplitting/benches/scale/corpus/full/cyclic_group_n32_k2_nondef_mix_i8.model,253.410,DEFINABLE
hit,/home/pventura/src/OpenDefAlgSplitting/benches/scale/corpus/full/cyclic_group_n32_k2_nondef_mix_i9.model,253.070,DEFINABLE
hit,/home/pventura/src/OpenDefAlgSplitting/benches/scale/corpus/full/cyclic_group_n4_k1_definable_eq_i0.model,0.307,DEFINABLE
hit,/home/pventura/src/OpenDefAlgSplitting/benches/scale/corpus/full/cyclic_group_n4_k1_definable_eq_i1.model,0.258,DEFINABLE
hit,/home/pventura/src/OpenDefAlgSplitting/benches/scale/corpus/full/cyclic_group_n4_k1_definable_eq_i10.model,0.283,DEFINABLE
hit,/home/pventura/src/OpenDefAlgSplitting/benches/scale/corpus/full/cyclic_group_n4_k1_definable_eq_i11.model,0.333,DEFINABLE
hit,/home/pventura/src/OpenDefAlgSplitting/benches/scale/corpus/full/cyclic_group_n4_k1_definable_eq_i12.model,0.256,DEFINABLE
hit,/home/pventura/src/OpenDefAlgSplitting/benches/scale/corpus/full/cyclic_group_n4_k1_definable_eq_i13.model,0.271,DEFINABLE
hit,/home/pventura/src/OpenDefAlgSplitting/benches/scale/corpus/full/cyclic_group_n4_k1_definable_eq_i14.model,0.260,DEFINABLE
hit,/home/pventura/src/OpenDefAlgSplitting/benches/scale/corpus/full/cyclic_group_n4_k1_definable_eq_i15.model,0.471,DEFINABLE
hit,/home/pventura/src/OpenDefAlgSplitting/benches/scale/corpus/full/cyclic_group_n4_k1_definable_eq_i16.model,0.439,DEFINABLE
hit,/home/pventura/src/OpenDefAlgSplitting/benches/scale/corpus/full/cyclic_group_n4_k1_definable_eq_i17.model,0.276,DEFINABLE
hit,/home/pventura/src/OpenDefAlgSplitting/benches/scale/corpus/full/cyclic_group_n4_k1_definable_eq_i18.model,0.318,DEFINABLE
hit,/home/pventura/src/OpenDefAlgSplitting/benches/scale/corpus/full/cyclic_group_n4_k1_definable_eq_i19.model,0.278,DEFINABLE
hit,/home/pventura/src/OpenDefAlgSplitting/benches/scale/corpus/full/cyclic_group_n4_k1_definable_eq_i2.model,0.346,DEFINABLE
hit,/home/pventura/src/OpenDefAlgSplitting/benches/scale/corpus/full/cyclic_group_n4_k1_definable_eq_i20.model,0.470,DEFINABLE
hit,/home/pventura/src/OpenDefAlgSplitting/benches/scale/corpus/full/cyclic_group_n4_k1_definable_eq_i21.model,3.413,DEFINABLE
hit,/home/pventura/src/OpenDefAlgSplitting/benches/scale/corpus/full/cyclic_group_n4_k1_definable_eq_i22.model,1.603,DEFINABLE
hit,/home/pventura/src/OpenDefAlgSplitting/benches/scale/corpus/full/cyclic_group_n4_k1_definable_eq_i23.model,1.305,DEFINABLE
hit,/home/pventura/src/OpenDefAlgSplitting/benches/scale/corpus/full/cyclic_group_n4_k1_definable_eq_i24.model,1.981,DEFINABLE
hit,/home/pventura/src/OpenDefAlgSplitting/benches/scale/corpus/full/cyclic_group_n4_k1_definable_eq_i25.model,2.300,DEFINABLE
hit,/home/pventura/src/OpenDefAlgSplitting/benches/scale/corpus/full/cyclic_group_n4_k1_definable_eq_i26.model,7.123,DEFINABLE
hit,/home/pventura/src/OpenDefAlgSplitting/benches/scale/corpus/full/cyclic_group_n4_k1_definable_eq_i27.model,1.055,DEFINABLE
hit,/home/pventura/src/OpenDefAlgSplitting/benches/scale/corpus/full/cyclic_group_n4_k1_definable_eq_i28.model,0.342,DEFINABLE
hit,/home/pventura/src/OpenDefAlgSplitting/benches/scale/corpus/full/cyclic_group_n4_k1_definable_eq_i29.model,0.324,DEFINABLE
hit,/home/pventura/src/OpenDefAlgSplitting/benches/scale/corpus/full/cyclic_group_n4_k1_definable_eq_i3.model,0.441,DEFINABLE
hit,/home/pventura/src/OpenDefAlgSplitting/benches/scale/corpus/full/cyclic_group_n4_k1_definable_eq_i4.model,0.264,DEFINABLE
hit,/home/pventura/src/OpenDefAlgSplitting/benches/scale/corpus/full/cyclic_group_n4_k1_definable_eq_i5.model,1.145,DEFINABLE
hit,/home/pventura/src/OpenDefAlgSplitting/benches/scale/corpus/full/cyclic_group_n4_k1_definable_eq_i6.model,0.253,DEFINABLE
hit,/home/pventura/src/OpenDefAlgSplitting/benches/scale/corpus/full/cyclic_group_n4_k1_definable_eq_i7.model,0.244,DEFINABLE
hit,/home/pventura/src/OpenDefAlgSplitting/benches/scale/corpus/full/cyclic_group_n4_k1_definable_eq_i8.model,0.315,DEFINABLE
hit,/home/pventura/src/OpenDefAlgSplitting/benches/scale/corpus/full/cyclic_group_n4_k1_definable_eq_i9.model,0.236,DEFINABLE
hit,/home/pventura/src/OpenDefAlgSplitting/benches/scale/corpus/full/cyclic_group_n4_k1_nondef_mix_i0.model,0.415,DEFINABLE
hit,/home/pventura/src/OpenDefAlgSplitting/benches/scale/corpus/full/cyclic_group_n4_k1_nondef_mix_i1.model,0.517,DEFINABLE
hit,/home/pventura/src/OpenDefAlgSplitting/benches/scale/corpus/full/cyclic_group_n4_k1_nondef_mix_i10.model,0.240,DEFINABLE
hit,/home/pventura/src/OpenDefAlgSplitting/benches/scale/corpus/full/cyclic_group_n4_k1_nondef_mix_i11.model,0.554,DEFINABLE
hit,/home/pventura/src/OpenDefAlgSplitting/benches/scale/corpus/full/cyclic_group_n4_k1_nondef_mix_i12.model,0.290,DEFINABLE
hit,/home/pventura/src/OpenDefAlgSplitting/benches/scale/corpus/full/cyclic_group_n4_k1_nondef_mix_i13.model,0.291,DEFINABLE
hit,/home/pventura/src/OpenDefAlgSplitting/benches/scale/corpus/full/cyclic_group_n4_k1_nondef_mix_i14.model,0.287,DEFINABLE
hit,/home/pventura/src/OpenDefAlgSplitting/benches/scale/corpus/full/cyclic_group_n4_k1_nondef_mix_i15.model,0.462,DEFINABLE
hit,/home/pventura/src/OpenDefAlgSplitting/benches/scale/corpus/full/cyclic_group_n4_k1_nondef_mix_i16.model,0.320,DEFINABLE
hit,/home/pventura/src/OpenDefAlgSplitting/benches/scale/corpus/full/cyclic_group_n4_k1_nondef_mix_i17.model,0.695,DEFINABLE
hit,/home/pventura/src/OpenDefAlgSplitting/benches/scale/corpus/full/cyclic_group_n4_k1_nondef_mix_i18.model,4.857,DEFINABLE
hit,/home/pventura/src/OpenDefAlgSplitting/benches/scale/corpus/full/cyclic_group_n4_k1_nondef_mix_i19.model,0.473,DEFINABLE
hit,/home/pventura/src/OpenDefAlgSplitting/benches/scale/corpus/full/cyclic_group_n4_k1_nondef_mix_i2.model,0.420,DEFINABLE
hit,/home/pventura/src/OpenDefAlgSplitting/benches/scale/corpus/full/cyclic_group_n4_k1_nondef_mix_i20.model,0.674,DEFINABLE
hit,/home/pventura/src/OpenDefAlgSplitting/benches/scale/corpus/full/cyclic_group_n4_k1_nondef_mix_i21.model,1.216,DEFINABLE
hit,/home/pventura/src/OpenDefAlgSplitting/benches/scale/corpus/full/cyclic_group_n4_k1_nondef_mix_i22.model,0.332,DEFINABLE
hit,/home/pventura/src/OpenDefAlgSplitting/benches/scale/corpus/full/cyclic_group_n4_k1_nondef_mix_i23.model,0.267,DEFINABLE
hit,/home/pventura/src/OpenDefAlgSplitting/benches/scale/corpus/full/cyclic_group_n4_k1_nondef_mix_i24.model,3.730,DEFINABLE
hit,/home/pventura/src/OpenDefAlgSplitting/benches/scale/corpus/full/cyclic_group_n4_k1_nondef_mix_i25.model,0.789,DEFINABLE
hit,/home/pventura/src/OpenDefAlgSplitting/benches/scale/corpus/full/cyclic_group_n4_k1_nondef_mix_i26.model,0.277,DEFINABLE
hit,/home/pventura/src/OpenDefAlgSplitting/benches/scale/corpus/full/cyclic_group_n4_k1_nondef_mix_i27.model,0.269,DEFINABLE
hit,/home/pventura/src/OpenDefAlgSplitting/benches/scale/corpus/full/cyclic_group_n4_k1_nondef_mix_i28.model,0.334,DEFINABLE
hit,/home/pventura/src/OpenDefAlgSplitting/benches/scale/corpus/full/cyclic_group_n4_k1_nondef_mix_i29.model,0.336,DEFINABLE
hit,/home/pventura/src/OpenDefAlgSplitting/benches/scale/corpus/full/cyclic_group_n4_k1_nondef_mix_i3.model,0.246,DEFINABLE
hit,/home/pventura/src/OpenDefAlgSplitting/benches/scale/corpus/full/cyclic_group_n4_k1_nondef_mix_i4.model,0.311,DEFINABLE
hit,/home/pventura/src/OpenDefAlgSplitting/benches/scale/corpus/full/cyclic_group_n4_k1_nondef_mix_i5.model,0.963,DEFINABLE
hit,/home/pventura/src/OpenDefAlgSplitting/benches/scale/corpus/full/cyclic_group_n4_k1_nondef_mix_i6.model,0.314,DEFINABLE
hit,/home/pventura/src/OpenDefAlgSplitting/benches/scale/corpus/full/cyclic_group_n4_k1_nondef_mix_i7.model,0.502,DEFINABLE
hit,/home/pventura/src/OpenDefAlgSplitting/benches/scale/corpus/full/cyclic_group_n4_k1_nondef_mix_i8.model,0.503,DEFINABLE
hit,/home/pventura/src/OpenDefAlgSplitting/benches/scale/corpus/full/cyclic_group_n4_k1_nondef_mix_i9.model,0.254,DEFINABLE
hit,/home/pventura/src/OpenDefAlgSplitting/benches/scale/corpus/full/cyclic_group_n4_k2_definable_eq_i0.model,0.249,DEFINABLE
hit,/home/pventura/src/OpenDefAlgSplitting/benches/scale/corpus/full/cyclic_group_n4_k2_definable_eq_i1.model,0.285,DEFINABLE
hit,/home/pventura/src/OpenDefAlgSplitting/benches/scale/corpus/full/cyclic_group_n4_k2_definable_eq_i10.model,0.319,DEFINABLE
hit,/home/pventura/src/OpenDefAlgSplitting/benches/scale/corpus/full/cyclic_group_n4_k2_definable_eq_i11.model,0.255,DEFINABLE
hit,/home/pventura/src/OpenDefAlgSplitting/benches/scale/corpus/full/cyclic_group_n4_k2_definable_eq_i12.model,0.189,DEFINABLE
hit,/home/pventura/src/OpenDefAlgSplitting/benches/scale/corpus/full/cyclic_group_n4_k2_definable_eq_i13.model,0.206,DEFINABLE
hit,/home/pventura/src/OpenDefAlgSplitting/benches/scale/corpus/full/cyclic_group_n4_k2_definable_eq_i14.model,0.166,DEFINABLE
hit,/home/pventura/src/OpenDefAlgSplitting/benches/scale/corpus/full/cyclic_group_n4_k2_definable_eq_i15.model,0.204,DEFINABLE
hit,/home/pventura/src/OpenDefAlgSplitting/benches/scale/corpus/full/cyclic_group_n4_k2_definable_eq_i16.model,0.183,DEFINABLE
hit,/home/pventura/src/OpenDefAlgSplitting/benches/scale/corpus/full/cyclic_group_n4_k2_definable_eq_i17.model,0.182,DEFINABLE
hit,/home/pventura/src/OpenDefAlgSplitting/benches/scale/corpus/full/cyclic_group_n4_k2_definable_eq_i18.model,0.262,DEFINABLE
hit,/home/pventura/src/OpenDefAlgSplitting/benches/scale/corpus/full/cyclic_group_n4_k2_definable_eq_i19.model,0.325,DEFINABLE
hit,/home/pventura/src/OpenDefAlgSplitting/benches/scale/corpus/full/cyclic_group_n4_k2_definable_eq_i2.model,0.246,DEFINABLE
hit,/home/pventura/src/OpenDefAlgSplitting/benches/scale/corpus/full/cyclic_group_n4_k2_definable_eq_i20.model,0.188,DEFINABLE
hit,/home/pventura/src/OpenDefAlgSplitting/benches/scale/corpus/full/cyclic_group_n4_k2_definable_eq_i21.model,0.219,DEFINABLE
hit,/home/pventura/src/OpenDefAlgSplitting/benches/scale/corpus/full/cyclic_group_n4_k2_definable_eq_i22.model,0.187,DEFINABLE
hit,/home/pventura/src/OpenDefAlgSplitting/benches/scale/corpus/full/cyclic_group_n4_k2_definable_eq_i23.model,0.195,DEFINABLE
hit,/home/pventura/src/OpenDefAlgSplitting/benches/scale/corpus/full/cyclic_group_n4_k2_definable_eq_i24.model,0.191,DEFINABLE
hit,/home/pventura/src/OpenDefAlgSplitting/benches/scale/corpus/full/cyclic_group_n4_k2_definable_eq_i25.model,0.182,DEFINABLE
hit,/home/pventura/src/OpenDefAlgSplitting/benches/scale/corpus/full/cyclic_group_n4_k2_definable_eq_i26.model,0.178,DEFINABLE
hit,/home/pventura/src/OpenDefAlgSplitting/benches/scale/corpus/full/cyclic_group_n4_k2_definable_eq_i27.model,0.180,DEFINABLE
hit,/home/pventura/src/OpenDefAlgSplitting/benches/scale/corpus/full/cyclic_group_n4_k2_definable_eq_i28.model,0.179,DEFINABLE
hit,/home/pventura/src/OpenDefAlgSplitting/benches/scale/corpus/full/cyclic_group_n4_k2_definable_eq_i29.model,0.166,DEFINABLE
hit,/home/pventura/src/OpenDefAlgSplitting/benches/scale/corpus/full/cyclic_group_n4_k2_definable_eq_i3.model,0.172,DEFINABLE
hit,/home/pventura/src/OpenDefAlgSplitting/benches/scale/corpus/full/cyclic_group_n4_k2_definable_eq_i4.model,0.175,DEFINABLE
hit,/home/pventura/src/OpenDefAlgSplitting/benches/scale/corpus/full/cyclic_group_n4_k2_definable_eq_i5.model,0.177,DEFINABLE
hit,/home/pventura/src/OpenDefAlgSplitting/benches/scale/corpus/full/cyclic_group_n4_k2_definable_eq_i6.model,0.234,DEFINABLE
hit,/home/pventura/src/OpenDefAlgSplitting/benches/scale/corpus/full/cyclic_group_n4_k2_definable_eq_i7.model,0.227,DEFINABLE
hit,/home/pventura/src/OpenDefAlgSplitting/benches/scale/corpus/full/cyclic_group_n4_k2_definable_eq_i8.model,0.215,DEFINABLE
hit,/home/pventura/src/OpenDefAlgSplitting/benches/scale/corpus/full/cyclic_group_n4_k2_definable_eq_i9.model,0.200,DEFINABLE
hit,/home/pventura/src/OpenDefAlgSplitting/benches/scale/corpus/full/cyclic_group_n4_k2_nondef_mix_i0.model,0.660,DEFINABLE
hit,/home/pventura/src/OpenDefAlgSplitting/benches/scale/corpus/full/cyclic_group_n4_k2_nondef_mix_i1.model,0.651,DEFINABLE
hit,/home/pventura/src/OpenDefAlgSplitting/benches/scale/corpus/full/cyclic_group_n4_k2_nondef_mix_i10.model,0.620,DEFINABLE
hit,/home/pventura/src/OpenDefAlgSplitting/benches/scale/corpus/full/cyclic_group_n4_k2_nondef_mix_i11.model,0.606,DEFINABLE
hit,/home/pventura/src/OpenDefAlgSplitting/benches/scale/corpus/full/cyclic_group_n4_k2_nondef_mix_i12.model,0.658,DEFINABLE
hit,/home/pventura/src/OpenDefAlgSplitting/benches/scale/corpus/full/cyclic_group_n4_k2_nondef_mix_i13.model,0.610,DEFINABLE
hit,/home/pventura/src/OpenDefAlgSplitting/benches/scale/corpus/full/cyclic_group_n4_k2_nondef_mix_i14.model,0.627,DEFINABLE
hit,/home/pventura/src/OpenDefAlgSplitting/benches/scale/corpus/full/cyclic_group_n4_k2_nondef_mix_i15.model,0.605,DEFINABLE
hit,/home/pventura/src/OpenDefAlgSplitting/benches/scale/corpus/full/cyclic_group_n4_k2_nondef_mix_i16.model,0.587,DEFINABLE
hit,/home/pventura/src/OpenDefAlgSplitting/benches/scale/corpus/full/cyclic_group_n4_k2_nondef_mix_i17.model,0.589,DEFINABLE
hit,/home/pventura/src/OpenDefAlgSplitting/benches/scale/corpus/full/cyclic_group_n4_k2_nondef_mix_i18.model,0.576,DEFINABLE
hit,/home/pventura/src/OpenDefAlgSplitting/benches/scale/corpus/full/cyclic_group_n4_k2_nondef_mix_i19.model,0.575,DEFINABLE
hit,/home/pventura/src/OpenDefAlgSplitting/benches/scale/corpus/full/cyclic_group_n4_k2_nondef_mix_i2.model,0.612,DEFINABLE
hit,/home/pventura/src/OpenDefAlgSplitting/benches/scale/corpus/full/cyclic_group_n4_k2_nondef_mix_i20.model,0.664,DEFINABLE
hit,/home/pventura/src/OpenDefAlgSplitting/benches/scale/corpus/full/cyclic_group_n4_k2_nondef_mix_i21.model,0.677,DEFINABLE
hit,/home/pventura/src/OpenDefAlgSplitting/benches/scale/corpus/full/cyclic_group_n4_k2_nondef_mix_i22.model,0.645,DEFINABLE
hit,/home/pventura/src/OpenDefAlgSplitting/benches/scale/corpus/full/cyclic_group_n4_k2_nondef_mix_i23.model,0.606,DEFINABLE
hit,/home/pventura/src/OpenDefAlgSplitting/benches/scale/corpus/full/cyclic_group_n4_k2_nondef_mix_i24.model,0.675,DEFINABLE
hit,/home/pventura/src/OpenDefAlgSplitting/benches/scale/corpus/full/cyclic_group_n4_k2_nondef_mix_i25.model,0.649,DEFINABLE
hit,/home/pventura/src/OpenDefAlgSplitting/benches/scale/corpus/full/cyclic_group_n4_k2_nondef_mix_i26.model,0.689,DEFINABLE
hit,/home/pventura/src/OpenDefAlgSplitting/benches/scale/corpus/full/cyclic_group_n4_k2_nondef_mix_i27.model,0.665,DEFINABLE
hit,/home/pventura/src/OpenDefAlgSplitting/benches/scale/corpus/full/cyclic_group_n4_k2_nondef_mix_i28.model,0.598,DEFINABLE
hit,/home/pventura/src/OpenDefAlgSplitting/benches/scale/corpus/full/cyclic_group_n4_k2_nondef_mix_i29.model,0.599,DEFINABLE
hit,/home/pventura/src/OpenDefAlgSplitting/benches/scale/corpus/full/cyclic_group_n4_k2_nondef_mix_i3.model,0.565,DEFINABLE
hit,/home/pventura/src/OpenDefAlgSplitting/benches/scale/corpus/full/cyclic_group_n4_k2_nondef_mix_i4.model,0.593,DEFINABLE
hit,/home/pventura/src/OpenDefAlgSplitting/benches/scale/corpus/full/cyclic_group_n4_k2_nondef_mix_i5.model,0.603,DEFINABLE
hit,/home/pventura/src/OpenDefAlgSplitting/benches/scale/corpus/full/cyclic_group_n4_k2_nondef_mix_i6.model,0.606,DEFINABLE
hit,/home/pventura/src/OpenDefAlgSplitting/benches/scale/corpus/full/cyclic_group_n4_k2_nondef_mix_i7.model,0.595,DEFINABLE
hit,/home/pventura/src/OpenDefAlgSplitting/benches/scale/corpus/full/cyclic_group_n4_k2_nondef_mix_i8.model,0.690,DEFINABLE
hit,/home/pventura/src/OpenDefAlgSplitting/benches/scale/corpus/full/cyclic_group_n4_k2_nondef_mix_i9.model,0.612,DEFINABLE
hit,/home/pventura/src/OpenDefAlgSplitting/benches/scale/corpus/full/cyclic_group_n64_k1_definable_eq_i0.model,87.202,DEFINABLE
hit,/home/pventura/src/OpenDefAlgSplitting/benches/scale/corpus/full/cyclic_group_n64_k1_definable_eq_i1.model,86.845,DEFINABLE
hit,/home/pventura/src/OpenDefAlgSplitting/benches/scale/corpus/full/cyclic_group_n64_k1_definable_eq_i10.model,88.562,DEFINABLE
hit,/home/pventura/src/OpenDefAlgSplitting/benches/scale/corpus/full/cyclic_group_n64_k1_definable_eq_i11.model,86.870,DEFINABLE
hit,/home/pventura/src/OpenDefAlgSplitting/benches/scale/corpus/full/cyclic_group_n64_k1_definable_eq_i12.model,86.876,DEFINABLE
hit,/home/pventura/src/OpenDefAlgSplitting/benches/scale/corpus/full/cyclic_group_n64_k1_definable_eq_i13.model,88.161,DEFINABLE
hit,/home/pventura/src/OpenDefAlgSplitting/benches/scale/corpus/full/cyclic_group_n64_k1_definable_eq_i14.model,87.301,DEFINABLE
hit,/home/pventura/src/OpenDefAlgSplitting/benches/scale/corpus/full/cyclic_group_n64_k1_definable_eq_i15.model,88.690,DEFINABLE
hit,/home/pventura/src/OpenDefAlgSplitting/benches/scale/corpus/full/cyclic_group_n64_k1_definable_eq_i16.model,86.870,DEFINABLE
hit,/home/pventura/src/OpenDefAlgSplitting/benches/scale/corpus/full/cyclic_group_n64_k1_definable_eq_i17.model,87.085,DEFINABLE
hit,/home/pventura/src/OpenDefAlgSplitting/benches/scale/corpus/full/cyclic_group_n64_k1_definable_eq_i18.model,86.982,DEFINABLE
hit,/home/pventura/src/OpenDefAlgSplitting/benches/scale/corpus/full/cyclic_group_n64_k1_definable_eq_i19.model,88.664,DEFINABLE
hit,/home/pventura/src/OpenDefAlgSplitting/benches/scale/corpus/full/cyclic_group_n64_k1_definable_eq_i2.model,87.208,DEFINABLE
hit,/home/pventura/src/OpenDefAlgSplitting/benches/scale/corpus/full/cyclic_group_n64_k1_definable_eq_i20.model,86.733,DEFINABLE
hit,/home/pventura/src/OpenDefAlgSplitting/benches/scale/corpus/full/cyclic_group_n64_k1_definable_eq_i21.model,87.887,DEFINABLE
hit,/home/pventura/src/OpenDefAlgSplitting/benches/scale/corpus/full/cyclic_group_n64_k1_definable_eq_i22.model,87.127,DEFINABLE
hit,/home/pventura/src/OpenDefAlgSplitting/benches/scale/corpus/full/cyclic_group_n64_k1_definable_eq_i23.model,87.860,DEFINABLE
hit,/home/pventura/src/OpenDefAlgSplitting/benches/scale/corpus/full/cyclic_group_n64_k1_definable_eq_i24.model,87.664,DEFINABLE
hit,/home/pventura/src/OpenDefAlgSplitting/benches/scale/corpus/full/cyclic_group_n64_k1_definable_eq_i25.model,86.866,DEFINABLE
hit,/home/pventura/src/OpenDefAlgSplitting/benches/scale/corpus/full/cyclic_group_n64_k1_definable_eq_i26.model,100.385,DEFINABLE
hit,/home/pventura/src/OpenDefAlgSplitting/benches/scale/corpus/full/cyclic_group_n64_k1_definable_eq_i27.model,93.766,DEFINABLE
hit,/home/pventura/src/OpenDefAlgSplitting/benches/scale/corpus/full/cyclic_group_n64_k1_definable_eq_i28.model,103.858,DEFINABLE
hit,/home/pventura/src/OpenDefAlgSplitting/benches/scale/corpus/full/cyclic_group_n64_k1_definable_eq_i29.model,101.230,DEFINABLE
hit,/home/pventura/src/OpenDefAlgSplitting/benches/scale/corpus/full/cyclic_group_n64_k1_definable_eq_i3.model,104.500,DEFINABLE
hit,/home/pventura/src/OpenDefAlgSplitting/benches/scale/corpus/full/cyclic_group_n64_k1_definable_eq_i4.model,98.721,DEFINABLE
hit,/home/pventura/src/OpenDefAlgSplitting/benches/scale/corpus/full/cyclic_group_n64_k1_definable_eq_i5.model,110.274,DEFINABLE
hit,/home/pventura/src/OpenDefAlgSplitting/benches/scale/corpus/full/cyclic_group_n64_k1_definable_eq_i6.model,105.471,DEFINABLE
hit,/home/pventura/src/OpenDefAlgSplitting/benches/scale/corpus/full/cyclic_group_n64_k1_definable_eq_i7.model,99.289,DEFINABLE
hit,/home/pventura/src/OpenDefAlgSplitting/benches/scale/corpus/full/cyclic_group_n64_k1_definable_eq_i8.model,92.091,DEFINABLE
hit,/home/pventura/src/OpenDefAlgSplitting/benches/scale/corpus/full/cyclic_group_n64_k1_definable_eq_i9.model,87.824,DEFINABLE
hit,/home/pventura/src/OpenDefAlgSplitting/benches/scale/corpus/full/cyclic_group_n64_k1_nondef_mix_i0.model,97.090,DEFINABLE
hit,/home/pventura/src/OpenDefAlgSplitting/benches/scale/corpus/full/cyclic_group_n64_k1_nondef_mix_i1.model,98.227,DEFINABLE
hit,/home/pventura/src/OpenDefAlgSplitting/benches/scale/corpus/full/cyclic_group_n64_k1_nondef_mix_i10.model,99.598,DEFINABLE
hit,/home/pventura/src/OpenDefAlgSplitting/benches/scale/corpus/full/cyclic_group_n64_k1_nondef_mix_i11.model,87.048,DEFINABLE
hit,/home/pventura/src/OpenDefAlgSplitting/benches/scale/corpus/full/cyclic_group_n64_k1_nondef_mix_i12.model,106.334,DEFINABLE
hit,/home/pventura/src/OpenDefAlgSplitting/benches/scale/corpus/full/cyclic_group_n64_k1_nondef_mix_i13.model,103.036,DEFINABLE
hit,/home/pventura/src/OpenDefAlgSplitting/benches/scale/corpus/full/cyclic_group_n64_k1_nondef_mix_i14.model,99.371,DEFINABLE
hit,/home/pventura/src/OpenDefAlgSplitting/benches/scale/corpus/full/cyclic_group_n64_k1_nondef_mix_i15.model,95.753,DEFINABLE
hit,/home/pventura/src/OpenDefAlgSplitting/benches/scale/corpus/full/cyclic_group_n64_k1_nondef_mix_i16.model,89.590,DEFINABLE
hit,/home/pventura/src/OpenDefAlgSplitting/benches/scale/corpus/full/cyclic_group_n64_k1_nondef_mix_i17.model,87.989,DEFINABLE
hit,/home/pventura/src/OpenDefAlgSplitting/benches/scale/corpus/full/cyclic_group_n64_k1_nondef_mix_i18.model,87.662,DEFINABLE
hit,/home/pventura/src/OpenDefAlgSplitting/benches/scale/corpus/full/cyclic_group_n64_k1_nondef_mix_i19.model,87.070,DEFINABLE
hit,/home/pventura/src/OpenDefAlgSplitting/benches/scale/corpus/full/cyclic_group_n64_k1_nondef_mix_i2.model,87.224,DEFINABLE
hit,/home/pventura/src/OpenDefAlgSplitting/benches/scale/corpus/full/cyclic_group_n64_k1_nondef_mix_i20.model,86.838,DEFINABLE
hit,/home/pventura/src/OpenDefAlgSplitting/benches/scale/corpus/full/cyclic_group_n64_k1_nondef_mix_i21.model,88.774,DEFINABLE
hit,/home/pventura/src/OpenDefAlgSplitting/benches/scale/corpus/full/cyclic_group_n64_k1_nondef_mix_i22.model,87.532,DEFINABLE
hit,/home/pventura/src/OpenDefAlgSplitting/benches/scale/corpus/full/cyclic_group_n64_k1_nondef_mix_i23.model,87.122,DEFINABLE
hit,/home/pventura/src/OpenDefAlgSplitting/benches/scale/corpus/full/cyclic_group_n64_k1_nondef_mix_i24.model,87.276,DEFINABLE
hit,/home/pventura/src/OpenDefAlgSplitting/benches/scale/corpus/full/cyclic_group_n64_k1_nondef_mix_i25.model,87.038,DEFINABLE
hit,/home/pventura/src/OpenDefAlgSplitting/benches/scale/corpus/full/cyclic_group_n64_k1_nondef_mix_i26.model,87.273,DEFINABLE
hit,/home/pventura/src/OpenDefAlgSplitting/benches/scale/corpus/full/cyclic_group_n64_k1_nondef_mix_i27.model,87.197,DEFINABLE
hit,/home/pventura/src/OpenDefAlgSplitting/benches/scale/corpus/full/cyclic_group_n64_k1_nondef_mix_i28.model,87.733,DEFINABLE
hit,/home/pventura/src/OpenDefAlgSplitting/benches/scale/corpus/full/cyclic_group_n64_k1_nondef_mix_i29.model,87.074,DEFINABLE
hit,/home/pventura/src/OpenDefAlgSplitting/benches/scale/corpus/full/cyclic_group_n64_k1_nondef_mix_i3.model,87.247,DEFINABLE
hit,/home/pventura/src/OpenDefAlgSplitting/benches/scale/corpus/full/cyclic_group_n64_k1_nondef_mix_i4.model,86.774,DEFINABLE
hit,/home/pventura/src/OpenDefAlgSplitting/benches/scale/corpus/full/cyclic_group_n64_k1_nondef_mix_i5.model,87.375,DEFINABLE
hit,/home/pventura/src/OpenDefAlgSplitting/benches/scale/corpus/full/cyclic_group_n64_k1_nondef_mix_i6.model,87.782,DEFINABLE
hit,/home/pventura/src/OpenDefAlgSplitting/benches/scale/corpus/full/cyclic_group_n64_k1_nondef_mix_i7.model,86.932,DEFINABLE
hit,/home/pventura/src/OpenDefAlgSplitting/benches/scale/corpus/full/cyclic_group_n64_k1_nondef_mix_i8.model,86.481,DEFINABLE
hit,/home/pventura/src/OpenDefAlgSplitting/benches/scale/corpus/full/cyclic_group_n64_k1_nondef_mix_i9.model,87.199,DEFINABLE
hit,/home/pventura/src/OpenDefAlgSplitting/benches/scale/corpus/full/cyclic_group_n64_k2_definable_eq_i0.model,50.462,DEFINABLE
hit,/home/pventura/src/OpenDefAlgSplitting/benches/scale/corpus/full/cyclic_group_n64_k2_definable_eq_i1.model,49.841,DEFINABLE
hit,/home/pventura/src/OpenDefAlgSplitting/benches/scale/corpus/full/cyclic_group_n64_k2_definable_eq_i10.model,49.576,DEFINABLE
hit,/home/pventura/src/OpenDefAlgSplitting/benches/scale/corpus/full/cyclic_group_n64_k2_definable_eq_i11.model,49.739,DEFINABLE
hit,/home/pventura/src/OpenDefAlgSplitting/benches/scale/corpus/full/cyclic_group_n64_k2_definable_eq_i12.model,49.596,DEFINABLE
hit,/home/pventura/src/OpenDefAlgSplitting/benches/scale/corpus/full/cyclic_group_n64_k2_definable_eq_i13.model,49.310,DEFINABLE
hit,/home/pventura/src/OpenDefAlgSplitting/benches/scale/corpus/full/cyclic_group_n64_k2_definable_eq_i14.model,49.264,DEFINABLE
hit,/home/pventura/src/OpenDefAlgSplitting/benches/scale/corpus/full/cyclic_group_n64_k2_definable_eq_i15.model,49.584,DEFINABLE
hit,/home/pventura/src/OpenDefAlgSplitting/benches/scale/corpus/full/cyclic_group_n64_k2_definable_eq_i16.model,49.512,DEFINABLE
hit,/home/pventura/src/OpenDefAlgSplitting/benches/scale/corpus/full/cyclic_group_n64_k2_definable_eq_i17.model,49.476,DEFINABLE
hit,/home/pventura/src/OpenDefAlgSplitting/benches/scale/corpus/full/cyclic_group_n64_k2_definable_eq_i18.model,50.125,DEFINABLE
hit,/home/pventura/src/OpenDefAlgSplitting/benches/scale/corpus/full/cyclic_group_n64_k2_definable_eq_i19.model,49.664,DEFINABLE
hit,/home/pventura/src/OpenDefAlgSplitting/benches/scale/corpus/full/cyclic_group_n64_k2_definable_eq_i2.model,50.516,DEFINABLE
hit,/home/pventura/src/OpenDefAlgSplitting/benches/scale/corpus/full/cyclic_group_n64_k2_definable_eq_i20.model,49.854,DEFINABLE
hit,/home/pventura/src/OpenDefAlgSplitting/benches/scale/corpus/full/cyclic_group_n64_k2_definable_eq_i21.model,50.351,DEFINABLE
hit,/home/pventura/src/OpenDefAlgSplitting/benches/scale/corpus/full/cyclic_group_n64_k2_definable_eq_i22.model,50.609,DEFINABLE
hit,/home/pventura/src/OpenDefAlgSplitting/benches/scale/corpus/full/cyclic_group_n64_k2_definable_eq_i23.model,49.880,DEFINABLE
hit,/home/pventura/src/OpenDefAlgSplitting/benches/scale/corpus/full/cyclic_group_n64_k2_definable_eq_i24.model,50.617,DEFINABLE
hit,/home/pventura/src/OpenDefAlgSplitting/benches/scale/corpus/full/cyclic_group_n64_k2_definable_eq_i25.model,49.659,DEFINABLE
hit,/home/pventura/src/OpenDefAlgSplitting/benches/scale/corpus/full/cyclic_group_n64_k2_definable_eq_i26.model,50.040,DEFINABLE
hit,/home/pventura/src/OpenDefAlgSplitting/benches/scale/corpus/full/cyclic_group_n64_k2_definable_eq_i27.model,49.569,DEFINABLE
hit,/home/pventura/src/OpenDefAlgSplitting/benches/scale/corpus/full/cyclic_group_n64_k2_definable_eq_i28.model,49.353,DEFINABLE
hit,/home/pventura/src/OpenDefAlgSplitting/benches/scale/corpus/full/cyclic_group_n64_k2_definable_eq_i29.model,49.602,DEFINABLE
hit,/home/pventura/src/OpenDefAlgSplitting/benches/scale/corpus/full/cyclic_group_n64_k2_definable_eq_i3.model,49.571,DEFINABLE
hit,/home/pventura/src/OpenDefAlgSplitting/benches/scale/corpus/full/cyclic_group_n64_k2_definable_eq_i4.model,49.590,DEFINABLE
hit,/home/pventura/src/OpenDefAlgSplitting/benches/scale/corpus/full/cyclic_group_n64_k2_definable_eq_i5.model,49.315,DEFINABLE
hit,/home/pventura/src/OpenDefAlgSplitting/benches/scale/corpus/full/cyclic_group_n64_k2_definable_eq_i6.model,50.247,DEFINABLE
hit,/home/pventura/src/OpenDefAlgSplitting/benches/scale/corpus/full/cyclic_group_n64_k2_definable_eq_i7.model,49.859,DEFINABLE
hit,/home/pventura/src/OpenDefAlgSplitting/benches/scale/corpus/full/cyclic_group_n64_k2_definable_eq_i8.model,50.215,DEFINABLE
hit,/home/pventura/src/OpenDefAlgSplitting/benches/scale/corpus/full/cyclic_group_n64_k2_definable_eq_i9.model,49.755,DEFINABLE
hit,/home/pventura/src/OpenDefAlgSplitting/benches/scale/corpus/full/cyclic_group_n64_k2_nondef_mix_i0.model,4083.429,DEFINABLE
hit,/home/pventura/src/OpenDefAlgSplitting/benches/scale/corpus/full/cyclic_group_n64_k2_nondef_mix_i1.model,4018.168,DEFINABLE
hit,/home/pventura/src/OpenDefAlgSplitting/benches/scale/corpus/full/cyclic_group_n64_k2_nondef_mix_i10.model,4067.010,DEFINABLE
hit,/home/pventura/src/OpenDefAlgSplitting/benches/scale/corpus/full/cyclic_group_n64_k2_nondef_mix_i11.model,4044.471,DEFINABLE
hit,/home/pventura/src/OpenDefAlgSplitting/benches/scale/corpus/full/cyclic_group_n64_k2_nondef_mix_i12.model,4044.111,DEFINABLE
hit,/home/pventura/src/OpenDefAlgSplitting/benches/scale/corpus/full/cyclic_group_n64_k2_nondef_mix_i13.model,4033.023,DEFINABLE
hit,/home/pventura/src/OpenDefAlgSplitting/benches/scale/corpus/full/cyclic_group_n64_k2_nondef_mix_i14.model,4054.055,DEFINABLE
hit,/home/pventura/src/OpenDefAlgSplitting/benches/scale/corpus/full/cyclic_group_n64_k2_nondef_mix_i15.model,4045.593,DEFINABLE
hit,/home/pventura/src/OpenDefAlgSplitting/benches/scale/corpus/full/cyclic_group_n64_k2_nondef_mix_i16.model,4049.397,DEFINABLE
hit,/home/pventura/src/OpenDefAlgSplitting/benches/scale/corpus/full/cyclic_group_n64_k2_nondef_mix_i17.model,4042.200,DEFINABLE
hit,/home/pventura/src/OpenDefAlgSplitting/benches/scale/corpus/full/cyclic_group_n64_k2_nondef_mix_i18.model,4079.639,DEFINABLE
hit,/home/pventura/src/OpenDefAlgSplitting/benches/scale/corpus/full/cyclic_group_n64_k2_nondef_mix_i19.model,4083.511,DEFINABLE
hit,/home/pventura/src/OpenDefAlgSplitting/benches/scale/corpus/full/cyclic_group_n64_k2_nondef_mix_i2.model,4038.467,DEFINABLE
hit,/home/pventura/src/OpenDefAlgSplitting/benches/scale/corpus/full/cyclic_group_n64_k2_nondef_mix_i20.model,4067.691,DEFINABLE
hit,/home/pventura/src/OpenDefAlgSplitting/benches/scale/corpus/full/cyclic_group_n64_k2_nondef_mix_i21.model,4051.779,DEFINABLE
hit,/home/pventura/src/OpenDefAlgSplitting/benches/scale/corpus/full/cyclic_group_n64_k2_nondef_mix_i22.model,4050.274,DEFINABLE
hit,/home/pventura/src/OpenDefAlgSplitting/benches/scale/corpus/full/cyclic_group_n64_k2_nondef_mix_i23.model,4064.290,DEFINABLE
hit,/home/pventura/src/OpenDefAlgSplitting/benches/scale/corpus/full/cyclic_group_n64_k2_nondef_mix_i24.model,4063.613,DEFINABLE
hit,/home/pventura/src/OpenDefAlgSplitting/benches/scale/corpus/full/cyclic_group_n64_k2_nondef_mix_i25.model,4046.803,DEFINABLE
hit,/home/pventura/src/OpenDefAlgSplitting/benches/scale/corpus/full/cyclic_group_n64_k2_nondef_mix_i26.model,4029.134,DEFINABLE
hit,/home/pventura/src/OpenDefAlgSplitting/benches/scale/corpus/full/cyclic_group_n64_k2_nondef_mix_i27.model,4045.991,DEFINABLE
hit,/home/pventura/src/OpenDefAlgSplitting/benches/scale/corpus/full/cyclic_group_n64_k2_nondef_mix_i28.model,4056.614,DEFINABLE
hit,/home/pventura/src/OpenDefAlgSplitting/benches/scale/corpus/full/cyclic_group_n64_k2_nondef_mix_i29.model,4073.472,DEFINABLE
hit,/home/pventura/src/OpenDefAlgSplitting/benches/scale/corpus/full/cyclic_group_n64_k2_nondef_mix_i3.model,4070.027,DEFINABLE
hit,/home/pventura/src/OpenDefAlgSplitting/benches/scale/corpus/full/cyclic_group_n64_k2_nondef_mix_i4.model,4039.306,DEFINABLE
hit,/home/pventura/src/OpenDefAlgSplitting/benches/scale/corpus/full/cyclic_group_n64_k2_nondef_mix_i5.model,4024.989,DEFINABLE
hit,/home/pventura/src/OpenDefAlgSplitting/benches/scale/corpus/full/cyclic_group_n64_k2_nondef_mix_i6.model,4014.429,DEFINABLE
hit,/home/pventura/src/OpenDefAlgSplitting/benches/scale/corpus/full/cyclic_group_n64_k2_nondef_mix_i7.model,4057.241,DEFINABLE
hit,/home/pventura/src/OpenDefAlgSplitting/benches/scale/corpus/full/cyclic_group_n64_k2_nondef_mix_i8.model,4076.761,DEFINABLE
hit,/home/pventura/src/OpenDefAlgSplitting/benches/scale/corpus/full/cyclic_group_n64_k2_nondef_mix_i9.model,4035.715,DEFINABLE
hit,/home/pventura/src/OpenDefAlgSplitting/benches/scale/corpus/full/cyclic_group_n8_k1_definable_eq_i0.model,0.550,DEFINABLE
hit,/home/pventura/src/OpenDefAlgSplitting/benches/scale/corpus/full/cyclic_group_n8_k1_definable_eq_i1.model,0.689,DEFINABLE
hit,/home/pventura/src/OpenDefAlgSplitting/benches/scale/corpus/full/cyclic_group_n8_k1_definable_eq_i10.model,0.453,DEFINABLE
hit,/home/pventura/src/OpenDefAlgSplitting/benches/scale/corpus/full/cyclic_group_n8_k1_definable_eq_i11.model,0.479,DEFINABLE
hit,/home/pventura/src/OpenDefAlgSplitting/benches/scale/corpus/full/cyclic_group_n8_k1_definable_eq_i12.model,0.475,DEFINABLE
hit,/home/pventura/src/OpenDefAlgSplitting/benches/scale/corpus/full/cyclic_group_n8_k1_definable_eq_i13.model,0.555,DEFINABLE
hit,/home/pventura/src/OpenDefAlgSplitting/benches/scale/corpus/full/cyclic_group_n8_k1_definable_eq_i14.model,0.494,DEFINABLE
hit,/home/pventura/src/OpenDefAlgSplitting/benches/scale/corpus/full/cyclic_group_n8_k1_definable_eq_i15.model,0.499,DEFINABLE
hit,/home/pventura/src/OpenDefAlgSplitting/benches/scale/corpus/full/cyclic_group_n8_k1_definable_eq_i16.model,0.517,DEFINABLE
hit,/home/pventura/src/OpenDefAlgSplitting/benches/scale/corpus/full/cyclic_group_n8_k1_definable_eq_i17.model,0.522,DEFINABLE
hit,/home/pventura/src/OpenDefAlgSplitting/benches/scale/corpus/full/cyclic_group_n8_k1_definable_eq_i18.model,0.555,DEFINABLE
hit,/home/pventura/src/OpenDefAlgSplitting/benches/scale/corpus/full/cyclic_group_n8_k1_definable_eq_i19.model,0.576,DEFINABLE
hit,/home/pventura/src/OpenDefAlgSplitting/benches/scale/corpus/full/cyclic_group_n8_k1_definable_eq_i2.model,0.500,DEFINABLE
hit,/home/pventura/src/OpenDefAlgSplitting/benches/scale/corpus/full/cyclic_group_n8_k1_definable_eq_i20.model,0.497,DEFINABLE
hit,/home/pventura/src/OpenDefAlgSplitting/benches/scale/corpus/full/cyclic_group_n8_k1_definable_eq_i21.model,0.447,DEFINABLE
hit,/home/pventura/src/OpenDefAlgSplitting/benches/scale/corpus/full/cyclic_group_n8_k1_definable_eq_i22.model,0.553,DEFINABLE
hit,/home/pventura/src/OpenDefAlgSplitting/benches/scale/corpus/full/cyclic_group_n8_k1_definable_eq_i23.model,0.467,DEFINABLE
hit,/home/pventura/src/OpenDefAlgSplitting/benches/scale/corpus/full/cyclic_group_n8_k1_definable_eq_i24.model,0.526,DEFINABLE
hit,/home/pventura/src/OpenDefAlgSplitting/benches/scale/corpus/full/cyclic_group_n8_k1_definable_eq_i25.model,0.449,DEFINABLE
hit,/home/pventura/src/OpenDefAlgSplitting/benches/scale/corpus/full/cyclic_group_n8_k1_definable_eq_i26.model,0.489,DEFINABLE
hit,/home/pventura/src/OpenDefAlgSplitting/benches/scale/corpus/full/cyclic_group_n8_k1_definable_eq_i27.model,0.541,DEFINABLE
hit,/home/pventura/src/OpenDefAlgSplitting/benches/scale/corpus/full/cyclic_group_n8_k1_definable_eq_i28.model,0.465,DEFINABLE
hit,/home/pventura/src/OpenDefAlgSplitting/benches/scale/corpus/full/cyclic_group_n8_k1_definable_eq_i29.model,0.489,DEFINABLE
hit,/home/pventura/src/OpenDefAlgSplitting/benches/scale/corpus/full/cyclic_group_n8_k1_definable_eq_i3.model,0.494,DEFINABLE
hit,/home/pventura/src/OpenDefAlgSplitting/benches/scale/corpus/full/cyclic_group_n8_k1_definable_eq_i4.model,0.492,DEFINABLE
hit,/home/pventura/src/OpenDefAlgSplitting/benches/scale/corpus/full/cyclic_group_n8_k1_definable_eq_i5.model,0.458,DEFINABLE
hit,/home/pventura/src/OpenDefAlgSplitting/benches/scale/corpus/full/cyclic_group_n8_k1_definable_eq_i6.model,0.525,DEFINABLE
hit,/home/pventura/src/OpenDefAlgSplitting/benches/scale/corpus/full/cyclic_group_n8_k1_definable_eq_i7.model,0.555,DEFINABLE
hit,/home/pventura/src/OpenDefAlgSplitting/benches/scale/corpus/full/cyclic_group_n8_k1_definable_eq_i8.model,0.501,DEFINABLE
hit,/home/pventura/src/OpenDefAlgSplitting/benches/scale/corpus/full/cyclic_group_n8_k1_definable_eq_i9.model,0.448,DEFINABLE
hit,/home/pventura/src/OpenDefAlgSplitting/benches/scale/corpus/full/cyclic_group_n8_k1_nondef_mix_i0.model,0.435,DEFINABLE
hit,/home/pventura/src/OpenDefAlgSplitting/benches/scale/corpus/full/cyclic_group_n8_k1_nondef_mix_i1.model,0.491,DEFINABLE
hit,/home/pventura/src/OpenDefAlgSplitting/benches/scale/corpus/full/cyclic_group_n8_k1_nondef_mix_i10.model,0.481,DEFINABLE
hit,/home/pventura/src/OpenDefAlgSplitting/benches/scale/corpus/full/cyclic_group_n8_k1_nondef_mix_i11.model,0.617,DEFINABLE
hit,/home/pventura/src/OpenDefAlgSplitting/benches/scale/corpus/full/cyclic_group_n8_k1_nondef_mix_i12.model,0.447,DEFINABLE
hit,/home/pventura/src/OpenDefAlgSplitting/benches/scale/corpus/full/cyclic_group_n8_k1_nondef_mix_i13.model,0.638,DEFINABLE
hit,/home/pventura/src/OpenDefAlgSplitting/benches/scale/corpus/full/cyclic_group_n8_k1_nondef_mix_i14.model,0.436,DEFINABLE
hit,/home/pventura/src/OpenDefAlgSplitting/benches/scale/corpus/full/cyclic_group_n8_k1_nondef_mix_i15.model,0.503,DEFINABLE
hit,/home/pventura/src/OpenDefAlgSplitting/benches/scale/corpus/full/cyclic_group_n8_k1_nondef_mix_i16.model,0.473,DEFINABLE
hit,/home/pventura/src/OpenDefAlgSplitting/benches/scale/corpus/full/cyclic_group_n8_k1_nondef_mix_i17.model,0.516,DEFINABLE
hit,/home/pventura/src/OpenDefAlgSplitting/benches/scale/corpus/full/cyclic_group_n8_k1_nondef_mix_i18.model,0.483,DEFINABLE
hit,/home/pventura/src/OpenDefAlgSplitting/benches/scale/corpus/full/cyclic_group_n8_k1_nondef_mix_i19.model,0.419,DEFINABLE
hit,/home/pventura/src/OpenDefAlgSplitting/benches/scale/corpus/full/cyclic_group_n8_k1_nondef_mix_i2.model,0.477,DEFINABLE
hit,/home/pventura/src/OpenDefAlgSplitting/benches/scale/corpus/full/cyclic_group_n8_k1_nondef_mix_i20.model,0.483,DEFINABLE
hit,/home/pventura/src/OpenDefAlgSplitting/benches/scale/corpus/full/cyclic_group_n8_k1_nondef_mix_i21.model,0.483,DEFINABLE
hit,/home/pventura/src/OpenDefAlgSplitting/benches/scale/corpus/full/cyclic_group_n8_k1_nondef_mix_i22.model,0.501,DEFINABLE
hit,/home/pventura/src/OpenDefAlgSplitting/benches/scale/corpus/full/cyclic_group_n8_k1_nondef_mix_i23.model,0.447,DEFINABLE
hit,/home/pventura/src/OpenDefAlgSplitting/benches/scale/corpus/full/cyclic_group_n8_k1_nondef_mix_i24.model,0.494,DEFINABLE
hit,/home/pventura/src/OpenDefAlgSplitting/benches/scale/corpus/full/cyclic_group_n8_k1_nondef_mix_i25.model,0.496,DEFINABLE
hit,/home/pventura/src/OpenDefAlgSplitting/benches/scale/corpus/full/cyclic_group_n8_k1_nondef_mix_i26.model,0.447,DEFINABLE
hit,/home/pventura/src/OpenDefAlgSplitting/benches/scale/corpus/full/cyclic_group_n8_k1_nondef_mix_i27.model,0.576,DEFINABLE
hit,/home/pventura/src/OpenDefAlgSplitting/benches/scale/corpus/full/cyclic_group_n8_k1_nondef_mix_i28.model,0.474,DEFINABLE
hit,/home/pventura/src/OpenDefAlgSplitting/benches/scale/corpus/full/cyclic_group_n8_k1_nondef_mix_i29.model,0.471,DEFINABLE
hit,/home/pventura/src/OpenDefAlgSplitting/benches/scale/corpus/full/cyclic_group_n8_k1_nondef_mix_i3.model,0.601,DEFINABLE
hit,/home/pventura/src/OpenDefAlgSplitting/benches/scale/corpus/full/cyclic_group_n8_k1_nondef_mix_i4.model,0.527,DEFINABLE
hit,/home/pventura/src/OpenDefAlgSplitting/benches/scale/corpus/full/cyclic_group_n8_k1_nondef_mix_i5.model,0.509,DEFINABLE
hit,/home/pventura/src/OpenDefAlgSplitting/benches/scale/corpus/full/cyclic_group_n8_k1_nondef_mix_i6.model,0.439,DEFINABLE
hit,/home/pventura/src/OpenDefAlgSplitting/benches/scale/corpus/full/cyclic_group_n8_k1_nondef_mix_i7.model,0.532,DEFINABLE
hit,/home/pventura/src/OpenDefAlgSplitting/benches/scale/corpus/full/cyclic_group_n8_k1_nondef_mix_i8.model,0.490,DEFINABLE
hit,/home/pventura/src/OpenDefAlgSplitting/benches/scale/corpus/full/cyclic_group_n8_k1_nondef_mix_i9.model,0.546,DEFINABLE
hit,/home/pventura/src/OpenDefAlgSplitting/benches/scale/corpus/full/cyclic_group_n8_k2_definable_eq_i0.model,0.364,DEFINABLE
hit,/home/pventura/src/OpenDefAlgSplitting/benches/scale/corpus/full/cyclic_group_n8_k2_definable_eq_i1.model,0.281,DEFINABLE
hit,/home/pventura/src/OpenDefAlgSplitting/benches/scale/corpus/full/cyclic_group_n8_k2_definable_eq_i10.model,0.294,DEFINABLE
hit,/home/pventura/src/OpenDefAlgSplitting/benches/scale/corpus/full/cyclic_group_n8_k2_definable_eq_i11.model,0.295,DEFINABLE
hit,/home/pventura/src/OpenDefAlgSplitting/benches/scale/corpus/full/cyclic_group_n8_k2_definable_eq_i12.model,0.341,DEFINABLE
hit,/home/pventura/src/OpenDefAlgSplitting/benches/scale/corpus/full/cyclic_group_n8_k2_definable_eq_i13.model,0.304,DEFINABLE
hit,/home/pventura/src/OpenDefAlgSplitting/benches/scale/corpus/full/cyclic_group_n8_k2_definable_eq_i14.model,0.398,DEFINABLE
hit,/home/pventura/src/OpenDefAlgSplitting/benches/scale/corpus/full/cyclic_group_n8_k2_definable_eq_i15.model,0.366,DEFINABLE
hit,/home/pventura/src/OpenDefAlgSplitting/benches/scale/corpus/full/cyclic_group_n8_k2_definable_eq_i16.model,0.279,DEFINABLE
hit,/home/pventura/src/OpenDefAlgSplitting/benches/scale/corpus/full/cyclic_group_n8_k2_definable_eq_i17.model,0.388,DEFINABLE
hit,/home/pventura/src/OpenDefAlgSplitting/benches/scale/corpus/full/cyclic_group_n8_k2_definable_eq_i18.model,0.311,DEFINABLE
hit,/home/pventura/src/OpenDefAlgSplitting/benches/scale/corpus/full/cyclic_group_n8_k2_definable_eq_i19.model,0.295,DEFINABLE
hit,/home/pventura/src/OpenDefAlgSplitting/benches/scale/corpus/full/cyclic_group_n8_k2_definable_eq_i2.model,0.323,DEFINABLE
hit,/home/pventura/src/OpenDefAlgSplitting/benches/scale/corpus/full/cyclic_group_n8_k2_definable_eq_i20.model,0.402,DEFINABLE
hit,/home/pventura/src/OpenDefAlgSplitting/benches/scale/corpus/full/cyclic_group_n8_k2_definable_eq_i21.model,0.399,DEFINABLE
hit,/home/pventura/src/OpenDefAlgSplitting/benches/scale/corpus/full/cyclic_group_n8_k2_definable_eq_i22.model,0.289,DEFINABLE
hit,/home/pventura/src/OpenDefAlgSplitting/benches/scale/corpus/full/cyclic_group_n8_k2_definable_eq_i23.model,0.387,DEFINABLE
hit,/home/pventura/src/OpenDefAlgSplitting/benches/scale/corpus/full/cyclic_group_n8_k2_definable_eq_i24.model,0.269,DEFINABLE
hit,/home/pventura/src/OpenDefAlgSplitting/benches/scale/corpus/full/cyclic_group_n8_k2_definable_eq_i25.model,0.312,DEFINABLE
hit,/home/pventura/src/OpenDefAlgSplitting/benches/scale/corpus/full/cyclic_group_n8_k2_definable_eq_i26.model,0.322,DEFINABLE
hit,/home/pventura/src/OpenDefAlgSplitting/benches/scale/corpus/full/cyclic_group_n8_k2_definable_eq_i27.model,0.294,DEFINABLE
hit,/home/pventura/src/OpenDefAlgSplitting/benches/scale/corpus/full/cyclic_group_n8_k2_definable_eq_i28.model,0.317,DEFINABLE
hit,/home/pventura/src/OpenDefAlgSplitting/benches/scale/corpus/full/cyclic_group_n8_k2_definable_eq_i29.model,0.354,DEFINABLE
hit,/home/pventura/src/OpenDefAlgSplitting/benches/scale/corpus/full/cyclic_group_n8_k2_definable_eq_i3.model,0.284,DEFINABLE
hit,/home/pventura/src/OpenDefAlgSplitting/benches/scale/corpus/full/cyclic_group_n8_k2_definable_eq_i4.model,0.357,DEFINABLE
hit,/home/pventura/src/OpenDefAlgSplitting/benches/scale/corpus/full/cyclic_group_n8_k2_definable_eq_i5.model,0.291,DEFINABLE
hit,/home/pventura/src/OpenDefAlgSplitting/benches/scale/corpus/full/cyclic_group_n8_k2_definable_eq_i6.model,0.298,DEFINABLE
hit,/home/pventura/src/OpenDefAlgSplitting/benches/scale/corpus/full/cyclic_group_n8_k2_definable_eq_i7.model,0.311,DEFINABLE
hit,/home/pventura/src/OpenDefAlgSplitting/benches/scale/corpus/full/cyclic_group_n8_k2_definable_eq_i8.model,0.296,DEFINABLE
hit,/home/pventura/src/OpenDefAlgSplitting/benches/scale/corpus/full/cyclic_group_n8_k2_definable_eq_i9.model,0.380,DEFINABLE
hit,/home/pventura/src/OpenDefAlgSplitting/benches/scale/corpus/full/cyclic_group_n8_k2_nondef_mix_i0.model,6.244,DEFINABLE
hit,/home/pventura/src/OpenDefAlgSplitting/benches/scale/corpus/full/cyclic_group_n8_k2_nondef_mix_i1.model,6.206,DEFINABLE
hit,/home/pventura/src/OpenDefAlgSplitting/benches/scale/corpus/full/cyclic_group_n8_k2_nondef_mix_i10.model,6.288,DEFINABLE
hit,/home/pventura/src/OpenDefAlgSplitting/benches/scale/corpus/full/cyclic_group_n8_k2_nondef_mix_i11.model,6.389,DEFINABLE
hit,/home/pventura/src/OpenDefAlgSplitting/benches/scale/corpus/full/cyclic_group_n8_k2_nondef_mix_i12.model,6.327,DEFINABLE
hit,/home/pventura/src/OpenDefAlgSplitting/benches/scale/corpus/full/cyclic_group_n8_k2_nondef_mix_i13.model,6.204,DEFINABLE
hit,/home/pventura/src/OpenDefAlgSplitting/benches/scale/corpus/full/cyclic_group_n8_k2_nondef_mix_i14.model,6.322,DEFINABLE
hit,/home/pventura/src/OpenDefAlgSplitting/benches/scale/corpus/full/cyclic_group_n8_k2_nondef_mix_i15.model,6.226,DEFINABLE
hit,/home/pventura/src/OpenDefAlgSplitting/benches/scale/corpus/full/cyclic_group_n8_k2_nondef_mix_i16.model,6.211,DEFINABLE
hit,/home/pventura/src/OpenDefAlgSplitting/benches/scale/corpus/full/cyclic_group_n8_k2_nondef_mix_i17.model,6.218,DEFINABLE
hit,/home/pventura/src/OpenDefAlgSplitting/benches/scale/corpus/full/cyclic_group_n8_k2_nondef_mix_i18.model,6.230,DEFINABLE
hit,/home/pventura/src/OpenDefAlgSplitting/benches/scale/corpus/full/cyclic_group_n8_k2_nondef_mix_i19.model,6.324,DEFINABLE
hit,/home/pventura/src/OpenDefAlgSplitting/benches/scale/corpus/full/cyclic_group_n8_k2_nondef_mix_i2.model,6.189,DEFINABLE
hit,/home/pventura/src/OpenDefAlgSplitting/benches/scale/corpus/full/cyclic_group_n8_k2_nondef_mix_i20.model,6.257,DEFINABLE
hit,/home/pventura/src/OpenDefAlgSplitting/benches/scale/corpus/full/cyclic_group_n8_k2_nondef_mix_i21.model,6.413,DEFINABLE
hit,/home/pventura/src/OpenDefAlgSplitting/benches/scale/corpus/full/cyclic_group_n8_k2_nondef_mix_i22.model,6.227,DEFINABLE
hit,/home/pventura/src/OpenDefAlgSplitting/benches/scale/corpus/full/cyclic_group_n8_k2_nondef_mix_i23.model,6.327,DEFINABLE
hit,/home/pventura/src/OpenDefAlgSplitting/benches/scale/corpus/full/cyclic_group_n8_k2_nondef_mix_i24.model,6.311,DEFINABLE
hit,/home/pventura/src/OpenDefAlgSplitting/benches/scale/corpus/full/cyclic_group_n8_k2_nondef_mix_i25.model,6.249,DEFINABLE
hit,/home/pventura/src/OpenDefAlgSplitting/benches/scale/corpus/full/cyclic_group_n8_k2_nondef_mix_i26.model,6.225,DEFINABLE
hit,/home/pventura/src/OpenDefAlgSplitting/benches/scale/corpus/full/cyclic_group_n8_k2_nondef_mix_i27.model,6.362,DEFINABLE
hit,/home/pventura/src/OpenDefAlgSplitting/benches/scale/corpus/full/cyclic_group_n8_k2_nondef_mix_i28.model,6.248,DEFINABLE
hit,/home/pventura/src/OpenDefAlgSplitting/benches/scale/corpus/full/cyclic_group_n8_k2_nondef_mix_i29.model,6.187,DEFINABLE
hit,/home/pventura/src/OpenDefAlgSplitting/benches/scale/corpus/full/cyclic_group_n8_k2_nondef_mix_i3.model,6.278,DEFINABLE
hit,/home/pventura/src/OpenDefAlgSplitting/benches/scale/corpus/full/cyclic_group_n8_k2_nondef_mix_i4.model,6.325,DEFINABLE
hit,/home/pventura/src/OpenDefAlgSplitting/benches/scale/corpus/full/cyclic_group_n8_k2_nondef_mix_i5.model,6.267,DEFINABLE
hit,/home/pventura/src/OpenDefAlgSplitting/benches/scale/corpus/full/cyclic_group_n8_k2_nondef_mix_i6.model,6.210,DEFINABLE
hit,/home/pventura/src/OpenDefAlgSplitting/benches/scale/corpus/full/cyclic_group_n8_k2_nondef_mix_i7.model,6.438,DEFINABLE
hit,/home/pventura/src/OpenDefAlgSplitting/benches/scale/corpus/full/cyclic_group_n8_k2_nondef_mix_i8.model,6.342,DEFINABLE
hit,/home/pventura/src/OpenDefAlgSplitting/benches/scale/corpus/full/cyclic_group_n8_k2_nondef_mix_i9.model,6.213,DEFINABLE
hit,/home/pventura/src/OpenDefAlgSplitting/benches/scale/corpus/full/random_magma_n128_k1_definable_eq_i0.model,1613.900,DEFINABLE
hit,/home/pventura/src/OpenDefAlgSplitting/benches/scale/corpus/full/random_magma_n128_k1_definable_eq_i1.model,1634.414,DEFINABLE
hit,/home/pventura/src/OpenDefAlgSplitting/benches/scale/corpus/full/random_magma_n128_k1_definable_eq_i10.model,1608.749,DEFINABLE
hit,/home/pventura/src/OpenDefAlgSplitting/benches/scale/corpus/full/random_magma_n128_k1_definable_eq_i11.model,1622.727,DEFINABLE
hit,/home/pventura/src/OpenDefAlgSplitting/benches/scale/corpus/full/random_magma_n128_k1_definable_eq_i12.model,1589.976,DEFINABLE
hit,/home/pventura/src/OpenDefAlgSplitting/benches/scale/corpus/full/random_magma_n128_k1_definable_eq_i13.model,1582.016,DEFINABLE
hit,/home/pventura/src/OpenDefAlgSplitting/benches/scale/corpus/full/random_magma_n128_k1_definable_eq_i14.model,1582.993,DEFINABLE
hit,/home/pventura/src/OpenDefAlgSplitting/benches/scale/corpus/full/random_magma_n128_k1_definable_eq_i15.model,1634.018,DEFINABLE
hit,/home/pventura/src/OpenDefAlgSplitting/benches/scale/corpus/full/random_magma_n128_k1_definable_eq_i16.model,1606.145,DEFINABLE
hit,/home/pventura/src/OpenDefAlgSplitting/benches/scale/corpus/full/random_magma_n128_k1_definable_eq_i17.model,1599.346,DEFINABLE
hit,/home/pventura/src/OpenDefAlgSplitting/benches/scale/corpus/full/random_magma_n128_k1_definable_eq_i18.model,1606.796,DEFINABLE
hit,/home/pventura/src/OpenDefAlgSplitting/benches/scale/corpus/full/random_magma_n128_k1_definable_eq_i19.model,1655.052,DEFINABLE
hit,/home/pventura/src/OpenDefAlgSplitting/benches/scale/corpus/full/random_magma_n128_k1_definable_eq_i2.model,1586.862,DEFINABLE
hit,/home/pventura/src/OpenDefAlgSplitting/benches/scale/corpus/full/random_magma_n128_k1_definable_eq_i20.model,1614.598,DEFINABLE
hit,/home/pventura/src/OpenDefAlgSplitting/benches/scale/corpus/full/random_magma_n128_k1_definable_eq_i21.model,1611.592,DEFINABLE
hit,/home/pventura/src/OpenDefAlgSplitting/benches/scale/corpus/full/random_magma_n128_k1_definable_eq_i22.model,1658.626,DEFINABLE
hit,/home/pventura/src/OpenDefAlgSplitting/benches/scale/corpus/full/random_magma_n128_k1_definable_eq_i23.model,1630.125,DEFINABLE
hit,/home/pventura/src/OpenDefAlgSplitting/benches/scale/corpus/full/random_magma_n128_k1_definable_eq_i24.model,1626.732,DEFINABLE
hit,/home/pventura/src/OpenDefAlgSplitting/benches/scale/corpus/full/random_magma_n128_k1_definable_eq_i25.model,1639.910,DEFINABLE
hit,/home/pventura/src/OpenDefAlgSplitting/benches/scale/corpus/full/random_magma_n128_k1_definable_eq_i26.model,1664.088,DEFINABLE
hit,/home/pventura/src/OpenDefAlgSplitting/benches/scale/corpus/full/random_magma_n128_k1_definable_eq_i27.model,1661.366,DEFINABLE
hit,/home/pventura/src/OpenDefAlgSplitting/benches/scale/corpus/full/random_magma_n128_k1_definable_eq_i28.model,1648.962,DEFINABLE
hit,/home/pventura/src/OpenDefAlgSplitting/benches/scale/corpus/full/random_magma_n128_k1_definable_eq_i29.model,1631.379,DEFINABLE
hit,/home/pventura/src/OpenDefAlgSplitting/benches/scale/corpus/full/random_magma_n128_k1_definable_eq_i3.model,1590.076,DEFINABLE
hit,/home/pventura/src/OpenDefAlgSplitting/benches/scale/corpus/full/random_magma_n128_k1_definable_eq_i4.model,1600.164,DEFINABLE
hit,/home/pventura/src/OpenDefAlgSplitting/benches/scale/corpus/full/random_magma_n128_k1_definable_eq_i5.model,1650.682,DEFINABLE
hit,/home/pventura/src/OpenDefAlgSplitting/benches/scale/corpus/full/random_magma_n128_k1_definable_eq_i6.model,1643.960,DEFINABLE
hit,/home/pventura/src/OpenDefAlgSplitting/benches/scale/corpus/full/random_magma_n128_k1_definable_eq_i7.model,1632.219,DEFINABLE
hit,/home/pventura/src/OpenDefAlgSplitting/benches/scale/corpus/full/random_magma_n128_k1_definable_eq_i8.model,1609.054,DEFINABLE
hit,/home/pventura/src/OpenDefAlgSplitting/benches/scale/corpus/full/random_magma_n128_k1_definable_eq_i9.model,1627.874,DEFINABLE
hit,/home/pventura/src/OpenDefAlgSplitting/benches/scale/corpus/full/random_magma_n128_k1_nondef_mix_i0.model,1616.481,DEFINABLE
hit,/home/pventura/src/OpenDefAlgSplitting/benches/scale/corpus/full/random_magma_n128_k1_nondef_mix_i1.model,1587.781,DEFINABLE
hit,/home/pventura/src/OpenDefAlgSplitting/benches/scale/corpus/full/random_magma_n128_k1_nondef_mix_i10.model,1639.279,DEFINABLE
hit,/home/pventura/src/OpenDefAlgSplitting/benches/scale/corpus/full/random_magma_n128_k1_nondef_mix_i11.model,1640.315,DEFINABLE
hit,/home/pventura/src/OpenDefAlgSplitting/benches/scale/corpus/full/random_magma_n128_k1_nondef_mix_i12.model,1630.988,DEFINABLE
hit,/home/pventura/src/OpenDefAlgSplitting/benches/scale/corpus/full/random_magma_n128_k1_nondef_mix_i13.model,1639.538,DEFINABLE
hit,/home/pventura/src/OpenDefAlgSplitting/benches/scale/corpus/full/random_magma_n128_k1_nondef_mix_i14.model,1630.349,DEFINABLE
hit,/home/pventura/src/OpenDefAlgSplitting/benches/scale/corpus/full/random_magma_n128_k1_nondef_mix_i15.model,1635.999,DEFINABLE
hit,/home/pventura/src/OpenDefAlgSplitting/benches/scale/corpus/full/random_magma_n128_k1_nondef_mix_i16.model,1614.239,DEFINABLE
hit,/home/pventura/src/OpenDefAlgSplitting/benches/scale/corpus/full/random_magma_n128_k1_nondef_mix_i17.model,1632.171,DEFINABLE
hit,/home/pventura/src/OpenDefAlgSplitting/benches/scale/corpus/full/random_magma_n128_k1_nondef_mix_i18.model,1612.494,DEFINABLE
hit,/home/pventura/src/OpenDefAlgSplitting/benches/scale/corpus/full/random_magma_n128_k1_nondef_mix_i19.model,1623.344,DEFINABLE
hit,/home/pventura/src/OpenDefAlgSplitting/benches/scale/corpus/full/random_magma_n128_k1_nondef_mix_i2.model,1628.735,DEFINABLE
hit,/home/pventura/src/OpenDefAlgSplitting/benches/scale/corpus/full/random_magma_n128_k1_nondef_mix_i20.model,762.343,NOT_DEFINABLE
hit,/home/pventura/src/OpenDefAlgSplitting/benches/scale/corpus/full/random_magma_n128_k1_nondef_mix_i21.model,1628.311,DEFINABLE
hit,/home/pventura/src/OpenDefAlgSplitting/benches/scale/corpus/full/random_magma_n128_k1_nondef_mix_i22.model,1630.383,DEFINABLE
hit,/home/pventura/src/OpenDefAlgSplitting/benches/scale/corpus/full/random_magma_n128_k1_nondef_mix_i23.model,1616.214,DEFINABLE
hit,/home/pventura/src/OpenDefAlgSplitting/benches/scale/corpus/full/random_magma_n128_k1_nondef_mix_i24.model,1659.487,DEFINABLE
hit,/home/pventura/src/OpenDefAlgSplitting/benches/scale/corpus/full/random_magma_n128_k1_nondef_mix_i25.model,1595.531,DEFINABLE
hit,/home/pventura/src/OpenDefAlgSplitting/benches/scale/corpus/full/random_magma_n128_k1_nondef_mix_i26.model,1613.955,DEFINABLE
hit,/home/pventura/src/OpenDefAlgSplitting/benches/scale/corpus/full/random_magma_n128_k1_nondef_mix_i27.model,781.277,NOT_DEFINABLE
hit,/home/pventura/src/OpenDefAlgSplitting/benches/scale/corpus/full/random_magma_n128_k1_nondef_mix_i28.model,1641.395,DEFINABLE
hit,/home/pventura/src/OpenDefAlgSplitting/benches/scale/corpus/full/random_magma_n128_k1_nondef_mix_i29.model,1629.847,DEFINABLE
hit,/home/pventura/src/OpenDefAlgSplitting/benches/scale/corpus/full/random_magma_n128_k1_nondef_mix_i3.model,1624.477,DEFINABLE
hit,/home/pventura/src/OpenDefAlgSplitting/benches/scale/corpus/full/random_magma_n128_k1_nondef_mix_i4.model,273.314,NOT_DEFINABLE
hit,/home/pventura/src/OpenDefAlgSplitting/benches/scale/corpus/full/random_magma_n128_k1_nondef_mix_i5.model,849.547,NOT_DEFINABLE
hit,/home/pventura/src/OpenDefAlgSplitting/benches/scale/corpus/full/random_magma_n128_k1_nondef_mix_i6.model,1619.144,DEFINABLE
hit,/home/pventura/src/OpenDefAlgSplitting/benches/scale/corpus/full/random_magma_n128_k1_nondef_mix_i7.model,1629.829,DEFINABLE
hit,/home/pventura/src/OpenDefAlgSplitting/benches/scale/corpus/full/random_magma_n128_k1_nondef_mix_i8.model,1619.623,DEFINABLE
hit,/home/pventura/src/OpenDefAlgSplitting/benches/scale/corpus/full/random_magma_n128_k1_nondef_mix_i9.model,1656.510,DEFINABLE
hit,/home/pventura/src/OpenDefAlgSplitting/benches/scale/corpus/full/random_magma_n128_k1_random_half_i0.model,806.821,NOT_DEFINABLE
hit,/home/pventura/src/OpenDefAlgSplitting/benches/scale/corpus/full/random_magma_n128_k1_random_half_i1.model,891.693,NOT_DEFINABLE
hit,/home/pventura/src/OpenDefAlgSplitting/benches/scale/corpus/full/random_magma_n128_k1_random_half_i10.model,453.167,NOT_DEFINABLE
hit,/home/pventura/src/OpenDefAlgSplitting/benches/scale/corpus/full/random_magma_n128_k1_random_half_i11.model,1647.303,DEFINABLE
hit,/home/pventura/src/OpenDefAlgSplitting/benches/scale/corpus/full/random_magma_n128_k1_random_half_i12.model,607.363,NOT_DEFINABLE
hit,/home/pventura/src/OpenDefAlgSplitting/benches/scale/corpus/full/random_magma_n128_k1_random_half_i13.model,1592.194,DEFINABLE
hit,/home/pventura/src/OpenDefAlgSplitting/benches/scale/corpus/full/random_magma_n128_k1_random_half_i14.model,1652.727,DEFINABLE
hit,/home/pventura/src/OpenDefAlgSplitting/benches/scale/corpus/full/random_magma_n128_k1_random_half_i15.model,600.700,NOT_DEFINABLE
hit,/home/pventura/src/OpenDefAlgSplitting/benches/scale/corpus/full/random_magma_n128_k1_random_half_i16.model,745.896,NOT_DEFINABLE
hit,/home/pventura/src/OpenDefAlgSplitting/benches/scale/corpus/full/random_magma_n128_k1_random_half_i17.model,1633.122,DEFINABLE
hit,/home/pventura/src/OpenDefAlgSplitting/benches/scale/corpus/full/random_magma_n128_k1_random_half_i18.model,1635.741,DEFINABLE
hit,/home/pventura/src/OpenDefAlgSplitting/benches/scale/corpus/full/random_magma_n128_k1_random_half_i19.model,1628.792,DEFINABLE
hit,/home/pventura/src/OpenDefAlgSplitting/benches/scale/corpus/full/random_magma_n128_k1_random_half_i2.model,1629.508,DEFINABLE
hit,/home/pventura/src/OpenDefAlgSplitting/benches/scale/corpus/full/random_magma_n128_k1_random_half_i20.model,1619.570,DEFINABLE
hit,/home/pventura/src/OpenDefAlgSplitting/benches/scale/corpus/full/random_magma_n128_k1_random_half_i21.model,1608.287,DEFINABLE
hit,/home/pventura/src/OpenDefAlgSplitting/benches/scale/corpus/full/random_magma_n128_k1_random_half_i22.model,816.847,NOT_DEFINABLE
hit,/home/pventura/src/OpenDefAlgSplitting/benches/scale/corpus/full/random_magma_n128_k1_random_half_i23.model,1612.862,DEFINABLE
hit,/home/pventura/src/OpenDefAlgSplitting/benches/scale/corpus/full/random_magma_n128_k1_random_half_i24.model,880.013,NOT_DEFINABLE
hit,/home/pventura/src/OpenDefAlgSplitting/benches/scale/corpus/full/random_magma_n128_k1_random_half_i25.model,1624.137,DEFINABLE
hit,/home/pventura/src/OpenDefAlgSplitting/benches/scale/corpus/full/random_magma_n128_k1_random_half_i26.model,1640.168,DEFINABLE
hit,/home/pventura/src/OpenDefAlgSplitting/benches/scale/corpus/full/random_magma_n128_k1_random_half_i27.model,1656.300,DEFINABLE
hit,/home/pventura/src/OpenDefAlgSplitting/benches/scale/corpus/full/random_magma_n128_k1_random_half_i28.model,1633.499,DEFINABLE
hit,/home/pventura/src/OpenDefAlgSplitting/benches/scale/corpus/full/random_magma_n128_k1_random_half_i29.model,1658.125,DEFINABLE
hit,/home/pventura/src/OpenDefAlgSplitting/benches/scale/corpus/full/random_magma_n128_k1_random_half_i3.model,1651.425,DEFINABLE
hit,/home/pventura/src/OpenDefAlgSplitting/benches/scale/corpus/full/random_magma_n128_k1_random_half_i4.model,1568.147,DEFINABLE
hit,/home/pventura/src/OpenDefAlgSplitting/benches/scale/corpus/full/random_magma_n128_k1_random_half_i5.model,1613.902,DEFINABLE
hit,/home/pventura/src/OpenDefAlgSplitting/benches/scale/corpus/full/random_magma_n128_k1_random_half_i6.model,1625.104,DEFINABLE
hit,/home/pventura/src/OpenDefAlgSplitting/benches/scale/corpus/full/random_magma_n128_k1_random_half_i7.model,1655.839,DEFINABLE
hit,/home/pventura/src/OpenDefAlgSplitting/benches/scale/corpus/full/random_magma_n128_k1_random_half_i8.model,1626.929,DEFINABLE
hit,/home/pventura/src/OpenDefAlgSplitting/benches/scale/corpus/full/random_magma_n128_k1_random_half_i9.model,1652.917,DEFINABLE
hit,/home/pventura/src/OpenDefAlgSplitting/benches/scale/corpus/full/random_magma_n128_k2_definable_eq_i0.model,1018.458,DEFINABLE
hit,/home/pventura/src/OpenDefAlgSplitting/benches/scale/corpus/full/random_magma_n128_k2_definable_eq_i1.model,944.999,DEFINABLE
hit,/home/pventura/src/OpenDefAlgSplitting/benches/scale/corpus/full/random_magma_n128_k2_definable_eq_i10.model,935.525,DEFINABLE
hit,/home/pventura/src/OpenDefAlgSplitting/benches/scale/corpus/full/random_magma_n128_k2_definable_eq_i11.model,947.999,DEFINABLE
hit,/home/pventura/src/OpenDefAlgSplitting/benches/scale/corpus/full/random_magma_n128_k2_definable_eq_i12.model,950.621,DEFINABLE
hit,/home/pventura/src/OpenDefAlgSplitting/benches/scale/corpus/full/random_magma_n128_k2_definable_eq_i13.model,957.488,DEFINABLE
hit,/home/pventura/src/OpenDefAlgSplitting/benches/scale/corpus/full/random_magma_n128_k2_definable_eq_i14.model,936.897,DEFINABLE
hit,/home/pventura/src/OpenDefAlgSplitting/benches/scale/corpus/full/random_magma_n128_k2_definable_eq_i15.model,939.934,DEFINABLE
hit,/home/pventura/src/OpenDefAlgSplitting/benches/scale/corpus/full/random_magma_n128_k2_definable_eq_i16.model,953.990,DEFINABLE
hit,/home/pventura/src/OpenDefAlgSplitting/benches/scale/corpus/full/random_magma_n128_k2_definable_eq_i17.model,930.503,DEFINABLE
hit,/home/pventura/src/OpenDefAlgSplitting/benches/scale/corpus/full/random_magma_n128_k2_definable_eq_i18.model,937.732,DEFINABLE
hit,/home/pventura/src/OpenDefAlgSplitting/benches/scale/corpus/full/random_magma_n128_k2_definable_eq_i19.model,927.080,DEFINABLE
hit,/home/pventura/src/OpenDefAlgSplitting/benches/scale/corpus/full/random_magma_n128_k2_definable_eq_i2.model,952.174,DEFINABLE
hit,/home/pventura/src/OpenDefAlgSplitting/benches/scale/corpus/full/random_magma_n128_k2_definable_eq_i20.model,950.478,DEFINABLE
hit,/home/pventura/src/OpenDefAlgSplitting/benches/scale/corpus/full/random_magma_n128_k2_definable_eq_i21.model,944.258,DEFINABLE
hit,/home/pventura/src/OpenDefAlgSplitting/benches/scale/corpus/full/random_magma_n128_k2_definable_eq_i22.model,955.089,DEFINABLE
hit,/home/pventura/src/OpenDefAlgSplitting/benches/scale/corpus/full/random_magma_n128_k2_definable_eq_i23.model,959.155,DEFINABLE
hit,/home/pventura/src/OpenDefAlgSplitting/benches/scale/corpus/full/random_magma_n128_k2_definable_eq_i24.model,951.358,DEFINABLE
hit,/home/pventura/src/OpenDefAlgSplitting/benches/scale/corpus/full/random_magma_n128_k2_definable_eq_i25.model,946.487,DEFINABLE
hit,/home/pventura/src/OpenDefAlgSplitting/benches/scale/corpus/full/random_magma_n128_k2_definable_eq_i26.model,959.318,DEFINABLE
hit,/home/pventura/src/OpenDefAlgSplitting/benches/scale/corpus/full/random_magma_n128_k2_definable_eq_i27.model,935.670,DEFINABLE
hit,/home/pventura/src/OpenDefAlgSplitting/benches/scale/corpus/full/random_magma_n128_k2_definable_eq_i28.model,937.189,DEFINABLE
hit,/home/pventura/src/OpenDefAlgSplitting/benches/scale/corpus/full/random_magma_n128_k2_definable_eq_i29.model,935.441,DEFINABLE
hit,/home/pventura/src/OpenDefAlgSplitting/benches/scale/corpus/full/random_magma_n128_k2_definable_eq_i3.model,967.360,DEFINABLE
hit,/home/pventura/src/OpenDefAlgSplitting/benches/scale/corpus/full/random_magma_n128_k2_definable_eq_i4.model,937.912,DEFINABLE
hit,/home/pventura/src/OpenDefAlgSplitting/benches/scale/corpus/full/random_magma_n128_k2_definable_eq_i5.model,938.239,DEFINABLE
hit,/home/pventura/src/OpenDefAlgSplitting/benches/scale/corpus/full/random_magma_n128_k2_definable_eq_i6.model,948.536,DEFINABLE
hit,/home/pventura/src/OpenDefAlgSplitting/benches/scale/corpus/full/random_magma_n128_k2_definable_eq_i7.model,967.180,DEFINABLE
hit,/home/pventura/src/OpenDefAlgSplitting/benches/scale/corpus/full/random_magma_n128_k2_definable_eq_i8.model,920.762,DEFINABLE
hit,/home/pventura/src/OpenDefAlgSplitting/benches/scale/corpus/full/random_magma_n128_k2_definable_eq_i9.model,947.416,DEFINABLE
hit,/home/pventura/src/OpenDefAlgSplitting/benches/scale/corpus/full/random_magma_n128_k2_nondef_mix_i0.model,121437.086,DEFINABLE
hit,/home/pventura/src/OpenDefAlgSplitting/benches/scale/corpus/full/random_magma_n128_k2_nondef_mix_i1.model,776.927,NOT_DEFINABLE
hit,/home/pventura/src/OpenDefAlgSplitting/benches/scale/corpus/full/random_magma_n128_k2_nondef_mix_i10.model,117647.626,DEFINABLE
hit,/home/pventura/src/OpenDefAlgSplitting/benches/scale/corpus/full/random_magma_n128_k2_nondef_mix_i11.model,117741.539,DEFINABLE
hit,/home/pventura/src/OpenDefAlgSplitting/benches/scale/corpus/full/random_magma_n128_k2_nondef_mix_i12.model,123746.605,DEFINABLE
hit,/home/pventura/src/OpenDefAlgSplitting/benches/scale/corpus/full/random_magma_n128_k2_nondef_mix_i13.model,123815.059,DEFINABLE
hit,/home/pventura/src/OpenDefAlgSplitting/benches/scale/corpus/full/random_magma_n128_k2_nondef_mix_i14.model,123701.204,DEFINABLE
hit,/home/pventura/src/OpenDefAlgSplitting/benches/scale/corpus/full/random_magma_n128_k2_nondef_mix_i15.model,118646.930,DEFINABLE
hit,/home/pventura/src/OpenDefAlgSplitting/benches/scale/corpus/full/random_magma_n128_k2_nondef_mix_i16.model,906.482,NOT_DEFINABLE
hit,/home/pventura/src/OpenDefAlgSplitting/benches/scale/corpus/full/random_magma_n128_k2_nondef_mix_i17.model,128047.838,DEFINABLE
hit,/home/pventura/src/OpenDefAlgSplitting/benches/scale/corpus/full/random_magma_n128_k2_nondef_mix_i18.model,123829.812,DEFINABLE
hit,/home/pventura/src/OpenDefAlgSplitting/benches/scale/corpus/full/random_magma_n128_k2_nondef_mix_i19.model,124129.438,DEFINABLE
hit,/home/pventura/src/OpenDefAlgSplitting/benches/scale/corpus/full/random_magma_n128_k2_nondef_mix_i2.model,120856.150,DEFINABLE
hit,/home/pventura/src/OpenDefAlgSplitting/benches/scale/corpus/full/random_magma_n128_k2_nondef_mix_i20.model,396.587,NOT_DEFINABLE
hit,/home/pventura/src/OpenDefAlgSplitting/benches/scale/corpus/full/random_magma_n128_k2_nondef_mix_i21.model,123560.267,DEFINABLE
hit,/home/pventura/src/OpenDefAlgSplitting/benches/scale/corpus/full/random_magma_n128_k2_nondef_mix_i22.model,123163.640,DEFINABLE
hit,/home/pventura/src/OpenDefAlgSplitting/benches/scale/corpus/full/random_magma_n128_k2_nondef_mix_i23.model,123042.091,DEFINABLE
hit,/home/pventura/src/OpenDefAlgSplitting/benches/scale/corpus/full/random_magma_n128_k2_nondef_mix_i24.model,121355.038,DEFINABLE
hit,/home/pventura/src/OpenDefAlgSplitting/benches/scale/corpus/full/random_magma_n128_k2_nondef_mix_i25.model,123585.696,DEFINABLE
hit,/home/pventura/src/OpenDefAlgSplitting/benches/scale/corpus/full/random_magma_n128_k2_nondef_mix_i26.model,124235.418,DEFINABLE
hit,/home/pventura/src/OpenDefAlgSplitting/benches/scale/corpus/full/random_magma_n128_k2_nondef_mix_i27.model,123971.503,DEFINABLE
hit,/home/pventura/src/OpenDefAlgSplitting/benches/scale/corpus/full/random_magma_n128_k2_nondef_mix_i28.model,120259.168,DEFINABLE
hit,/home/pventura/src/OpenDefAlgSplitting/benches/scale/corpus/full/random_magma_n128_k2_nondef_mix_i29.model,121267.638,DEFINABLE
hit,/home/pventura/src/OpenDefAlgSplitting/benches/scale/corpus/full/random_magma_n128_k2_nondef_mix_i3.model,123872.969,DEFINABLE
hit,/home/pventura/src/OpenDefAlgSplitting/benches/scale/corpus/full/random_magma_n128_k2_nondef_mix_i4.model,700.788,NOT_DEFINABLE
hit,/home/pventura/src/OpenDefAlgSplitting/benches/scale/corpus/full/random_magma_n128_k2_nondef_mix_i5.model,124073.132,DEFINABLE
hit,/home/pventura/src/OpenDefAlgSplitting/benches/scale/corpus/full/random_magma_n128_k2_nondef_mix_i6.model,123949.561,DEFINABLE
hit,/home/pventura/src/OpenDefAlgSplitting/benches/scale/corpus/full/random_magma_n128_k2_nondef_mix_i7.model,118766.369,DEFINABLE
hit,/home/pventura/src/OpenDefAlgSplitting/benches/scale/corpus/full/random_magma_n128_k2_nondef_mix_i8.model,122907.994,DEFINABLE
hit,/home/pventura/src/OpenDefAlgSplitting/benches/scale/corpus/full/random_magma_n128_k2_nondef_mix_i9.model,124047.032,DEFINABLE
hit,/home/pventura/src/OpenDefAlgSplitting/benches/scale/corpus/full/random_magma_n128_k2_random_half_i0.model,123540.062,DEFINABLE
hit,/home/pventura/src/OpenDefAlgSplitting/benches/scale/corpus/full/random_magma_n128_k2_random_half_i1.model,123742.256,DEFINABLE
hit,/home/pventura/src/OpenDefAlgSplitting/benches/scale/corpus/full/random_magma_n128_k2_random_half_i10.model,128917.401,DEFINABLE
hit,/home/pventura/src/OpenDefAlgSplitting/benches/scale/corpus/full/random_magma_n128_k2_random_half_i11.model,125007.640,DEFINABLE
hit,/home/pventura/src/OpenDefAlgSplitting/benches/scale/corpus/full/random_magma_n128_k2_random_half_i12.model,120060.844,DEFINABLE
hit,/home/pventura/src/OpenDefAlgSplitting/benches/scale/corpus/full/random_magma_n128_k2_random_half_i13.model,120914.185,DEFINABLE
hit,/home/pventura/src/OpenDefAlgSplitting/benches/scale/corpus/full/random_magma_n128_k2_random_half_i14.model,420.036,NOT_DEFINABLE
hit,/home/pventura/src/OpenDefAlgSplitting/benches/scale/corpus/full/random_magma_n128_k2_random_half_i15.model,433.363,NOT_DEFINABLE
hit,/home/pventura/src/OpenDefAlgSplitting/benches/scale/corpus/full/random_magma_n128_k2_random_half_i16.model,125464.725,DEFINABLE
hit,/home/pventura/src/OpenDefAlgSplitting/benches/scale/corpus/full/random_magma_n128_k2_random_half_i17.model,123664.366,DEFINABLE
hit,/home/pventura/src/OpenDefAlgSplitting/benches/scale/corpus/full/random_magma_n128_k2_random_half_i18.model,123610.796,DEFINABLE
hit,/home/pventura/src/OpenDefAlgSplitting/benches/scale/corpus/full/random_magma_n128_k2_random_half_i19.model,117171.834,DEFINABLE
hit,/home/pventura/src/OpenDefAlgSplitting/benches/scale/corpus/full/random_magma_n128_k2_random_half_i2.model,125343.051,DEFINABLE
hit,/home/pventura/src/OpenDefAlgSplitting/benches/scale/corpus/full/random_magma_n128_k2_random_half_i20.model,123689.472,DEFINABLE
hit,/home/pventura/src/OpenDefAlgSplitting/benches/scale/corpus/full/random_magma_n128_k2_random_half_i21.model,122430.574,DEFINABLE
hit,/home/pventura/src/OpenDefAlgSplitting/benches/scale/corpus/full/random_magma_n128_k2_random_half_i22.model,124850.866,DEFINABLE
hit,/home/pventura/src/OpenDefAlgSplitting/benches/scale/corpus/full/random_magma_n128_k2_random_half_i23.model,123284.074,DEFINABLE
hit,/home/pventura/src/OpenDefAlgSplitting/benches/scale/corpus/full/random_magma_n128_k2_random_half_i24.model,124321.683,DEFINABLE
hit,/home/pventura/src/OpenDefAlgSplitting/benches/scale/corpus/full/random_magma_n128_k2_random_half_i25.model,122599.640,DEFINABLE
hit,/home/pventura/src/OpenDefAlgSplitting/benches/scale/corpus/full/random_magma_n128_k2_random_half_i26.model,118240.365,DEFINABLE
hit,/home/pventura/src/OpenDefAlgSplitting/benches/scale/corpus/full/random_magma_n128_k2_random_half_i27.model,123917.399,DEFINABLE
hit,/home/pventura/src/OpenDefAlgSplitting/benches/scale/corpus/full/random_magma_n128_k2_random_half_i28.model,123679.285,DEFINABLE
hit,/home/pventura/src/OpenDefAlgSplitting/benches/scale/corpus/full/random_magma_n128_k2_random_half_i29.model,122896.312,DEFINABLE
hit,/home/pventura/src/OpenDefAlgSplitting/benches/scale/corpus/full/random_magma_n128_k2_random_half_i3.model,883.884,NOT_DEFINABLE
hit,/home/pventura/src/OpenDefAlgSplitting/benches/scale/corpus/full/random_magma_n128_k2_random_half_i4.model,117219.485,DEFINABLE
hit,/home/pventura/src/OpenDefAlgSplitting/benches/scale/corpus/full/random_magma_n128_k2_random_half_i5.model,798.018,NOT_DEFINABLE
hit,/home/pventura/src/OpenDefAlgSplitting/benches/scale/corpus/full/random_magma_n128_k2_random_half_i6.model,123165.171,DEFINABLE
hit,/home/pventura/src/OpenDefAlgSplitting/benches/scale/corpus/full/random_magma_n128_k2_random_half_i7.model,123222.772,DEFINABLE
hit,/home/pventura/src/OpenDefAlgSplitting/benches/scale/corpus/full/random_magma_n128_k2_random_half_i8.model,123506.426,DEFINABLE
hit,/home/pventura/src/OpenDefAlgSplitting/benches/scale/corpus/full/random_magma_n128_k2_random_half_i9.model,120272.544,DEFINABLE
hit,/home/pventura/src/OpenDefAlgSplitting/benches/scale/corpus/full/random_magma_n16_k1_definable_eq_i0.model,3.452,DEFINABLE
hit,/home/pventura/src/OpenDefAlgSplitting/benches/scale/corpus/full/random_magma_n16_k1_definable_eq_i1.model,3.378,DEFINABLE
hit,/home/pventura/src/OpenDefAlgSplitting/benches/scale/corpus/full/random_magma_n16_k1_definable_eq_i10.model,3.173,DEFINABLE
hit,/home/pventura/src/OpenDefAlgSplitting/benches/scale/corpus/full/random_magma_n16_k1_definable_eq_i11.model,3.252,DEFINABLE
hit,/home/pventura/src/OpenDefAlgSplitting/benches/scale/corpus/full/random_magma_n16_k1_definable_eq_i12.model,3.268,DEFINABLE
hit,/home/pventura/src/OpenDefAlgSplitting/benches/scale/corpus/full/random_magma_n16_k1_definable_eq_i13.model,3.368,DEFINABLE
hit,/home/pventura/src/OpenDefAlgSplitting/benches/scale/corpus/full/random_magma_n16_k1_definable_eq_i14.model,3.378,DEFINABLE
hit,/home/pventura/src/OpenDefAlgSplitting/benches/scale/corpus/full/random_magma_n16_k1_definable_eq_i15.model,3.377,DEFINABLE
hit,/home/pventura/src/OpenDefAlgSplitting/benches/scale/corpus/full/random_magma_n16_k1_definable_eq_i16.model,3.335,DEFINABLE
hit,/home/pventura/src/OpenDefAlgSplitting/benches/scale/corpus/full/random_magma_n16_k1_definable_eq_i17.model,3.260,DEFINABLE
hit,/home/pventura/src/OpenDefAlgSplitting/benches/scale/corpus/full/random_magma_n16_k1_definable_eq_i18.model,3.070,DEFINABLE
hit,/home/pventura/src/OpenDefAlgSplitting/benches/scale/corpus/full/random_magma_n16_k1_definable_eq_i19.model,3.257,DEFINABLE
hit,/home/pventura/src/OpenDefAlgSplitting/benches/scale/corpus/full/random_magma_n16_k1_definable_eq_i2.model,3.360,DEFINABLE
hit,/home/pventura/src/OpenDefAlgSplitting/benches/scale/corpus/full/random_magma_n16_k1_definable_eq_i20.model,3.096,DEFINABLE
hit,/home/pventura/src/OpenDefAlgSplitting/benches/scale/corpus/full/random_magma_n16_k1_definable_eq_i21.model,2.866,DEFINABLE
hit,/home/pventura/src/OpenDefAlgSplitting/benches/scale/corpus/full/random_magma_n16_k1_definable_eq_i22.model,3.245,DEFINABLE
hit,/home/pventura/src/OpenDefAlgSplitting/benches/scale/corpus/full/random_magma_n16_k1_definable_eq_i23.model,2.954,DEFINABLE
hit,/home/pventura/src/OpenDefAlgSplitting/benches/scale/corpus/full/random_magma_n16_k1_definable_eq_i24.model,3.318,DEFINABLE
hit,/home/pventura/src/OpenDefAlgSplitting/benches/scale/corpus/full/random_magma_n16_k1_definable_eq_i25.model,2.601,DEFINABLE
hit,/home/pventura/src/OpenDefAlgSplitting/benches/scale/corpus/full/random_magma_n16_k1_definable_eq_i26.model,2.781,DEFINABLE
hit,/home/pventura/src/OpenDefAlgSplitting/benches/scale/corpus/full/random_magma_n16_k1_definable_eq_i27.model,3.339,DEFINABLE
hit,/home/pventura/src/OpenDefAlgSplitting/benches/scale/corpus/full/random_magma_n16_k1_definable_eq_i28.model,3.309,DEFINABLE
hit,/home/pventura/src/OpenDefAlgSplitting/benches/scale/corpus/full/random_magma_n16_k1_definable_eq_i29.model,0.381,NOT_DEFINABLE
hit,/home/pventura/src/OpenDefAlgSplitting/benches/scale/corpus/full/random_magma_n16_k1_definable_eq_i3.model,3.146,DEFINABLE
hit,/home/pventura/src/OpenDefAlgSplitting/benches/scale/corpus/full/random_magma_n16_k1_definable_eq_i4.model,3.404,DEFINABLE
hit,/home/pventura/src/OpenDefAlgSplitting/benches/scale/corpus/full/random_magma_n16_k1_definable_eq_i5.model,3.183,DEFINABLE
hit,/home/pventura/src/OpenDefAlgSplitting/benches/scale/corpus/full/random_magma_n16_k1_definable_eq_i6.model,3.366,DEFINABLE
hit,/home/pventura/src/OpenDefAlgSplitting/benches/scale/corpus/full/random_magma_n16_k1_definable_eq_i7.model,3.704,DEFINABLE
hit,/home/pventura/src/OpenDefAlgSplitting/benches/scale/corpus/full/random_magma_n16_k1_definable_eq_i8.model,4.755,DEFINABLE
hit,/home/pventura/src/OpenDefAlgSplitting/benches/scale/corpus/full/random_magma_n16_k1_definable_eq_i9.model,3.350,DEFINABLE
hit,/home/pventura/src/OpenDefAlgSplitting/benches/scale/corpus/full/random_magma_n16_k1_nondef_mix_i0.model,3.225,DEFINABLE
hit,/home/pventura/src/OpenDefAlgSplitting/benches/scale/corpus/full/random_magma_n16_k1_nondef_mix_i1.model,3.017,DEFINABLE
hit,/home/pventura/src/OpenDefAlgSplitting/benches/scale/corpus/full/random_magma_n16_k1_nondef_mix_i10.model,3.302,DEFINABLE
hit,/home/pventura/src/OpenDefAlgSplitting/benches/scale/corpus/full/random_magma_n16_k1_nondef_mix_i11.model,3.508,DEFINABLE
hit,/home/pventura/src/OpenDefAlgSplitting/benches/scale/corpus/full/random_magma_n16_k1_nondef_mix_i12.model,3.257,DEFINABLE
hit,/home/pventura/src/OpenDefAlgSplitting/benches/scale/corpus/full/random_magma_n16_k1_nondef_mix_i13.model,3.304,DEFINABLE
hit,/home/pventura/src/OpenDefAlgSplitting/benches/scale/corpus/full/random_magma_n16_k1_nondef_mix_i14.model,3.317,DEFINABLE
hit,/home/pventura/src/OpenDefAlgSplitting/benches/scale/corpus/full/random_magma_n16_k1_nondef_mix_i15.model,3.285,DEFINABLE
hit,/home/pventura/src/OpenDefAlgSplitting/benches/scale/corpus/full/random_magma_n16_k1_nondef_mix_i16.model,3.379,DEFINABLE
hit,/home/pventura/src/OpenDefAlgSplitting/benches/scale/corpus/full/random_magma_n16_k1_nondef_mix_i17.model,3.386,DEFINABLE
hit,/home/pventura/src/OpenDefAlgSplitting/benches/scale/corpus/full/random_magma_n16_k1_nondef_mix_i18.model,3.438,DEFINABLE
hit,/home/pventura/src/OpenDefAlgSplitting/benches/scale/corpus/full/random_magma_n16_k1_nondef_mix_i19.model,12.330,DEFINABLE
hit,/home/pventura/src/OpenDefAlgSplitting/benches/scale/corpus/full/random_magma_n16_k1_nondef_mix_i2.model,3.107,DEFINABLE
hit,/home/pventura/src/OpenDefAlgSplitting/benches/scale/corpus/full/random_magma_n16_k1_nondef_mix_i20.model,2.952,DEFINABLE
hit,/home/pventura/src/OpenDefAlgSplitting/benches/scale/corpus/full/random_magma_n16_k1_nondef_mix_i21.model,3.119,DEFINABLE
hit,/home/pventura/src/OpenDefAlgSplitting/benches/scale/corpus/full/random_magma_n16_k1_nondef_mix_i22.model,3.255,DEFINABLE
hit,/home/pventura/src/OpenDefAlgSplitting/benches/scale/corpus/full/random_magma_n16_k1_nondef_mix_i23.model,1.070,NOT_DEFINABLE
hit,/home/pventura/src/OpenDefAlgSplitting/benches/scale/corpus/full/random_magma_n16_k1_nondef_mix_i24.model,2.872,DEFINABLE
hit,/home/pventura/src/OpenDefAlgSplitting/benches/scale/corpus/full/random_magma_n16_k1_nondef_mix_i25.model,3.164,DEFINABLE
hit,/home/pventura/src/OpenDefAlgSplitting/benches/scale/corpus/full/random_magma_n16_k1_nondef_mix_i26.model,3.256,DEFINABLE
hit,/home/pventura/src/OpenDefAlgSplitting/benches/scale/corpus/full/random_magma_n16_k1_nondef_mix_i27.model,3.264,DEFINABLE
hit,/home/pventura/src/OpenDefAlgSplitting/benches/scale/corpus/full/random_magma_n16_k1_nondef_mix_i28.model,3.267,DEFINABLE
hit,/home/pventura/src/OpenDefAlgSplitting/benches/scale/corpus/full/random_magma_n16_k1_nondef_mix_i29.model,3.265,DEFINABLE
hit,/home/pventura/src/OpenDefAlgSplitting/benches/scale/corpus/full/random_magma_n16_k1_nondef_mix_i3.model,3.205,DEFINABLE
hit,/home/pventura/src/OpenDefAlgSplitting/benches/scale/corpus/full/random_magma_n16_k1_nondef_mix_i4.model,3.069,DEFINABLE
hit,/home/pventura/src/OpenDefAlgSplitting/benches/scale/corpus/full/random_magma_n16_k1_nondef_mix_i5.model,3.461,DEFINABLE
hit,/home/pventura/src/OpenDefAlgSplitting/benches/scale/corpus/full/random_magma_n16_k1_nondef_mix_i6.model,3.251,DEFINABLE
hit,/home/pventura/src/OpenDefAlgSplitting/benches/scale/corpus/full/random_magma_n16_k1_nondef_mix_i7.model,2.852,DEFINABLE
hit,/home/pventura/src/OpenDefAlgSplitting/benches/scale/corpus/full/random_magma_n16_k1_nondef_mix_i8.model,3.323,DEFINABLE
hit,/home/pventura/src/OpenDefAlgSplitting/benches/scale/corpus/full/random_magma_n16_k1_nondef_mix_i9.model,3.335,DEFINABLE
hit,/home/pventura/src/OpenDefAlgSplitting/benches/scale/corpus/full/random_magma_n16_k1_random_half_i0.model,3.271,DEFINABLE
hit,/home/pventura/src/OpenDefAlgSplitting/benches/scale/corpus/full/random_magma_n16_k1_random_half_i1.model,3.329,DEFINABLE
hit,/home/pventura/src/OpenDefAlgSplitting/benches/scale/corpus/full/random_magma_n16_k1_random_half_i10.model,3.123,DEFINABLE
hit,/home/pventura/src/OpenDefAlgSplitting/benches/scale/corpus/full/random_magma_n16_k1_random_half_i11.model,3.088,DEFINABLE
hit,/home/pventura/src/OpenDefAlgSplitting/benches/scale/corpus/full/random_magma_n16_k1_random_half_i12.model,3.448,DEFINABLE
hit,/home/pventura/src/OpenDefAlgSplitting/benches/scale/corpus/full/random_magma_n16_k1_random_half_i13.model,3.156,DEFINABLE
hit,/home/pventura/src/OpenDefAlgSplitting/benches/scale/corpus/full/random_magma_n16_k1_random_half_i14.model,3.249,DEFINABLE
hit,/home/pventura/src/OpenDefAlgSplitting/benches/scale/corpus/full/random_magma_n16_k1_random_half_i15.model,3.361,DEFINABLE
hit,/home/pventura/src/OpenDefAlgSplitting/benches/scale/corpus/full/random_magma_n16_k1_random_half_i16.model,3.318,DEFINABLE
hit,/home/pventura/src/OpenDefAlgSplitting/benches/scale/corpus/full/random_magma_n16_k1_random_half_i17.model,3.351,DEFINABLE
hit,/home/pventura/src/OpenDefAlgSplitting/benches/scale/corpus/full/random_magma_n16_k1_random_half_i18.model,3.327,DEFINABLE
hit,/home/pventura/src/OpenDefAlgSplitting/benches/scale/corpus/full/random_magma_n16_k1_random_half_i19.model,3.438,DEFINABLE
hit,/home/pventura/src/OpenDefAlgSplitting/benches/scale/corpus/full/random_magma_n16_k1_random_half_i2.model,3.327,DEFINABLE
hit,/home/pventura/src/OpenDefAlgSplitting/benches/scale/corpus/full/random_magma_n16_k1_random_half_i20.model,3.174,DEFINABLE
hit,/home/pventura/src/OpenDefAlgSplitting/benches/scale/corpus/full/random_magma_n16_k1_random_half_i21.model,3.135,DEFINABLE
hit,/home/pventura/src/OpenDefAlgSplitting/benches/scale/corpus/full/random_magma_n16_k1_random_half_i22.model,3.087,DEFINABLE
hit,/home/pventura/src/OpenDefAlgSplitting/benches/scale/corpus/full/random_magma_n16_k1_random_half_i23.model,3.205,DEFINABLE
hit,/home/pventura/src/OpenDefAlgSplitting/benches/scale/corpus/full/random_magma_n16_k1_random_half_i24.model,0.969,NOT_DEFINABLE
hit,/home/pventura/src/OpenDefAlgSplitting/benches/scale/corpus/full/random_magma_n16_k1_random_half_i25.model,3.429,DEFINABLE
hit,/home/pventura/src/OpenDefAlgSplitting/benches/scale/corpus/full/random_magma_n16_k1_random_half_i26.model,3.212,DEFINABLE
hit,/home/pventura/src/OpenDefAlgSplitting/benches/scale/corpus/full/random_magma_n16_k1_random_half_i27.model,2.903,DEFINABLE
hit,/home/pventura/src/OpenDefAlgSplitting/benches/scale/corpus/full/random_magma_n16_k1_random_half_i28.model,3.339,DEFINABLE
hit,/home/pventura/src/OpenDefAlgSplitting/benches/scale/corpus/full/random_magma_n16_k1_random_half_i29.model,3.366,DEFINABLE
hit,/home/pventura/src/OpenDefAlgSplitting/benches/scale/corpus/full/random_magma_n16_k1_random_half_i3.model,2.979,DEFINABLE
hit,/home/pventura/src/OpenDefAlgSplitting/benches/scale/corpus/full/random_magma_n16_k1_random_half_i4.model,3.056,DEFINABLE
hit,/home/pventura/src/OpenDefAlgSplitting/benches/scale/corpus/full/random_magma_n16_k1_random_half_i5.model,3.205,DEFINABLE
hit,/home/pventura/src/OpenDefAlgSplitting/benches/scale/corpus/full/random_magma_n16_k1_random_half_i6.model,3.338,DEFINABLE
hit,/home/pventura/src/OpenDefAlgSplitting/benches/scale/corpus/full/random_magma_n16_k1_random_half_i7.model,0.953,NOT_DEFINABLE
hit,/home/pventura/src/OpenDefAlgSplitting/benches/scale/corpus/full/random_magma_n16_k1_random_half_i8.model,1.468,NOT_DEFINABLE
hit,/home/pventura/src/OpenDefAlgSplitting/benches/scale/corpus/full/random_magma_n16_k1_random_half_i9.model,3.359,DEFINABLE
hit,/home/pventura/src/OpenDefAlgSplitting/benches/scale/corpus/full/random_magma_n16_k2_definable_eq_i0.model,1.754,DEFINABLE
hit,/home/pventura/src/OpenDefAlgSplitting/benches/scale/corpus/full/random_magma_n16_k2_definable_eq_i1.model,1.754,DEFINABLE
hit,/home/pventura/src/OpenDefAlgSplitting/benches/scale/corpus/full/random_magma_n16_k2_definable_eq_i10.model,1.806,DEFINABLE
hit,/home/pventura/src/OpenDefAlgSplitting/benches/scale/corpus/full/random_magma_n16_k2_definable_eq_i11.model,1.833,DEFINABLE
hit,/home/pventura/src/OpenDefAlgSplitting/benches/scale/corpus/full/random_magma_n16_k2_definable_eq_i12.model,1.690,DEFINABLE
hit,/home/pventura/src/OpenDefAlgSplitting/benches/scale/corpus/full/random_magma_n16_k2_definable_eq_i13.model,1.671,DEFINABLE
hit,/home/pventura/src/OpenDefAlgSplitting/benches/scale/corpus/full/random_magma_n16_k2_definable_eq_i14.model,1.742,DEFINABLE
hit,/home/pventura/src/OpenDefAlgSplitting/benches/scale/corpus/full/random_magma_n16_k2_definable_eq_i15.model,1.658,DEFINABLE
hit,/home/pventura/src/OpenDefAlgSplitting/benches/scale/corpus/full/random_magma_n16_k2_definable_eq_i16.model,1.758,DEFINABLE
hit,/home/pventura/src/OpenDefAlgSplitting/benches/scale/corpus/full/random_magma_n16_k2_definable_eq_i17.model,1.762,DEFINABLE
hit,/home/pventura/src/OpenDefAlgSplitting/benches/scale/corpus/full/random_magma_n16_k2_definable_eq_i18.model,1.842,DEFINABLE
hit,/home/pventura/src/OpenDefAlgSplitting/benches/scale/corpus/full/random_magma_n16_k2_definable_eq_i19.model,1.672,DEFINABLE
hit,/home/pventura/src/OpenDefAlgSplitting/benches/scale/corpus/full/random_magma_n16_k2_definable_eq_i2.model,1.926,DEFINABLE
hit,/home/pventura/src/OpenDefAlgSplitting/benches/scale/corpus/full/random_magma_n16_k2_definable_eq_i20.model,1.673,DEFINABLE
hit,/home/pventura/src/OpenDefAlgSplitting/benches/scale/corpus/full/random_magma_n16_k2_definable_eq_i21.model,1.706,DEFINABLE
hit,/home/pventura/src/OpenDefAlgSplitting/benches/scale/corpus/full/random_magma_n16_k2_definable_eq_i22.model,1.838,DEFINABLE
hit,/home/pventura/src/OpenDefAlgSplitting/benches/scale/corpus/full/random_magma_n16_k2_definable_eq_i23.model,1.692,DEFINABLE
hit,/home/pventura/src/OpenDefAlgSplitting/benches/scale/corpus/full/random_magma_n16_k2_definable_eq_i24.model,1.848,DEFINABLE
hit,/home/pventura/src/OpenDefAlgSplitting/benches/scale/corpus/full/random_magma_n16_k2_definable_eq_i25.model,1.607,DEFINABLE
hit,/home/pventura/src/OpenDefAlgSplitting/benches/scale/corpus/full/random_magma_n16_k2_definable_eq_i26.model,1.878,DEFINABLE
hit,/home/pventura/src/OpenDefAlgSplitting/benches/scale/corpus/full/random_magma_n16_k2_definable_eq_i27.model,1.721,DEFINABLE
hit,/home/pventura/src/OpenDefAlgSplitting/benches/scale/corpus/full/random_magma_n16_k2_definable_eq_i28.model,1.924,DEFINABLE
hit,/home/pventura/src/OpenDefAlgSplitting/benches/scale/corpus/full/random_magma_n16_k2_definable_eq_i29.model,1.595,DEFINABLE
hit,/home/pventura/src/OpenDefAlgSplitting/benches/scale/corpus/full/random_magma_n16_k2_definable_eq_i3.model,1.667,DEFINABLE
hit,/home/pventura/src/OpenDefAlgSplitting/benches/scale/corpus/full/random_magma_n16_k2_definable_eq_i4.model,1.878,DEFINABLE
hit,/home/pventura/src/OpenDefAlgSplitting/benches/scale/corpus/full/random_magma_n16_k2_definable_eq_i5.model,1.816,DEFINABLE
hit,/home/pventura/src/OpenDefAlgSplitting/benches/scale/corpus/full/random_magma_n16_k2_definable_eq_i6.model,1.690,DEFINABLE
hit,/home/pventura/src/OpenDefAlgSplitting/benches/scale/corpus/full/random_magma_n16_k2_definable_eq_i7.model,1.564,DEFINABLE
hit,/home/pventura/src/OpenDefAlgSplitting/benches/scale/corpus/full/random_magma_n16_k2_definable_eq_i8.model,1.684,DEFINABLE
hit,/home/pventura/src/OpenDefAlgSplitting/benches/scale/corpus/full/random_magma_n16_k2_definable_eq_i9.model,1.870,DEFINABLE
hit,/home/pventura/src/OpenDefAlgSplitting/benches/scale/corpus/full/random_magma_n16_k2_nondef_mix_i0.model,57.262,DEFINABLE
hit,/home/pventura/src/OpenDefAlgSplitting/benches/scale/corpus/full/random_magma_n16_k2_nondef_mix_i1.model,1.545,NOT_DEFINABLE
hit,/home/pventura/src/OpenDefAlgSplitting/benches/scale/corpus/full/random_magma_n16_k2_nondef_mix_i10.model,59.396,DEFINABLE
hit,/home/pventura/src/OpenDefAlgSplitting/benches/scale/corpus/full/random_magma_n16_k2_nondef_mix_i11.model,1.066,NOT_DEFINABLE
hit,/home/pventura/src/OpenDefAlgSplitting/benches/scale/corpus/full/random_magma_n16_k2_nondef_mix_i12.model,57.366,DEFINABLE
hit,/home/pventura/src/OpenDefAlgSplitting/benches/scale/corpus/full/random_magma_n16_k2_nondef_mix_i13.model,56.719,DEFINABLE
hit,/home/pventura/src/OpenDefAlgSplitting/benches/scale/corpus/full/random_magma_n16_k2_nondef_mix_i14.model,55.432,DEFINABLE
hit,/home/pventura/src/OpenDefAlgSplitting/benches/scale/corpus/full/random_magma_n16_k2_nondef_mix_i15.model,55.155,DEFINABLE
hit,/home/pventura/src/OpenDefAlgSplitting/benches/scale/corpus/full/random_magma_n16_k2_nondef_mix_i16.model,57.389,DEFINABLE
hit,/home/pventura/src/OpenDefAlgSplitting/benches/scale/corpus/full/random_magma_n16_k2_nondef_mix_i17.model,55.377,DEFINABLE
hit,/home/pventura/src/OpenDefAlgSplitting/benches/scale/corpus/full/random_magma_n16_k2_nondef_mix_i18.model,0.322,NOT_DEFINABLE
hit,/home/pventura/src/OpenDefAlgSplitting/benches/scale/corpus/full/random_magma_n16_k2_nondef_mix_i19.model,1.300,NOT_DEFINABLE
hit,/home/pventura/src/OpenDefAlgSplitting/benches/scale/corpus/full/random_magma_n16_k2_nondef_mix_i2.model,55.413,DEFINABLE
hit,/home/pventura/src/OpenDefAlgSplitting/benches/scale/corpus/full/random_magma_n16_k2_nondef_mix_i20.model,56.055,DEFINABLE
hit,/home/pventura/src/OpenDefAlgSplitting/benches/scale/corpus/full/random_magma_n16_k2_nondef_mix_i21.model,56.455,DEFINABLE
hit,/home/pventura/src/OpenDefAlgSplitting/benches/scale/corpus/full/random_magma_n16_k2_nondef_mix_i22.model,2.452,NOT_DEFINABLE
hit,/home/pventura/src/OpenDefAlgSplitting/benches/scale/corpus/full/random_magma_n16_k2_nondef_mix_i23.model,0.892,NOT_DEFINABLE
hit,/home/pventura/src/OpenDefAlgSplitting/benches/scale/corpus/full/random_magma_n16_k2_nondef_mix_i24.model,57.546,DEFINABLE
hit,/home/pventura/src/OpenDefAlgSplitting/benches/scale/corpus/full/random_magma_n16_k2_nondef_mix_i25.model,55.683,DEFINABLE
hit,/home/pventura/src/OpenDefAlgSplitting/benches/scale/corpus/full/random_magma_n16_k2_nondef_mix_i26.model,56.635,DEFINABLE
hit,/home/pventura/src/OpenDefAlgSplitting/benches/scale/corpus/full/random_magma_n16_k2_nondef_mix_i27.model,56.142,DEFINABLE
hit,/home/pventura/src/OpenDefAlgSplitting/benches/scale/corpus/full/random_magma_n16_k2_nondef_mix_i28.model,57.047,DEFINABLE
hit,/home/pventura/src/OpenDefAlgSplitting/benches/scale/corpus/full/random_magma_n16_k2_nondef_mix_i29.model,0.163,NOT_DEFINABLE
hit,/home/pventura/src/OpenDefAlgSplitting/benches/scale/corpus/full/random_magma_n16_k2_nondef_mix_i3.model,56.515,DEFINABLE
hit,/home/pventura/src/OpenDefAlgSplitting/benches/scale/corpus/full/random_magma_n16_k2_nondef_mix_i4.model,55.197,DEFINABLE
hit,/home/pventura/src/OpenDefAlgSplitting/benches/scale/corpus/full/random_magma_n16_k2_nondef_mix_i5.model,55.909,DEFINABLE
hit,/home/pventura/src/OpenDefAlgSplitting/benches/scale/corpus/full/random_magma_n16_k2_nondef_mix_i6.model,58.780,DEFINABLE
hit,/home/pventura/src/OpenDefAlgSplitting/benches/scale/corpus/full/random_magma_n16_k2_nondef_mix_i7.model,56.331,DEFINABLE
hit,/home/pventura/src/OpenDefAlgSplitting/benches/scale/corpus/full/random_magma_n16_k2_nondef_mix_i8.model,1.169,NOT_DEFINABLE
hit,/home/pventura/src/OpenDefAlgSplitting/benches/scale/corpus/full/random_magma_n16_k2_nondef_mix_i9.model,57.913,DEFINABLE
hit,/home/pventura/src/OpenDefAlgSplitting/benches/scale/corpus/full/random_magma_n16_k2_random_half_i0.model,1.297,NOT_DEFINABLE
hit,/home/pventura/src/OpenDefAlgSplitting/benches/scale/corpus/full/random_magma_n16_k2_random_half_i1.model,56.747,DEFINABLE
hit,/home/pventura/src/OpenDefAlgSplitting/benches/scale/corpus/full/random_magma_n16_k2_random_half_i10.model,57.564,DEFINABLE
hit,/home/pventura/src/OpenDefAlgSplitting/benches/scale/corpus/full/random_magma_n16_k2_random_half_i11.model,57.018,DEFINABLE
hit,/home/pventura/src/OpenDefAlgSplitting/benches/scale/corpus/full/random_magma_n16_k2_random_half_i12.model,57.797,DEFINABLE
hit,/home/pventura/src/OpenDefAlgSplitting/benches/scale/corpus/full/random_magma_n16_k2_random_half_i13.model,54.213,DEFINABLE
hit,/home/pventura/src/OpenDefAlgSplitting/benches/scale/corpus/full/random_magma_n16_k2_random_half_i14.model,55.493,DEFINABLE
hit,/home/pventura/src/OpenDefAlgSplitting/benches/scale/corpus/full/random_magma_n16_k2_random_half_i15.model,1.129,NOT_DEFINABLE
hit,/home/pventura/src/OpenDefAlgSplitting/benches/scale/corpus/full/random_magma_n16_k2_random_half_i16.model,55.510,DEFINABLE
hit,/home/pventura/src/OpenDefAlgSplitting/benches/scale/corpus/full/random_magma_n16_k2_random_half_i17.model,1.399,NOT_DEFINABLE
hit,/home/pventura/src/OpenDefAlgSplitting/benches/scale/corpus/full/random_magma_n16_k2_random_half_i18.model,55.485,DEFINABLE
hit,/home/pventura/src/OpenDefAlgSplitting/benches/scale/corpus/full/random_magma_n16_k2_random_half_i19.model,57.283,DEFINABLE
hit,/home/pventura/src/OpenDefAlgSplitting/benches/scale/corpus/full/random_magma_n16_k2_random_half_i2.model,55.457,DEFINABLE
hit,/home/pventura/src/OpenDefAlgSplitting/benches/scale/corpus/full/random_magma_n16_k2_random_half_i20.model,59.251,DEFINABLE
hit,/home/pventura/src/OpenDefAlgSplitting/benches/scale/corpus/full/random_magma_n16_k2_random_half_i21.model,0.622,NOT_DEFINABLE
hit,/home/pventura/src/OpenDefAlgSplitting/benches/scale/corpus/full/random_magma_n16_k2_random_half_i22.model,1.586,NOT_DEFINABLE
hit,/home/pventura/src/OpenDefAlgSplitting/benches/scale/corpus/full/random_magma_n16_k2_random_half_i23.model,56.979,DEFINABLE
hit,/home/pventura/src/OpenDefAlgSplitting/benches/scale/corpus/full/random_magma_n16_k2_random_half_i24.model,57.306,DEFINABLE
hit,/home/pventura/src/OpenDefAlgSplitting/benches/scale/corpus/full/random_magma_n16_k2_random_half_i25.model,1.170,NOT_DEFINABLE
hit,/home/pventura/src/OpenDefAlgSplitting/benches/scale/corpus/full/random_magma_n16_k2_random_half_i26.model,54.285,DEFINABLE
hit,/home/pventura/src/OpenDefAlgSplitting/benches/scale/corpus/full/random_magma_n16_k2_random_half_i27.model,58.020,DEFINABLE
hit,/home/pventura/src/OpenDefAlgSplitting/benches/scale/corpus/full/random_magma_n16_k2_random_half_i28.model,56.276,DEFINABLE
hit,/home/pventura/src/OpenDefAlgSplitting/benches/scale/corpus/full/random_magma_n16_k2_random_half_i29.model,54.003,DEFINABLE
hit,/home/pventura/src/OpenDefAlgSplitting/benches/scale/corpus/full/random_magma_n16_k2_random_half_i3.model,56.542,DEFINABLE
hit,/home/pventura/src/OpenDefAlgSplitting/benches/scale/corpus/full/random_magma_n16_k2_random_half_i4.model,54.214,DEFINABLE
hit,/home/pventura/src/OpenDefAlgSplitting/benches/scale/corpus/full/random_magma_n16_k2_random_half_i5.model,56.622,DEFINABLE
hit,/home/pventura/src/OpenDefAlgSplitting/benches/scale/corpus/full/random_magma_n16_k2_random_half_i6.model,56.140,DEFINABLE
hit,/home/pventura/src/OpenDefAlgSplitting/benches/scale/corpus/full/random_magma_n16_k2_random_half_i7.model,57.519,DEFINABLE
hit,/home/pventura/src/OpenDefAlgSplitting/benches/scale/corpus/full/random_magma_n16_k2_random_half_i8.model,57.053,DEFINABLE
hit,/home/pventura/src/OpenDefAlgSplitting/benches/scale/corpus/full/random_magma_n16_k2_random_half_i9.model,55.407,DEFINABLE
hit,/home/pventura/src/OpenDefAlgSplitting/benches/scale/corpus/full/random_magma_n32_k1_definable_eq_i0.model,0.173,NOT_DEFINABLE
hit,/home/pventura/src/OpenDefAlgSplitting/benches/scale/corpus/full/random_magma_n32_k1_definable_eq_i1.model,20.324,DEFINABLE
hit,/home/pventura/src/OpenDefAlgSplitting/benches/scale/corpus/full/random_magma_n32_k1_definable_eq_i10.model,20.308,DEFINABLE
hit,/home/pventura/src/OpenDefAlgSplitting/benches/scale/corpus/full/random_magma_n32_k1_definable_eq_i11.model,20.901,DEFINABLE
hit,/home/pventura/src/OpenDefAlgSplitting/benches/scale/corpus/full/random_magma_n32_k1_definable_eq_i12.model,19.142,DEFINABLE
hit,/home/pventura/src/OpenDefAlgSplitting/benches/scale/corpus/full/random_magma_n32_k1_definable_eq_i13.model,20.513,DEFINABLE
hit,/home/pventura/src/OpenDefAlgSplitting/benches/scale/corpus/full/random_magma_n32_k1_definable_eq_i14.model,20.977,DEFINABLE
hit,/home/pventura/src/OpenDefAlgSplitting/benches/scale/corpus/full/random_magma_n32_k1_definable_eq_i15.model,20.624,DEFINABLE
hit,/home/pventura/src/OpenDefAlgSplitting/benches/scale/corpus/full/random_magma_n32_k1_definable_eq_i16.model,20.683,DEFINABLE
hit,/home/pventura/src/OpenDefAlgSplitting/benches/scale/corpus/full/random_magma_n32_k1_definable_eq_i17.model,19.487,DEFINABLE
hit,/home/pventura/src/OpenDefAlgSplitting/benches/scale/corpus/full/random_magma_n32_k1_definable_eq_i18.model,20.194,DEFINABLE
hit,/home/pventura/src/OpenDefAlgSplitting/benches/scale/corpus/full/random_magma_n32_k1_definable_eq_i19.model,21.572,DEFINABLE
hit,/home/pventura/src/OpenDefAlgSplitting/benches/scale/corpus/full/random_magma_n32_k1_definable_eq_i2.model,20.952,DEFINABLE
hit,/home/pventura/src/OpenDefAlgSplitting/benches/scale/corpus/full/random_magma_n32_k1_definable_eq_i20.model,20.500,DEFINABLE
hit,/home/pventura/src/OpenDefAlgSplitting/benches/scale/corpus/full/random_magma_n32_k1_definable_eq_i21.model,20.492,DEFINABLE
hit,/home/pventura/src/OpenDefAlgSplitting/benches/scale/corpus/full/random_magma_n32_k1_definable_eq_i22.model,20.938,DEFINABLE
hit,/home/pventura/src/OpenDefAlgSplitting/benches/scale/corpus/full/random_magma_n32_k1_definable_eq_i23.model,20.691,DEFINABLE
hit,/home/pventura/src/OpenDefAlgSplitting/benches/scale/corpus/full/random_magma_n32_k1_definable_eq_i24.model,21.875,DEFINABLE
hit,/home/pventura/src/OpenDefAlgSplitting/benches/scale/corpus/full/random_magma_n32_k1_definable_eq_i25.model,20.931,DEFINABLE
hit,/home/pventura/src/OpenDefAlgSplitting/benches/scale/corpus/full/random_magma_n32_k1_definable_eq_i26.model,19.884,DEFINABLE
hit,/home/pventura/src/OpenDefAlgSplitting/benches/scale/corpus/full/random_magma_n32_k1_definable_eq_i27.model,20.011,DEFINABLE
hit,/home/pventura/src/OpenDefAlgSplitting/benches/scale/corpus/full/random_magma_n32_k1_definable_eq_i28.model,19.638,DEFINABLE
hit,/home/pventura/src/OpenDefAlgSplitting/benches/scale/corpus/full/random_magma_n32_k1_definable_eq_i29.model,21.105,DEFINABLE
hit,/home/pventura/src/OpenDefAlgSplitting/benches/scale/corpus/full/random_magma_n32_k1_definable_eq_i3.model,19.912,DEFINABLE
hit,/home/pventura/src/OpenDefAlgSplitting/benches/scale/corpus/full/random_magma_n32_k1_definable_eq_i4.model,20.535,DEFINABLE
hit,/home/pventura/src/OpenDefAlgSplitting/benches/scale/corpus/full/random_magma_n32_k1_definable_eq_i5.model,21.109,DEFINABLE
hit,/home/pventura/src/OpenDefAlgSplitting/benches/scale/corpus/full/random_magma_n32_k1_definable_eq_i6.model,20.647,DEFINABLE
hit,/home/pventura/src/OpenDefAlgSplitting/benches/scale/corpus/full/random_magma_n32_k1_definable_eq_i7.model,19.444,DEFINABLE
hit,/home/pventura/src/OpenDefAlgSplitting/benches/scale/corpus/full/random_magma_n32_k1_definable_eq_i8.model,21.538,DEFINABLE
hit,/home/pventura/src/OpenDefAlgSplitting/benches/scale/corpus/full/random_magma_n32_k1_definable_eq_i9.model,20.806,DEFINABLE
hit,/home/pventura/src/OpenDefAlgSplitting/benches/scale/corpus/full/random_magma_n32_k1_nondef_mix_i0.model,21.603,DEFINABLE
hit,/home/pventura/src/OpenDefAlgSplitting/benches/scale/corpus/full/random_magma_n32_k1_nondef_mix_i1.model,19.812,DEFINABLE
hit,/home/pventura/src/OpenDefAlgSplitting/benches/scale/corpus/full/random_magma_n32_k1_nondef_mix_i10.model,20.780,DEFINABLE
hit,/home/pventura/src/OpenDefAlgSplitting/benches/scale/corpus/full/random_magma_n32_k1_nondef_mix_i11.model,21.321,DEFINABLE
hit,/home/pventura/src/OpenDefAlgSplitting/benches/scale/corpus/full/random_magma_n32_k1_nondef_mix_i12.model,20.203,DEFINABLE
hit,/home/pventura/src/OpenDefAlgSplitting/benches/scale/corpus/full/random_magma_n32_k1_nondef_mix_i13.model,20.762,DEFINABLE
hit,/home/pventura/src/OpenDefAlgSplitting/benches/scale/corpus/full/random_magma_n32_k1_nondef_mix_i14.model,20.935,DEFINABLE
hit,/home/pventura/src/OpenDefAlgSplitting/benches/scale/corpus/full/random_magma_n32_k1_nondef_mix_i15.model,20.879,DEFINABLE
hit,/home/pventura/src/OpenDefAlgSplitting/benches/scale/corpus/full/random_magma_n32_k1_nondef_mix_i16.model,20.047,DEFINABLE
hit,/home/pventura/src/OpenDefAlgSplitting/benches/scale/corpus/full/random_magma_n32_k1_nondef_mix_i17.model,21.040,DEFINABLE
hit,/home/pventura/src/OpenDefAlgSplitting/benches/scale/corpus/full/random_magma_n32_k1_nondef_mix_i18.model,20.417,DEFINABLE
hit,/home/pventura/src/OpenDefAlgSplitting/benches/scale/corpus/full/random_magma_n32_k1_nondef_mix_i19.model,20.617,DEFINABLE
hit,/home/pventura/src/OpenDefAlgSplitting/benches/scale/corpus/full/random_magma_n32_k1_nondef_mix_i2.model,20.490,DEFINABLE
hit,/home/pventura/src/OpenDefAlgSplitting/benches/scale/corpus/full/random_magma_n32_k1_nondef_mix_i20.model,19.619,DEFINABLE
hit,/home/pventura/src/OpenDefAlgSplitting/benches/scale/corpus/full/random_magma_n32_k1_nondef_mix_i21.model,21.013,DEFINABLE
hit,/home/pventura/src/OpenDefAlgSplitting/benches/scale/corpus/full/random_magma_n32_k1_nondef_mix_i22.model,21.244,DEFINABLE
hit,/home/pventura/src/OpenDefAlgSplitting/benches/scale/corpus/full/random_magma_n32_k1_nondef_mix_i23.model,6.475,NOT_DEFINABLE
hit,/home/pventura/src/OpenDefAlgSplitting/benches/scale/corpus/full/random_magma_n32_k1_nondef_mix_i24.model,22.647,DEFINABLE
hit,/home/pventura/src/OpenDefAlgSplitting/benches/scale/corpus/full/random_magma_n32_k1_nondef_mix_i25.model,20.176,DEFINABLE
hit,/home/pventura/src/OpenDefAlgSplitting/benches/scale/corpus/full/random_magma_n32_k1_nondef_mix_i26.model,19.442,DEFINABLE
hit,/home/pventura/src/OpenDefAlgSplitting/benches/scale/corpus/full/random_magma_n32_k1_nondef_mix_i27.model,21.046,DEFINABLE
hit,/home/pventura/src/OpenDefAlgSplitting/benches/scale/corpus/full/random_magma_n32_k1_nondef_mix_i28.model,20.351,DEFINABLE
hit,/home/pventura/src/OpenDefAlgSplitting/benches/scale/corpus/full/random_magma_n32_k1_nondef_mix_i29.model,7.999,NOT_DEFINABLE
hit,/home/pventura/src/OpenDefAlgSplitting/benches/scale/corpus/full/random_magma_n32_k1_nondef_mix_i3.model,20.796,DEFINABLE
hit,/home/pventura/src/OpenDefAlgSplitting/benches/scale/corpus/full/random_magma_n32_k1_nondef_mix_i4.model,21.054,DEFINABLE
hit,/home/pventura/src/OpenDefAlgSplitting/benches/scale/corpus/full/random_magma_n32_k1_nondef_mix_i5.model,20.680,DEFINABLE
hit,/home/pventura/src/OpenDefAlgSplitting/benches/scale/corpus/full/random_magma_n32_k1_nondef_mix_i6.model,20.568,DEFINABLE
hit,/home/pventura/src/OpenDefAlgSplitting/benches/scale/corpus/full/random_magma_n32_k1_nondef_mix_i7.model,21.026,DEFINABLE
hit,/home/pventura/src/OpenDefAlgSplitting/benches/scale/corpus/full/random_magma_n32_k1_nondef_mix_i8.model,20.014,DEFINABLE
hit,/home/pventura/src/OpenDefAlgSplitting/benches/scale/corpus/full/random_magma_n32_k1_nondef_mix_i9.model,19.317,DEFINABLE
hit,/home/pventura/src/OpenDefAlgSplitting/benches/scale/corpus/full/random_magma_n32_k1_random_half_i0.model,10.609,NOT_DEFINABLE
hit,/home/pventura/src/OpenDefAlgSplitting/benches/scale/corpus/full/random_magma_n32_k1_random_half_i1.model,20.701,DEFINABLE
hit,/home/pventura/src/OpenDefAlgSplitting/benches/scale/corpus/full/random_magma_n32_k1_random_half_i10.model,21.090,DEFINABLE
hit,/home/pventura/src/OpenDefAlgSplitting/benches/scale/corpus/full/random_magma_n32_k1_random_half_i11.model,21.394,DEFINABLE
hit,/home/pventura/src/OpenDefAlgSplitting/benches/scale/corpus/full/random_magma_n32_k1_random_half_i12.model,20.428,DEFINABLE
hit,/home/pventura/src/OpenDefAlgSplitting/benches/scale/corpus/full/random_magma_n32_k1_random_half_i13.model,19.639,DEFINABLE
hit,/home/pventura/src/OpenDefAlgSplitting/benches/scale/corpus/full/random_magma_n32_k1_random_half_i14.model,21.250,DEFINABLE
hit,/home/pventura/src/OpenDefAlgSplitting/benches/scale/corpus/full/random_magma_n32_k1_random_half_i15.model,9.178,NOT_DEFINABLE
hit,/home/pventura/src/OpenDefAlgSplitting/benches/scale/corpus/full/random_magma_n32_k1_random_half_i16.model,20.707,DEFINABLE
hit,/home/pventura/src/OpenDefAlgSplitting/benches/scale/corpus/full/random_magma_n32_k1_random_half_i17.model,21.120,DEFINABLE
hit,/home/pventura/src/OpenDefAlgSplitting/benches/scale/corpus/full/random_magma_n32_k1_random_half_i18.model,20.972,DEFINABLE
hit,/home/pventura/src/OpenDefAlgSplitting/benches/scale/corpus/full/random_magma_n32_k1_random_half_i19.model,19.674,DEFINABLE
hit,/home/pventura/src/OpenDefAlgSplitting/benches/scale/corpus/full/random_magma_n32_k1_random_half_i2.model,20.387,DEFINABLE
hit,/home/pventura/src/OpenDefAlgSplitting/benches/scale/corpus/full/random_magma_n32_k1_random_half_i20.model,20.455,DEFINABLE
hit,/home/pventura/src/OpenDefAlgSplitting/benches/scale/corpus/full/random_magma_n32_k1_random_half_i21.model,20.927,DEFINABLE
hit,/home/pventura/src/OpenDefAlgSplitting/benches/scale/corpus/full/random_magma_n32_k1_random_half_i22.model,19.659,DEFINABLE
hit,/home/pventura/src/OpenDefAlgSplitting/benches/scale/corpus/full/random_magma_n32_k1_random_half_i23.model,20.467,DEFINABLE
hit,/home/pventura/src/OpenDefAlgSplitting/benches/scale/corpus/full/random_magma_n32_k1_random_half_i24.model,20.097,DEFINABLE
hit,/home/pventura/src/OpenDefAlgSplitting/benches/scale/corpus/full/random_magma_n32_k1_random_half_i25.model,21.176,DEFINABLE
hit,/home/pventura/src/OpenDefAlgSplitting/benches/scale/corpus/full/random_magma_n32_k1_random_half_i26.model,19.905,DEFINABLE
hit,/home/pventura/src/OpenDefAlgSplitting/benches/scale/corpus/full/random_magma_n32_k1_random_half_i27.model,1.379,NOT_DEFINABLE
hit,/home/pventura/src/OpenDefAlgSplitting/benches/scale/corpus/full/random_magma_n32_k1_random_half_i28.model,18.914,DEFINABLE
hit,/home/pventura/src/OpenDefAlgSplitting/benches/scale/corpus/full/random_magma_n32_k1_random_half_i29.model,20.325,DEFINABLE
hit,/home/pventura/src/OpenDefAlgSplitting/benches/scale/corpus/full/random_magma_n32_k1_random_half_i3.model,19.144,DEFINABLE
hit,/home/pventura/src/OpenDefAlgSplitting/benches/scale/corpus/full/random_magma_n32_k1_random_half_i4.model,20.402,DEFINABLE
hit,/home/pventura/src/OpenDefAlgSplitting/benches/scale/corpus/full/random_magma_n32_k1_random_half_i5.model,20.807,DEFINABLE
hit,/home/pventura/src/OpenDefAlgSplitting/benches/scale/corpus/full/random_magma_n32_k1_random_half_i6.model,20.620,DEFINABLE
hit,/home/pventura/src/OpenDefAlgSplitting/benches/scale/corpus/full/random_magma_n32_k1_random_half_i7.model,21.619,DEFINABLE
hit,/home/pventura/src/OpenDefAlgSplitting/benches/scale/corpus/full/random_magma_n32_k1_random_half_i8.model,21.037,DEFINABLE
hit,/home/pventura/src/OpenDefAlgSplitting/benches/scale/corpus/full/random_magma_n32_k1_random_half_i9.model,19.608,DEFINABLE
hit,/home/pventura/src/OpenDefAlgSplitting/benches/scale/corpus/full/random_magma_n32_k2_definable_eq_i0.model,10.243,DEFINABLE
hit,/home/pventura/src/OpenDefAlgSplitting/benches/scale/corpus/full/random_magma_n32_k2_definable_eq_i1.model,11.733,DEFINABLE
hit,/home/pventura/src/OpenDefAlgSplitting/benches/scale/corpus/full/random_magma_n32_k2_definable_eq_i10.model,11.312,DEFINABLE
hit,/home/pventura/src/OpenDefAlgSplitting/benches/scale/corpus/full/random_magma_n32_k2_definable_eq_i11.model,11.070,DEFINABLE
hit,/home/pventura/src/OpenDefAlgSplitting/benches/scale/corpus/full/random_magma_n32_k2_definable_eq_i12.model,11.025,DEFINABLE
hit,/home/pventura/src/OpenDefAlgSplitting/benches/scale/corpus/full/random_magma_n32_k2_definable_eq_i13.model,11.774,DEFINABLE
hit,/home/pventura/src/OpenDefAlgSplitting/benches/scale/corpus/full/random_magma_n32_k2_definable_eq_i14.model,10.565,DEFINABLE
hit,/home/pventura/src/OpenDefAlgSplitting/benches/scale/corpus/full/random_magma_n32_k2_definable_eq_i15.model,11.721,DEFINABLE
hit,/home/pventura/src/OpenDefAlgSplitting/benches/scale/corpus/full/random_magma_n32_k2_definable_eq_i16.model,10.663,DEFINABLE
hit,/home/pventura/src/OpenDefAlgSplitting/benches/scale/corpus/full/random_magma_n32_k2_definable_eq_i17.model,11.554,DEFINABLE
hit,/home/pventura/src/OpenDefAlgSplitting/benches/scale/corpus/full/random_magma_n32_k2_definable_eq_i18.model,12.283,DEFINABLE
hit,/home/pventura/src/OpenDefAlgSplitting/benches/scale/corpus/full/random_magma_n32_k2_definable_eq_i19.model,11.175,DEFINABLE
hit,/home/pventura/src/OpenDefAlgSplitting/benches/scale/corpus/full/random_magma_n32_k2_definable_eq_i2.model,10.974,DEFINABLE
hit,/home/pventura/src/OpenDefAlgSplitting/benches/scale/corpus/full/random_magma_n32_k2_definable_eq_i20.model,11.396,DEFINABLE
hit,/home/pventura/src/OpenDefAlgSplitting/benches/scale/corpus/full/random_magma_n32_k2_definable_eq_i21.model,11.325,DEFINABLE
hit,/home/pventura/src/OpenDefAlgSplitting/benches/scale/corpus/full/random_magma_n32_k2_definable_eq_i22.model,11.477,DEFINABLE
hit,/home/pventura/src/OpenDefAlgSplitting/benches/scale/corpus/full/random_magma_n32_k2_definable_eq_i23.model,11.376,DEFINABLE
hit,/home/pventura/src/OpenDefAlgSplitting/benches/scale/corpus/full/random_magma_n32_k2_definable_eq_i24.model,11.790,DEFINABLE
hit,/home/pventura/src/OpenDefAlgSplitting/benches/scale/corpus/full/random_magma_n32_k2_definable_eq_i25.model,11.712,DEFINABLE
hit,/home/pventura/src/OpenDefAlgSplitting/benches/scale/corpus/full/random_magma_n32_k2_definable_eq_i26.model,11.794,DEFINABLE
hit,/home/pventura/src/OpenDefAlgSplitting/benches/scale/corpus/full/random_magma_n32_k2_definable_eq_i27.model,11.504,DEFINABLE
hit,/home/pventura/src/OpenDefAlgSplitting/benches/scale/corpus/full/random_magma_n32_k2_definable_eq_i28.model,11.776,DEFINABLE
hit,/home/pventura/src/OpenDefAlgSplitting/benches/scale/corpus/full/random_magma_n32_k2_definable_eq_i29.model,11.412,DEFINABLE
hit,/home/pventura/src/OpenDefAlgSplitting/benches/scale/corpus/full/random_magma_n32_k2_definable_eq_i3.model,11.646,DEFINABLE
hit,/home/pventura/src/OpenDefAlgSplitting/benches/scale/corpus/full/random_magma_n32_k2_definable_eq_i4.model,11.817,DEFINABLE
hit,/home/pventura/src/OpenDefAlgSplitting/benches/scale/corpus/full/random_magma_n32_k2_definable_eq_i5.model,11.674,DEFINABLE
hit,/home/pventura/src/OpenDefAlgSplitting/benches/scale/corpus/full/random_magma_n32_k2_definable_eq_i6.model,12.015,DEFINABLE
hit,/home/pventura/src/OpenDefAlgSplitting/benches/scale/corpus/full/random_magma_n32_k2_definable_eq_i7.model,11.796,DEFINABLE
hit,/home/pventura/src/OpenDefAlgSplitting/benches/scale/corpus/full/random_magma_n32_k2_definable_eq_i8.model,12.083,DEFINABLE
hit,/home/pventura/src/OpenDefAlgSplitting/benches/scale/corpus/full/random_magma_n32_k2_definable_eq_i9.model,11.190,DEFINABLE
hit,/home/pventura/src/OpenDefAlgSplitting/benches/scale/corpus/full/random_magma_n32_k2_nondef_mix_i0.model,398.300,DEFINABLE
hit,/home/pventura/src/OpenDefAlgSplitting/benches/scale/corpus/full/random_magma_n32_k2_nondef_mix_i1.model,388.797,DEFINABLE
hit,/home/pventura/src/OpenDefAlgSplitting/benches/scale/corpus/full/random_magma_n32_k2_nondef_mix_i10.model,391.975,DEFINABLE
hit,/home/pventura/src/OpenDefAlgSplitting/benches/scale/corpus/full/random_magma_n32_k2_nondef_mix_i11.model,396.929,DEFINABLE
hit,/home/pventura/src/OpenDefAlgSplitting/benches/scale/corpus/full/random_magma_n32_k2_nondef_mix_i12.model,397.407,DEFINABLE
hit,/home/pventura/src/OpenDefAlgSplitting/benches/scale/corpus/full/random_magma_n32_k2_nondef_mix_i13.model,399.435,DEFINABLE
hit,/home/pventura/src/OpenDefAlgSplitting/benches/scale/corpus/full/random_magma_n32_k2_nondef_mix_i14.model,9.407,NOT_DEFINABLE
hit,/home/pventura/src/OpenDefAlgSplitting/benches/scale/corpus/full/random_magma_n32_k2_nondef_mix_i15.model,395.798,DEFINABLE
hit,/home/pventura/src/OpenDefAlgSplitting/benches/scale/corpus/full/random_magma_n32_k2_nondef_mix_i16.model,394.822,DEFINABLE
hit,/home/pventura/src/OpenDefAlgSplitting/benches/scale/corpus/full/random_magma_n32_k2_nondef_mix_i17.model,9.943,NOT_DEFINABLE
hit,/home/pventura/src/OpenDefAlgSplitting/benches/scale/corpus/full/random_magma_n32_k2_nondef_mix_i18.model,396.238,DEFINABLE
hit,/home/pventura/src/OpenDefAlgSplitting/benches/scale/corpus/full/random_magma_n32_k2_nondef_mix_i19.model,393.637,DEFINABLE
hit,/home/pventura/src/OpenDefAlgSplitting/benches/scale/corpus/full/random_magma_n32_k2_nondef_mix_i2.model,399.823,DEFINABLE
hit,/home/pventura/src/OpenDefAlgSplitting/benches/scale/corpus/full/random_magma_n32_k2_nondef_mix_i20.model,397.211,DEFINABLE
hit,/home/pventura/src/OpenDefAlgSplitting/benches/scale/corpus/full/random_magma_n32_k2_nondef_mix_i21.model,393.651,DEFINABLE
hit,/home/pventura/src/OpenDefAlgSplitting/benches/scale/corpus/full/random_magma_n32_k2_nondef_mix_i22.model,394.471,DEFINABLE
hit,/home/pventura/src/OpenDefAlgSplitting/benches/scale/corpus/full/random_magma_n32_k2_nondef_mix_i23.model,392.486,DEFINABLE
hit,/home/pventura/src/OpenDefAlgSplitting/benches/scale/corpus/full/random_magma_n32_k2_nondef_mix_i24.model,394.509,DEFINABLE
hit,/home/pventura/src/OpenDefAlgSplitting/benches/scale/corpus/full/random_magma_n32_k2_nondef_mix_i25.model,389.784,DEFINABLE
hit,/home/pventura/src/OpenDefAlgSplitting/benches/scale/corpus/full/random_magma_n32_k2_nondef_mix_i26.model,393.397,DEFINABLE
hit,/home/pventura/src/OpenDefAlgSplitting/benches/scale/corpus/full/random_magma_n32_k2_nondef_mix_i27.model,395.290,DEFINABLE
hit,/home/pventura/src/OpenDefAlgSplitting/benches/scale/corpus/full/random_magma_n32_k2_nondef_mix_i28.model,395.614,DEFINABLE
hit,/home/pventura/src/OpenDefAlgSplitting/benches/scale/corpus/full/random_magma_n32_k2_nondef_mix_i29.model,394.403,DEFINABLE
hit,/home/pventura/src/OpenDefAlgSplitting/benches/scale/corpus/full/random_magma_n32_k2_nondef_mix_i3.model,397.672,DEFINABLE
hit,/home/pventura/src/OpenDefAlgSplitting/benches/scale/corpus/full/random_magma_n32_k2_nondef_mix_i4.model,397.001,DEFINABLE
hit,/home/pventura/src/OpenDefAlgSplitting/benches/scale/corpus/full/random_magma_n32_k2_nondef_mix_i5.model,395.180,DEFINABLE
hit,/home/pventura/src/OpenDefAlgSplitting/benches/scale/corpus/full/random_magma_n32_k2_nondef_mix_i6.model,399.167,DEFINABLE
hit,/home/pventura/src/OpenDefAlgSplitting/benches/scale/corpus/full/random_magma_n32_k2_nondef_mix_i7.model,394.651,DEFINABLE
hit,/home/pventura/src/OpenDefAlgSplitting/benches/scale/corpus/full/random_magma_n32_k2_nondef_mix_i8.model,397.661,DEFINABLE
hit,/home/pventura/src/OpenDefAlgSplitting/benches/scale/corpus/full/random_magma_n32_k2_nondef_mix_i9.model,394.816,DEFINABLE
hit,/home/pventura/src/OpenDefAlgSplitting/benches/scale/corpus/full/random_magma_n32_k2_random_half_i0.model,399.851,DEFINABLE
hit,/home/pventura/src/OpenDefAlgSplitting/benches/scale/corpus/full/random_magma_n32_k2_random_half_i1.model,398.127,DEFINABLE
hit,/home/pventura/src/OpenDefAlgSplitting/benches/scale/corpus/full/random_magma_n32_k2_random_half_i10.model,393.329,DEFINABLE
hit,/home/pventura/src/OpenDefAlgSplitting/benches/scale/corpus/full/random_magma_n32_k2_random_half_i11.model,391.801,DEFINABLE
hit,/home/pventura/src/OpenDefAlgSplitting/benches/scale/corpus/full/random_magma_n32_k2_random_half_i12.model,397.682,DEFINABLE
hit,/home/pventura/src/OpenDefAlgSplitting/benches/scale/corpus/full/random_magma_n32_k2_random_half_i13.model,392.456,DEFINABLE
hit,/home/pventura/src/OpenDefAlgSplitting/benches/scale/corpus/full/random_magma_n32_k2_random_half_i14.model,401.609,DEFINABLE
hit,/home/pventura/src/OpenDefAlgSplitting/benches/scale/corpus/full/random_magma_n32_k2_random_half_i15.model,397.404,DEFINABLE
hit,/home/pventura/src/OpenDefAlgSplitting/benches/scale/corpus/full/random_magma_n32_k2_random_half_i16.model,395.075,DEFINABLE
hit,/home/pventura/src/OpenDefAlgSplitting/benches/scale/corpus/full/random_magma_n32_k2_random_half_i17.model,10.082,NOT_DEFINABLE
hit,/home/pventura/src/OpenDefAlgSplitting/benches/scale/corpus/full/random_magma_n32_k2_random_half_i18.model,400.546,DEFINABLE
hit,/home/pventura/src/OpenDefAlgSplitting/benches/scale/corpus/full/random_magma_n32_k2_random_half_i19.model,392.875,DEFINABLE
hit,/home/pventura/src/OpenDefAlgSplitting/benches/scale/corpus/full/random_magma_n32_k2_random_half_i2.model,391.231,DEFINABLE
hit,/home/pventura/src/OpenDefAlgSplitting/benches/scale/corpus/full/random_magma_n32_k2_random_half_i20.model,398.752,DEFINABLE
hit,/home/pventura/src/OpenDefAlgSplitting/benches/scale/corpus/full/random_magma_n32_k2_random_half_i21.model,2.751,NOT_DEFINABLE
hit,/home/pventura/src/OpenDefAlgSplitting/benches/scale/corpus/full/random_magma_n32_k2_random_half_i22.model,397.198,DEFINABLE
hit,/home/pventura/src/OpenDefAlgSplitting/benches/scale/corpus/full/random_magma_n32_k2_random_half_i23.model,398.215,DEFINABLE
hit,/home/pventura/src/OpenDefAlgSplitting/benches/scale/corpus/full/random_magma_n32_k2_random_half_i24.model,402.074,DEFINABLE
hit,/home/pventura/src/OpenDefAlgSplitting/benches/scale/corpus/full/random_magma_n32_k2_random_half_i25.model,399.158,DEFINABLE
hit,/home/pventura/src/OpenDefAlgSplitting/benches/scale/corpus/full/random_magma_n32_k2_random_half_i26.model,394.580,DEFINABLE
hit,/home/pventura/src/OpenDefAlgSplitting/benches/scale/corpus/full/random_magma_n32_k2_random_half_i27.model,392.353,DEFINABLE
hit,/home/pventura/src/OpenDefAlgSplitting/benches/scale/corpus/full/random_magma_n32_k2_random_half_i28.model,398.064,DEFINABLE
hit,/home/pventura/src/OpenDefAlgSplitting/benches/scale/corpus/full/random_magma_n32_k2_random_half_i29.model,395.334,DEFINABLE
hit,/home/pventura/src/OpenDefAlgSplitting/benches/scale/corpus/full/random_magma_n32_k2_random_half_i3.model,396.702,DEFINABLE
hit,/home/pventura/src/OpenDefAlgSplitting/benches/scale/corpus/full/random_magma_n32_k2_random_half_i4.model,398.158,DEFINABLE
hit,/home/pventura/src/OpenDefAlgSplitting/benches/scale/corpus/full/random_magma_n32_k2_random_half_i5.model,392.221,DEFINABLE
hit,/home/pventura/src/OpenDefAlgSplitting/benches/scale/corpus/full/random_magma_n32_k2_random_half_i6.model,400.206,DEFINABLE
hit,/home/pventura/src/OpenDefAlgSplitting/benches/scale/corpus/full/random_magma_n32_k2_random_half_i7.model,394.734,DEFINABLE
hit,/home/pventura/src/OpenDefAlgSplitting/benches/scale/corpus/full/random_magma_n32_k2_random_half_i8.model,395.094,DEFINABLE
hit,/home/pventura/src/OpenDefAlgSplitting/benches/scale/corpus/full/random_magma_n32_k2_random_half_i9.model,394.956,DEFINABLE
hit,/home/pventura/src/OpenDefAlgSplitting/benches/scale/corpus/full/random_magma_n4_k1_definable_eq_i0.model,0.467,DEFINABLE
hit,/home/pventura/src/OpenDefAlgSplitting/benches/scale/corpus/full/random_magma_n4_k1_definable_eq_i1.model,0.507,DEFINABLE
hit,/home/pventura/src/OpenDefAlgSplitting/benches/scale/corpus/full/random_magma_n4_k1_definable_eq_i10.model,0.469,DEFINABLE
hit,/home/pventura/src/OpenDefAlgSplitting/benches/scale/corpus/full/random_magma_n4_k1_definable_eq_i11.model,0.213,NOT_DEFINABLE
hit,/home/pventura/src/OpenDefAlgSplitting/benches/scale/corpus/full/random_magma_n4_k1_definable_eq_i12.model,0.537,DEFINABLE
hit,/home/pventura/src/OpenDefAlgSplitting/benches/scale/corpus/full/random_magma_n4_k1_definable_eq_i13.model,0.163,NOT_DEFINABLE
hit,/home/pventura/src/OpenDefAlgSplitting/benches/scale/corpus/full/random_magma_n4_k1_definable_eq_i14.model,0.435,DEFINABLE
hit,/home/pventura/src/OpenDefAlgSplitting/benches/scale/corpus/full/random_magma_n4_k1_definable_eq_i15.model,0.127,NOT_DEFINABLE
hit,/home/pventura/src/OpenDefAlgSplitting/benches/scale/corpus/full/random_magma_n4_k1_definable_eq_i16.model,0.133,NOT_DEFINABLE
hit,/home/pventura/src/OpenDefAlgSplitting/benches/scale/corpus/full/random_magma_n4_k1_definable_eq_i17.model,0.328,DEFINABLE
hit,/home/pventura/src/OpenDefAlgSplitting/benches/scale/corpus/full/random_magma_n4_k1_definable_eq_i18.model,0.458,DEFINABLE
hit,/home/pventura/src/OpenDefAlgSplitting/benches/scale/corpus/full/random_magma_n4_k1_definable_eq_i19.model,0.167,NOT_DEFINABLE
hit,/home/pventura/src/OpenDefAlgSplitting/benches/scale/corpus/full/random_magma_n4_k1_definable_eq_i2.model,0.476,DEFINABLE
hit,/home/pventura/src/OpenDefAlgSplitting/benches/scale/corpus/full/random_magma_n4_k1_definable_eq_i20.model,0.398,DEFINABLE
hit,/home/pventura/src/OpenDefAlgSplitting/benches/scale/corpus/full/random_magma_n4_k1_definable_eq_i21.model,0.143,NOT_DEFINABLE
hit,/home/pventura/src/OpenDefAlgSplitting/benches/scale/corpus/full/random_magma_n4_k1_definable_eq_i22.model,0.432,DEFINABLE
hit,/home/pventura/src/OpenDefAlgSplitting/benches/scale/corpus/full/random_magma_n4_k1_definable_eq_i23.model,0.356,DEFINABLE
hit,/home/pventura/src/OpenDefAlgSplitting/benches/scale/corpus/full/random_magma_n4_k1_definable_eq_i24.model,0.405,DEFINABLE
hit,/home/pventura/src/OpenDefAlgSplitting/benches/scale/corpus/full/random_magma_n4_k1_definable_eq_i25.model,0.184,NOT_DEFINABLE
hit,/home/pventura/src/OpenDefAlgSplitting/benches/scale/corpus/full/random_magma_n4_k1_definable_eq_i26.model,0.485,DEFINABLE
hit,/home/pventura/src/OpenDefAlgSplitting/benches/scale/corpus/full/random_magma_n4_k1_definable_eq_i27.model,0.344,DEFINABLE
hit,/home/pventura/src/OpenDefAlgSplitting/benches/scale/corpus/full/random_magma_n4_k1_definable_eq_i28.model,0.396,DEFINABLE
hit,/home/pventura/src/OpenDefAlgSplitting/benches/scale/corpus/full/random_magma_n4_k1_definable_eq_i29.model,0.484,DEFINABLE
hit,/home/pventura/src/OpenDefAlgSplitting/benches/scale/corpus/full/random_magma_n4_k1_definable_eq_i3.model,0.353,DEFINABLE
hit,/home/pventura/src/OpenDefAlgSplitting/benches/scale/corpus/full/random_magma_n4_k1_definable_eq_i4.model,0.393,DEFINABLE
hit,/home/pventura/src/OpenDefAlgSplitting/benches/scale/corpus/full/random_magma_n4_k1_definable_eq_i5.model,0.393,DEFINABLE
hit,/home/pventura/src/OpenDefAlgSplitting/benches/scale/corpus/full/random_magma_n4_k1_definable_eq_i6.model,0.429,DEFINABLE
hit,/home/pventura/src/OpenDefAlgSplitting/benches/scale/corpus/full/random_magma_n4_k1_definable_eq_i7.model,0.319,DEFINABLE
hit,/home/pventura/src/OpenDefAlgSplitting/benches/scale/corpus/full/random_magma_n4_k1_definable_eq_i8.model,0.454,DEFINABLE
hit,/home/pventura/src/OpenDefAlgSplitting/benches/scale/corpus/full/random_magma_n4_k1_definable_eq_i9.model,0.411,DEFINABLE
hit,/home/pventura/src/OpenDefAlgSplitting/benches/scale/corpus/full/random_magma_n4_k1_nondef_mix_i0.model,0.223,NOT_DEFINABLE
hit,/home/pventura/src/OpenDefAlgSplitting/benches/scale/corpus/full/random_magma_n4_k1_nondef_mix_i1.model,0.501,DEFINABLE
hit,/home/pventura/src/OpenDefAlgSplitting/benches/scale/corpus/full/random_magma_n4_k1_nondef_mix_i10.model,0.418,DEFINABLE
hit,/home/pventura/src/OpenDefAlgSplitting/benches/scale/corpus/full/random_magma_n4_k1_nondef_mix_i11.model,0.489,DEFINABLE
hit,/home/pventura/src/OpenDefAlgSplitting/benches/scale/corpus/full/random_magma_n4_k1_nondef_mix_i12.model,0.429,DEFINABLE
hit,/home/pventura/src/OpenDefAlgSplitting/benches/scale/corpus/full/random_magma_n4_k1_nondef_mix_i13.model,0.425,DEFINABLE
hit,/home/pventura/src/OpenDefAlgSplitting/benches/scale/corpus/full/random_magma_n4_k1_nondef_mix_i14.model,0.216,NOT_DEFINABLE
hit,/home/pventura/src/OpenDefAlgSplitting/benches/scale/corpus/full/random_magma_n4_k1_nondef_mix_i15.model,0.475,DEFINABLE
hit,/home/pventura/src/OpenDefAlgSplitting/benches/scale/corpus/full/random_magma_n4_k1_nondef_mix_i16.model,0.196,NOT_DEFINABLE
hit,/home/pventura/src/OpenDefAlgSplitting/benches/scale/corpus/full/random_magma_n4_k1_nondef_mix_i17.model,0.387,DEFINABLE
hit,/home/pventura/src/OpenDefAlgSplitting/benches/scale/corpus/full/random_magma_n4_k1_nondef_mix_i18.model,0.443,DEFINABLE
hit,/home/pventura/src/OpenDefAlgSplitting/benches/scale/corpus/full/random_magma_n4_k1_nondef_mix_i19.model,0.529,DEFINABLE
hit,/home/pventura/src/OpenDefAlgSplitting/benches/scale/corpus/full/random_magma_n4_k1_nondef_mix_i2.model,0.385,DEFINABLE
hit,/home/pventura/src/OpenDefAlgSplitting/benches/scale/corpus/full/random_magma_n4_k1_nondef_mix_i20.model,0.218,NOT_DEFINABLE
hit,/home/pventura/src/OpenDefAlgSplitting/benches/scale/corpus/full/random_magma_n4_k1_nondef_mix_i21.model,0.190,NOT_DEFINABLE
hit,/home/pventura/src/OpenDefAlgSplitting/benches/scale/corpus/full/random_magma_n4_k1_nondef_mix_i22.model,0.397,DEFINABLE
hit,/home/pventura/src/OpenDefAlgSplitting/benches/scale/corpus/full/random_magma_n4_k1_nondef_mix_i23.model,0.342,DEFINABLE
hit,/home/pventura/src/OpenDefAlgSplitting/benches/scale/corpus/full/random_magma_n4_k1_nondef_mix_i24.model,0.445,DEFINABLE
hit,/home/pventura/src/OpenDefAlgSplitting/benches/scale/corpus/full/random_magma_n4_k1_nondef_mix_i25.model,0.128,NOT_DEFINABLE
hit,/home/pventura/src/OpenDefAlgSplitting/benches/scale/corpus/full/random_magma_n4_k1_nondef_mix_i26.model,0.392,DEFINABLE
hit,/home/pventura/src/OpenDefAlgSplitting/benches/scale/corpus/full/random_magma_n4_k1_nondef_mix_i27.model,0.423,DEFINABLE
hit,/home/pventura/src/OpenDefAlgSplitting/benches/scale/corpus/full/random_magma_n4_k1_nondef_mix_i28.model,0.429,DEFINABLE
hit,/home/pventura/src/OpenDefAlgSplitting/benches/scale/corpus/full/random_magma_n4_k1_nondef_mix_i29.model,0.394,DEFINABLE
hit,/home/pventura/src/OpenDefAlgSplitting/benches/scale/corpus/full/random_magma_n4_k1_nondef_mix_i3.model,0.459,DEFINABLE
hit,/home/pventura/src/OpenDefAlgSplitting/benches/scale/corpus/full/random_magma_n4_k1_nondef_mix_i4.model,0.438,DEFINABLE
hit,/home/pventura/src/OpenDefAlgSplitting/benches/scale/corpus/full/random_magma_n4_k1_nondef_mix_i5.model,0.452,DEFINABLE
hit,/home/pventura/src/OpenDefAlgSplitting/benches/scale/corpus/full/random_magma_n4_k1_nondef_mix_i6.model,0.391,DEFINABLE
hit,/home/pventura/src/OpenDefAlgSplitting/benches/scale/corpus/full/random_magma_n4_k1_nondef_mix_i7.model,0.185,NOT_DEFINABLE
hit,/home/pventura/src/OpenDefAlgSplitting/benches/scale/corpus/full/random_magma_n4_k1_nondef_mix_i8.model,0.160,NOT_DEFINABLE
hit,/home/pventura/src/OpenDefAlgSplitting/benches/scale/corpus/full/random_magma_n4_k1_nondef_mix_i9.model,0.381,DEFINABLE
hit,/home/pventura/src/OpenDefAlgSplitting/benches/scale/corpus/full/random_magma_n4_k1_random_half_i0.model,0.320,DEFINABLE
hit,/home/pventura/src/OpenDefAlgSplitting/benches/scale/corpus/full/random_magma_n4_k1_random_half_i1.model,0.401,DEFINABLE
hit,/home/pventura/src/OpenDefAlgSplitting/benches/scale/corpus/full/random_magma_n4_k1_random_half_i10.model,0.387,DEFINABLE
hit,/home/pventura/src/OpenDefAlgSplitting/benches/scale/corpus/full/random_magma_n4_k1_random_half_i11.model,0.365,DEFINABLE
hit,/home/pventura/src/OpenDefAlgSplitting/benches/scale/corpus/full/random_magma_n4_k1_random_half_i12.model,0.306,DEFINABLE
hit,/home/pventura/src/OpenDefAlgSplitting/benches/scale/corpus/full/random_magma_n4_k1_random_half_i13.model,0.399,DEFINABLE
hit,/home/pventura/src/OpenDefAlgSplitting/benches/scale/corpus/full/random_magma_n4_k1_random_half_i14.model,0.376,DEFINABLE
hit,/home/pventura/src/OpenDefAlgSplitting/benches/scale/corpus/full/random_magma_n4_k1_random_half_i15.model,0.340,DEFINABLE
hit,/home/pventura/src/OpenDefAlgSplitting/benches/scale/corpus/full/random_magma_n4_k1_random_half_i16.model,0.385,DEFINABLE
hit,/home/pventura/src/OpenDefAlgSplitting/benches/scale/corpus/full/random_magma_n4_k1_random_half_i17.model,0.376,DEFINABLE
hit,/home/pventura/src/OpenDefAlgSplitting/benches/scale/corpus/full/random_magma_n4_k1_random_half_i18.model,0.380,DEFINABLE
hit,/home/pventura/src/OpenDefAlgSplitting/benches/scale/corpus/full/random_magma_n4_k1_random_half_i19.model,0.404,DEFINABLE
hit,/home/pventura/src/OpenDefAlgSplitting/benches/scale/corpus/full/random_magma_n4_k1_random_half_i2.model,0.440,DEFINABLE
hit,/home/pventura/src/OpenDefAlgSplitting/benches/scale/corpus/full/random_magma_n4_k1_random_half_i20.model,0.486,DEFINABLE
hit,/home/pventura/src/OpenDefAlgSplitting/benches/scale/corpus/full/random_magma_n4_k1_random_half_i21.model,0.409,DEFINABLE
hit,/home/pventura/src/OpenDefAlgSplitting/benches/scale/corpus/full/random_magma_n4_k1_random_half_i22.model,0.412,DEFINABLE
hit,/home/pventura/src/OpenDefAlgSplitting/benches/scale/corpus/full/random_magma_n4_k1_random_half_i23.model,0.237,DEFINABLE
hit,/home/pventura/src/OpenDefAlgSplitting/benches/scale/corpus/full/random_magma_n4_k1_random_half_i24.model,0.434,DEFINABLE
hit,/home/pventura/src/OpenDefAlgSplitting/benches/scale/corpus/full/random_magma_n4_k1_random_half_i25.model,0.129,NOT_DEFINABLE
hit,/home/pventura/src/OpenDefAlgSplitting/benches/scale/corpus/full/random_magma_n4_k1_random_half_i26.model,0.429,DEFINABLE
hit,/home/pventura/src/OpenDefAlgSplitting/benches/scale/corpus/full/random_magma_n4_k1_random_half_i27.model,0.134,NOT_DEFINABLE
hit,/home/pventura/src/OpenDefAlgSplitting/benches/scale/corpus/full/random_magma_n4_k1_random_half_i28.model,0.385,DEFINABLE
hit,/home/pventura/src/OpenDefAlgSplitting/benches/scale/corpus/full/random_magma_n4_k1_random_half_i29.model,0.355,DEFINABLE
hit,/home/pventura/src/OpenDefAlgSplitting/benches/scale/corpus/full/random_magma_n4_k1_random_half_i3.model,0.330,DEFINABLE
hit,/home/pventura/src/OpenDefAlgSplitting/benches/scale/corpus/full/random_magma_n4_k1_random_half_i4.model,0.401,DEFINABLE
hit,/home/pventura/src/OpenDefAlgSplitting/benches/scale/corpus/full/random_magma_n4_k1_random_half_i5.model,0.457,DEFINABLE
hit,/home/pventura/src/OpenDefAlgSplitting/benches/scale/corpus/full/random_magma_n4_k1_random_half_i6.model,0.474,DEFINABLE
hit,/home/pventura/src/OpenDefAlgSplitting/benches/scale/corpus/full/random_magma_n4_k1_random_half_i7.model,0.443,DEFINABLE
hit,/home/pventura/src/OpenDefAlgSplitting/benches/scale/corpus/full/random_magma_n4_k1_random_half_i8.model,0.503,DEFINABLE
hit,/home/pventura/src/OpenDefAlgSplitting/benches/scale/corpus/full/random_magma_n4_k1_random_half_i9.model,0.416,DEFINABLE
hit,/home/pventura/src/OpenDefAlgSplitting/benches/scale/corpus/full/random_magma_n4_k2_definable_eq_i0.model,0.244,DEFINABLE
hit,/home/pventura/src/OpenDefAlgSplitting/benches/scale/corpus/full/random_magma_n4_k2_definable_eq_i1.model,0.186,DEFINABLE
hit,/home/pventura/src/OpenDefAlgSplitting/benches/scale/corpus/full/random_magma_n4_k2_definable_eq_i10.model,0.204,DEFINABLE
hit,/home/pventura/src/OpenDefAlgSplitting/benches/scale/corpus/full/random_magma_n4_k2_definable_eq_i11.model,0.241,DEFINABLE
hit,/home/pventura/src/OpenDefAlgSplitting/benches/scale/corpus/full/random_magma_n4_k2_definable_eq_i12.model,0.230,DEFINABLE
hit,/home/pventura/src/OpenDefAlgSplitting/benches/scale/corpus/full/random_magma_n4_k2_definable_eq_i13.model,0.227,DEFINABLE
hit,/home/pventura/src/OpenDefAlgSplitting/benches/scale/corpus/full/random_magma_n4_k2_definable_eq_i14.model,0.208,DEFINABLE
hit,/home/pventura/src/OpenDefAlgSplitting/benches/scale/corpus/full/random_magma_n4_k2_definable_eq_i15.model,0.208,DEFINABLE
hit,/home/pventura/src/OpenDefAlgSplitting/benches/scale/corpus/full/random_magma_n4_k2_definable_eq_i16.model,0.218,DEFINABLE
hit,/home/pventura/src/OpenDefAlgSplitting/benches/scale/corpus/full/random_magma_n4_k2_definable_eq_i17.model,0.217,DEFINABLE
hit,/home/pventura/src/OpenDefAlgSplitting/benches/scale/corpus/full/random_magma_n4_k2_definable_eq_i18.model,0.182,DEFINABLE
hit,/home/pventura/src/OpenDefAlgSplitting/benches/scale/corpus/full/random_magma_n4_k2_definable_eq_i19.model,0.232,DEFINABLE
hit,/home/pventura/src/OpenDefAlgSplitting/benches/scale/corpus/full/random_magma_n4_k2_definable_eq_i2.model,0.240,DEFINABLE
hit,/home/pventura/src/OpenDefAlgSplitting/benches/scale/corpus/full/random_magma_n4_k2_definable_eq_i20.model,0.198,DEFINABLE
hit,/home/pventura/src/OpenDefAlgSplitting/benches/scale/corpus/full/random_magma_n4_k2_definable_eq_i21.model,0.227,DEFINABLE
hit,/home/pventura/src/OpenDefAlgSplitting/benches/scale/corpus/full/random_magma_n4_k2_definable_eq_i22.model,0.289,DEFINABLE
hit,/home/pventura/src/OpenDefAlgSplitting/benches/scale/corpus/full/random_magma_n4_k2_definable_eq_i23.model,0.331,DEFINABLE
hit,/home/pventura/src/OpenDefAlgSplitting/benches/scale/corpus/full/random_magma_n4_k2_definable_eq_i24.model,0.235,DEFINABLE
hit,/home/pventura/src/OpenDefAlgSplitting/benches/scale/corpus/full/random_magma_n4_k2_definable_eq_i25.model,0.247,DEFINABLE
hit,/home/pventura/src/OpenDefAlgSplitting/benches/scale/corpus/full/random_magma_n4_k2_definable_eq_i26.model,0.190,DEFINABLE
hit,/home/pventura/src/OpenDefAlgSplitting/benches/scale/corpus/full/random_magma_n4_k2_definable_eq_i27.model,0.344,DEFINABLE
hit,/home/pventura/src/OpenDefAlgSplitting/benches/scale/corpus/full/random_magma_n4_k2_definable_eq_i28.model,0.233,DEFINABLE
hit,/home/pventura/src/OpenDefAlgSplitting/benches/scale/corpus/full/random_magma_n4_k2_definable_eq_i29.model,0.199,DEFINABLE
hit,/home/pventura/src/OpenDefAlgSplitting/benches/scale/corpus/full/random_magma_n4_k2_definable_eq_i3.model,0.281,DEFINABLE
hit,/home/pventura/src/OpenDefAlgSplitting/benches/scale/corpus/full/random_magma_n4_k2_definable_eq_i4.model,0.279,DEFINABLE
hit,/home/pventura/src/OpenDefAlgSplitting/benches/scale/corpus/full/random_magma_n4_k2_definable_eq_i5.model,0.267,DEFINABLE
hit,/home/pventura/src/OpenDefAlgSplitting/benches/scale/corpus/full/random_magma_n4_k2_definable_eq_i6.model,0.230,DEFINABLE
hit,/home/pventura/src/OpenDefAlgSplitting/benches/scale/corpus/full/random_magma_n4_k2_definable_eq_i7.model,0.276,DEFINABLE
hit,/home/pventura/src/OpenDefAlgSplitting/benches/scale/corpus/full/random_magma_n4_k2_definable_eq_i8.model,0.233,DEFINABLE
hit,/home/pventura/src/OpenDefAlgSplitting/benches/scale/corpus/full/random_magma_n4_k2_definable_eq_i9.model,0.218,DEFINABLE
hit,/home/pventura/src/OpenDefAlgSplitting/benches/scale/corpus/full/random_magma_n4_k2_nondef_mix_i0.model,0.809,DEFINABLE
hit,/home/pventura/src/OpenDefAlgSplitting/benches/scale/corpus/full/random_magma_n4_k2_nondef_mix_i1.model,0.881,DEFINABLE
hit,/home/pventura/src/OpenDefAlgSplitting/benches/scale/corpus/full/random_magma_n4_k2_nondef_mix_i10.model,0.803,DEFINABLE
hit,/home/pventura/src/OpenDefAlgSplitting/benches/scale/corpus/full/random_magma_n4_k2_nondef_mix_i11.model,0.733,DEFINABLE
hit,/home/pventura/src/OpenDefAlgSplitting/benches/scale/corpus/full/random_magma_n4_k2_nondef_mix_i12.model,0.794,DEFINABLE
hit,/home/pventura/src/OpenDefAlgSplitting/benches/scale/corpus/full/random_magma_n4_k2_nondef_mix_i13.model,0.830,DEFINABLE
hit,/home/pventura/src/OpenDefAlgSplitting/benches/scale/corpus/full/random_magma_n4_k2_nondef_mix_i14.model,0.832,DEFINABLE
hit,/home/pventura/src/OpenDefAlgSplitting/benches/scale/corpus/full/random_magma_n4_k2_nondef_mix_i15.model,0.795,DEFINABLE
hit,/home/pventura/src/OpenDefAlgSplitting/benches/scale/corpus/full/random_magma_n4_k2_nondef_mix_i16.model,0.129,NOT_DEFINABLE
hit,/home/pventura/src/OpenDefAlgSplitting/benches/scale/corpus/full/random_magma_n4_k2_nondef_mix_i17.model,0.766,DEFINABLE
hit,/home/pventura/src/OpenDefAlgSplitting/benches/scale/corpus/full/random_magma_n4_k2_nondef_mix_i18.model,0.297,NOT_DEFINABLE
hit,/home/pventura/src/OpenDefAlgSplitting/benches/scale/corpus/full/random_magma_n4_k2_nondef_mix_i19.model,2.473,DEFINABLE
hit,/home/pventura/src/OpenDefAlgSplitting/benches/scale/corpus/full/random_magma_n4_k2_nondef_mix_i2.model,0.913,DEFINABLE
hit,/home/pventura/src/OpenDefAlgSplitting/benches/scale/corpus/full/random_magma_n4_k2_nondef_mix_i20.model,0.125,NOT_DEFINABLE
hit,/home/pventura/src/OpenDefAlgSplitting/benches/scale/corpus/full/random_magma_n4_k2_nondef_mix_i21.model,0.683,DEFINABLE
hit,/home/pventura/src/OpenDefAlgSplitting/benches/scale/corpus/full/random_magma_n4_k2_nondef_mix_i22.model,0.708,DEFINABLE
hit,/home/pventura/src/OpenDefAlgSplitting/benches/scale/corpus/full/random_magma_n4_k2_nondef_mix_i23.model,0.843,DEFINABLE
hit,/home/pventura/src/OpenDefAlgSplitting/benches/scale/corpus/full/random_magma_n4_k2_nondef_mix_i24.model,0.707,DEFINABLE
hit,/home/pventura/src/OpenDefAlgSplitting/benches/scale/corpus/full/random_magma_n4_k2_nondef_mix_i25.model,0.844,DEFINABLE
hit,/home/pventura/src/OpenDefAlgSplitting/benches/scale/corpus/full/random_magma_n4_k2_nondef_mix_i26.model,0.945,DEFINABLE
hit,/home/pventura/src/OpenDefAlgSplitting/benches/scale/corpus/full/random_magma_n4_k2_nondef_mix_i27.model,0.753,DEFINABLE
hit,/home/pventura/src/OpenDefAlgSplitting/benches/scale/corpus/full/random_magma_n4_k2_nondef_mix_i28.model,0.785,DEFINABLE
hit,/home/pventura/src/OpenDefAlgSplitting/benches/scale/corpus/full/random_magma_n4_k2_nondef_mix_i29.model,0.856,DEFINABLE
hit,/home/pventura/src/OpenDefAlgSplitting/benches/scale/corpus/full/random_magma_n4_k2_nondef_mix_i3.model,0.871,DEFINABLE
hit,/home/pventura/src/OpenDefAlgSplitting/benches/scale/corpus/full/random_magma_n4_k2_nondef_mix_i4.model,0.754,DEFINABLE
hit,/home/pventura/src/OpenDefAlgSplitting/benches/scale/corpus/full/random_magma_n4_k2_nondef_mix_i5.model,0.216,NOT_DEFINABLE
hit,/home/pventura/src/OpenDefAlgSplitting/benches/scale/corpus/full/random_magma_n4_k2_nondef_mix_i6.model,0.702,DEFINABLE
hit,/home/pventura/src/OpenDefAlgSplitting/benches/scale/corpus/full/random_magma_n4_k2_nondef_mix_i7.model,0.142,NOT_DEFINABLE
hit,/home/pventura/src/OpenDefAlgSplitting/benches/scale/corpus/full/random_magma_n4_k2_nondef_mix_i8.model,0.139,NOT_DEFINABLE
hit,/home/pventura/src/OpenDefAlgSplitting/benches/scale/corpus/full/random_magma_n4_k2_nondef_mix_i9.model,0.923,DEFINABLE
hit,/home/pventura/src/OpenDefAlgSplitting/benches/scale/corpus/full/random_magma_n4_k2_random_half_i0.model,0.724,DEFINABLE
hit,/home/pventura/src/OpenDefAlgSplitting/benches/scale/corpus/full/random_magma_n4_k2_random_half_i1.model,0.593,NOT_DEFINABLE
hit,/home/pventura/src/OpenDefAlgSplitting/benches/scale/corpus/full/random_magma_n4_k2_random_half_i10.model,0.210,NOT_DEFINABLE
hit,/home/pventura/src/OpenDefAlgSplitting/benches/scale/corpus/full/random_magma_n4_k2_random_half_i11.model,0.821,DEFINABLE
hit,/home/pventura/src/OpenDefAlgSplitting/benches/scale/corpus/full/random_magma_n4_k2_random_half_i12.model,0.757,DEFINABLE
hit,/home/pventura/src/OpenDefAlgSplitting/benches/scale/corpus/full/random_magma_n4_k2_random_half_i13.model,0.746,DEFINABLE
hit,/home/pventura/src/OpenDefAlgSplitting/benches/scale/corpus/full/random_magma_n4_k2_random_half_i14.model,0.869,DEFINABLE
hit,/home/pventura/src/OpenDefAlgSplitting/benches/scale/corpus/full/random_magma_n4_k2_random_half_i15.model,0.784,DEFINABLE
hit,/home/pventura/src/OpenDefAlgSplitting/benches/scale/corpus/full/random_magma_n4_k2_random_half_i16.model,0.659,DEFINABLE
hit,/home/pventura/src/OpenDefAlgSplitting/benches/scale/corpus/full/random_magma_n4_k2_random_half_i17.model,0.147,NOT_DEFINABLE
hit,/home/pventura/src/OpenDefAlgSplitting/benches/scale/corpus/full/random_magma_n4_k2_random_half_i18.model,0.421,NOT_DEFINABLE
hit,/home/pventura/src/OpenDefAlgSplitting/benches/scale/corpus/full/random_magma_n4_k2_random_half_i19.model,0.707,DEFINABLE
hit,/home/pventura/src/OpenDefAlgSplitting/benches/scale/corpus/full/random_magma_n4_k2_random_half_i2.model,0.143,NOT_DEFINABLE
hit,/home/pventura/src/OpenDefAlgSplitting/benches/scale/corpus/full/random_magma_n4_k2_random_half_i20.model,2.303,DEFINABLE
hit,/home/pventura/src/OpenDefAlgSplitting/benches/scale/corpus/full/random_magma_n4_k2_random_half_i21.model,0.728,DEFINABLE
hit,/home/pventura/src/OpenDefAlgSplitting/benches/scale/corpus/full/random_magma_n4_k2_random_half_i22.model,0.792,DEFINABLE
hit,/home/pventura/src/OpenDefAlgSplitting/benches/scale/corpus/full/random_magma_n4_k2_random_half_i23.model,0.127,NOT_DEFINABLE
hit,/home/pventura/src/OpenDefAlgSplitting/benches/scale/corpus/full/random_magma_n4_k2_random_half_i24.model,2.418,DEFINABLE
hit,/home/pventura/src/OpenDefAlgSplitting/benches/scale/corpus/full/random_magma_n4_k2_random_half_i25.model,0.797,DEFINABLE
hit,/home/pventura/src/OpenDefAlgSplitting/benches/scale/corpus/full/random_magma_n4_k2_random_half_i26.model,0.163,NOT_DEFINABLE
hit,/home/pventura/src/OpenDefAlgSplitting/benches/scale/corpus/full/random_magma_n4_k2_random_half_i27.model,0.882,DEFINABLE
hit,/home/pventura/src/OpenDefAlgSplitting/benches/scale/corpus/full/random_magma_n4_k2_random_half_i28.model,0.908,DEFINABLE
hit,/home/pventura/src/OpenDefAlgSplitting/benches/scale/corpus/full/random_magma_n4_k2_random_half_i29.model,0.904,DEFINABLE
hit,/home/pventura/src/OpenDefAlgSplitting/benches/scale/corpus/full/random_magma_n4_k2_random_half_i3.model,0.819,DEFINABLE
hit,/home/pventura/src/OpenDefAlgSplitting/benches/scale/corpus/full/random_magma_n4_k2_random_half_i4.model,0.881,DEFINABLE
hit,/home/pventura/src/OpenDefAlgSplitting/benches/scale/corpus/full/random_magma_n4_k2_random_half_i5.model,0.134,NOT_DEFINABLE
hit,/home/pventura/src/OpenDefAlgSplitting/benches/scale/corpus/full/random_magma_n4_k2_random_half_i6.model,0.163,NOT_DEFINABLE
hit,/home/pventura/src/OpenDefAlgSplitting/benches/scale/corpus/full/random_magma_n4_k2_random_half_i7.model,0.932,DEFINABLE
hit,/home/pventura/src/OpenDefAlgSplitting/benches/scale/corpus/full/random_magma_n4_k2_random_half_i8.model,0.806,DEFINABLE
hit,/home/pventura/src/OpenDefAlgSplitting/benches/scale/corpus/full/random_magma_n4_k2_random_half_i9.model,0.811,DEFINABLE
hit,/home/pventura/src/OpenDefAlgSplitting/benches/scale/corpus/full/random_magma_n64_k1_definable_eq_i0.model,155.846,DEFINABLE
hit,/home/pventura/src/OpenDefAlgSplitting/benches/scale/corpus/full/random_magma_n64_k1_definable_eq_i1.model,160.697,DEFINABLE
hit,/home/pventura/src/OpenDefAlgSplitting/benches/scale/corpus/full/random_magma_n64_k1_definable_eq_i10.model,155.953,DEFINABLE
hit,/home/pventura/src/OpenDefAlgSplitting/benches/scale/corpus/full/random_magma_n64_k1_definable_eq_i11.model,163.594,DEFINABLE
hit,/home/pventura/src/OpenDefAlgSplitting/benches/scale/corpus/full/random_magma_n64_k1_definable_eq_i12.model,162.093,DEFINABLE
hit,/home/pventura/src/OpenDefAlgSplitting/benches/scale/corpus/full/random_magma_n64_k1_definable_eq_i13.model,161.088,DEFINABLE
hit,/home/pventura/src/OpenDefAlgSplitting/benches/scale/corpus/full/random_magma_n64_k1_definable_eq_i14.model,156.503,DEFINABLE
hit,/home/pventura/src/OpenDefAlgSplitting/benches/scale/corpus/full/random_magma_n64_k1_definable_eq_i15.model,157.688,DEFINABLE
hit,/home/pventura/src/OpenDefAlgSplitting/benches/scale/corpus/full/random_magma_n64_k1_definable_eq_i16.model,162.654,DEFINABLE
hit,/home/pventura/src/OpenDefAlgSplitting/benches/scale/corpus/full/random_magma_n64_k1_definable_eq_i17.model,163.621,DEFINABLE
hit,/home/pventura/src/OpenDefAlgSplitting/benches/scale/corpus/full/random_magma_n64_k1_definable_eq_i18.model,162.799,DEFINABLE
hit,/home/pventura/src/OpenDefAlgSplitting/benches/scale/corpus/full/random_magma_n64_k1_definable_eq_i19.model,160.024,DEFINABLE
hit,/home/pventura/src/OpenDefAlgSplitting/benches/scale/corpus/full/random_magma_n64_k1_definable_eq_i2.model,166.127,DEFINABLE
hit,/home/pventura/src/OpenDefAlgSplitting/benches/scale/corpus/full/random_magma_n64_k1_definable_eq_i20.model,153.816,DEFINABLE
hit,/home/pventura/src/OpenDefAlgSplitting/benches/scale/corpus/full/random_magma_n64_k1_definable_eq_i21.model,158.660,DEFINABLE
hit,/home/pventura/src/OpenDefAlgSplitting/benches/scale/corpus/full/random_magma_n64_k1_definable_eq_i22.model,157.347,DEFINABLE
hit,/home/pventura/src/OpenDefAlgSplitting/benches/scale/corpus/full/random_magma_n64_k1_definable_eq_i23.model,159.229,DEFINABLE
hit,/home/pventura/src/OpenDefAlgSplitting/benches/scale/corpus/full/random_magma_n64_k1_definable_eq_i24.model,159.334,DEFINABLE
hit,/home/pventura/src/OpenDefAlgSplitting/benches/scale/corpus/full/random_magma_n64_k1_definable_eq_i25.model,160.986,DEFINABLE
hit,/home/pventura/src/OpenDefAlgSplitting/benches/scale/corpus/full/random_magma_n64_k1_definable_eq_i26.model,151.742,DEFINABLE
hit,/home/pventura/src/OpenDefAlgSplitting/benches/scale/corpus/full/random_magma_n64_k1_definable_eq_i27.model,162.502,DEFINABLE
hit,/home/pventura/src/OpenDefAlgSplitting/benches/scale/corpus/full/random_magma_n64_k1_definable_eq_i28.model,161.928,DEFINABLE
hit,/home/pventura/src/OpenDefAlgSplitting/benches/scale/corpus/full/random_magma_n64_k1_definable_eq_i29.model,158.726,DEFINABLE
hit,/home/pventura/src/OpenDefAlgSplitting/benches/scale/corpus/full/random_magma_n64_k1_definable_eq_i3.model,165.306,DEFINABLE
hit,/home/pventura/src/OpenDefAlgSplitting/benches/scale/corpus/full/random_magma_n64_k1_definable_eq_i4.model,166.179,DEFINABLE
hit,/home/pventura/src/OpenDefAlgSplitting/benches/scale/corpus/full/random_magma_n64_k1_definable_eq_i5.model,161.036,DEFINABLE
hit,/home/pventura/src/OpenDefAlgSplitting/benches/scale/corpus/full/random_magma_n64_k1_definable_eq_i6.model,163.076,DEFINABLE
hit,/home/pventura/src/OpenDefAlgSplitting/benches/scale/corpus/full/random_magma_n64_k1_definable_eq_i7.model,155.445,DEFINABLE
hit,/home/pventura/src/OpenDefAlgSplitting/benches/scale/corpus/full/random_magma_n64_k1_definable_eq_i8.model,158.798,DEFINABLE
hit,/home/pventura/src/OpenDefAlgSplitting/benches/scale/corpus/full/random_magma_n64_k1_definable_eq_i9.model,157.353,DEFINABLE
hit,/home/pventura/src/OpenDefAlgSplitting/benches/scale/corpus/full/random_magma_n64_k1_nondef_mix_i0.model,161.048,DEFINABLE
hit,/home/pventura/src/OpenDefAlgSplitting/benches/scale/corpus/full/random_magma_n64_k1_nondef_mix_i1.model,160.886,DEFINABLE
hit,/home/pventura/src/OpenDefAlgSplitting/benches/scale/corpus/full/random_magma_n64_k1_nondef_mix_i10.model,160.795,DEFINABLE
hit,/home/pventura/src/OpenDefAlgSplitting/benches/scale/corpus/full/random_magma_n64_k1_nondef_mix_i11.model,157.592,DEFINABLE
hit,/home/pventura/src/OpenDefAlgSplitting/benches/scale/corpus/full/random_magma_n64_k1_nondef_mix_i12.model,161.985,DEFINABLE
hit,/home/pventura/src/OpenDefAlgSplitting/benches/scale/corpus/full/random_magma_n64_k1_nondef_mix_i13.model,160.828,DEFINABLE
hit,/home/pventura/src/OpenDefAlgSplitting/benches/scale/corpus/full/random_magma_n64_k1_nondef_mix_i14.model,70.377,NOT_DEFINABLE
hit,/home/pventura/src/OpenDefAlgSplitting/benches/scale/corpus/full/random_magma_n64_k1_nondef_mix_i15.model,155.067,DEFINABLE
hit,/home/pventura/src/OpenDefAlgSplitting/benches/scale/corpus/full/random_magma_n64_k1_nondef_mix_i16.model,162.285,DEFINABLE
hit,/home/pventura/src/OpenDefAlgSplitting/benches/scale/corpus/full/random_magma_n64_k1_nondef_mix_i17.model,163.011,DEFINABLE
hit,/home/pventura/src/OpenDefAlgSplitting/benches/scale/corpus/full/random_magma_n64_k1_nondef_mix_i18.model,163.221,DEFINABLE
hit,/home/pventura/src/OpenDefAlgSplitting/benches/scale/corpus/full/random_magma_n64_k1_nondef_mix_i19.model,161.156,DEFINABLE
hit,/home/pventura/src/OpenDefAlgSplitting/benches/scale/corpus/full/random_magma_n64_k1_nondef_mix_i2.model,162.488,DEFINABLE
hit,/home/pventura/src/OpenDefAlgSplitting/benches/scale/corpus/full/random_magma_n64_k1_nondef_mix_i20.model,159.569,DEFINABLE
hit,/home/pventura/src/OpenDefAlgSplitting/benches/scale/corpus/full/random_magma_n64_k1_nondef_mix_i21.model,160.707,DEFINABLE
hit,/home/pventura/src/OpenDefAlgSplitting/benches/scale/corpus/full/random_magma_n64_k1_nondef_mix_i22.model,162.881,DEFINABLE
hit,/home/pventura/src/OpenDefAlgSplitting/benches/scale/corpus/full/random_magma_n64_k1_nondef_mix_i23.model,161.962,DEFINABLE
hit,/home/pventura/src/OpenDefAlgSplitting/benches/scale/corpus/full/random_magma_n64_k1_nondef_mix_i24.model,161.679,DEFINABLE
hit,/home/pventura/src/OpenDefAlgSplitting/benches/scale/corpus/full/random_magma_n64_k1_nondef_mix_i25.model,154.722,DEFINABLE
hit,/home/pventura/src/OpenDefAlgSplitting/benches/scale/corpus/full/random_magma_n64_k1_nondef_mix_i26.model,155.919,DEFINABLE
hit,/home/pventura/src/OpenDefAlgSplitting/benches/scale/corpus/full/random_magma_n64_k1_nondef_mix_i27.model,159.646,DEFINABLE
hit,/home/pventura/src/OpenDefAlgSplitting/benches/scale/corpus/full/random_magma_n64_k1_nondef_mix_i28.model,160.779,DEFINABLE
hit,/home/pventura/src/OpenDefAlgSplitting/benches/scale/corpus/full/random_magma_n64_k1_nondef_mix_i29.model,161.090,DEFINABLE
hit,/home/pventura/src/OpenDefAlgSplitting/benches/scale/corpus/full/random_magma_n64_k1_nondef_mix_i3.model,163.115,DEFINABLE
hit,/home/pventura/src/OpenDefAlgSplitting/benches/scale/corpus/full/random_magma_n64_k1_nondef_mix_i4.model,161.641,DEFINABLE
hit,/home/pventura/src/OpenDefAlgSplitting/benches/scale/corpus/full/random_magma_n64_k1_nondef_mix_i5.model,152.811,DEFINABLE
hit,/home/pventura/src/OpenDefAlgSplitting/benches/scale/corpus/full/random_magma_n64_k1_nondef_mix_i6.model,161.753,DEFINABLE
hit,/home/pventura/src/OpenDefAlgSplitting/benches/scale/corpus/full/random_magma_n64_k1_nondef_mix_i7.model,163.517,DEFINABLE
hit,/home/pventura/src/OpenDefAlgSplitting/benches/scale/corpus/full/random_magma_n64_k1_nondef_mix_i8.model,167.568,DEFINABLE
hit,/home/pventura/src/OpenDefAlgSplitting/benches/scale/corpus/full/random_magma_n64_k1_nondef_mix_i9.model,164.517,DEFINABLE
hit,/home/pventura/src/OpenDefAlgSplitting/benches/scale/corpus/full/random_magma_n64_k1_random_half_i0.model,160.648,DEFINABLE
hit,/home/pventura/src/OpenDefAlgSplitting/benches/scale/corpus/full/random_magma_n64_k1_random_half_i1.model,158.105,DEFINABLE
hit,/home/pventura/src/OpenDefAlgSplitting/benches/scale/corpus/full/random_magma_n64_k1_random_half_i10.model,163.673,DEFINABLE
hit,/home/pventura/src/OpenDefAlgSplitting/benches/scale/corpus/full/random_magma_n64_k1_random_half_i11.model,163.246,DEFINABLE
hit,/home/pventura/src/OpenDefAlgSplitting/benches/scale/corpus/full/random_magma_n64_k1_random_half_i12.model,163.610,DEFINABLE
hit,/home/pventura/src/OpenDefAlgSplitting/benches/scale/corpus/full/random_magma_n64_k1_random_half_i13.model,163.450,DEFINABLE
hit,/home/pventura/src/OpenDefAlgSplitting/benches/scale/corpus/full/random_magma_n64_k1_random_half_i14.model,162.566,DEFINABLE
hit,/home/pventura/src/OpenDefAlgSplitting/benches/scale/corpus/full/random_magma_n64_k1_random_half_i15.model,163.567,DEFINABLE
hit,/home/pventura/src/OpenDefAlgSplitting/benches/scale/corpus/full/random_magma_n64_k1_random_half_i16.model,163.977,DEFINABLE
hit,/home/pventura/src/OpenDefAlgSplitting/benches/scale/corpus/full/random_magma_n64_k1_random_half_i17.model,162.237,DEFINABLE
hit,/home/pventura/src/OpenDefAlgSplitting/benches/scale/corpus/full/random_magma_n64_k1_random_half_i18.model,164.802,DEFINABLE
hit,/home/pventura/src/OpenDefAlgSplitting/benches/scale/corpus/full/random_magma_n64_k1_random_half_i19.model,161.297,DEFINABLE
hit,/home/pventura/src/OpenDefAlgSplitting/benches/scale/corpus/full/random_magma_n64_k1_random_half_i2.model,156.064,DEFINABLE
hit,/home/pventura/src/OpenDefAlgSplitting/benches/scale/corpus/full/random_magma_n64_k1_random_half_i20.model,161.686,DEFINABLE
hit,/home/pventura/src/OpenDefAlgSplitting/benches/scale/corpus/full/random_magma_n64_k1_random_half_i21.model,153.626,DEFINABLE
hit,/home/pventura/src/OpenDefAlgSplitting/benches/scale/corpus/full/random_magma_n64_k1_random_half_i22.model,155.119,DEFINABLE
hit,/home/pventura/src/OpenDefAlgSplitting/benches/scale/corpus/full/random_magma_n64_k1_random_half_i23.model,162.003,DEFINABLE
hit,/home/pventura/src/OpenDefAlgSplitting/benches/scale/corpus/full/random_magma_n64_k1_random_half_i24.model,163.954,DEFINABLE
hit,/home/pventura/src/OpenDefAlgSplitting/benches/scale/corpus/full/random_magma_n64_k1_random_half_i25.model,163.011,DEFINABLE
hit,/home/pventura/src/OpenDefAlgSplitting/benches/scale/corpus/full/random_magma_n64_k1_random_half_i26.model,75.104,NOT_DEFINABLE
hit,/home/pventura/src/OpenDefAlgSplitting/benches/scale/corpus/full/random_magma_n64_k1_random_half_i27.model,156.966,DEFINABLE
hit,/home/pventura/src/OpenDefAlgSplitting/benches/scale/corpus/full/random_magma_n64_k1_random_half_i28.model,157.629,DEFINABLE
hit,/home/pventura/src/OpenDefAlgSplitting/benches/scale/corpus/full/random_magma_n64_k1_random_half_i29.model,163.214,DEFINABLE
hit,/home/pventura/src/OpenDefAlgSplitting/benches/scale/corpus/full/random_magma_n64_k1_random_half_i3.model,154.469,DEFINABLE
hit,/home/pventura/src/OpenDefAlgSplitting/benches/scale/corpus/full/random_magma_n64_k1_random_half_i4.model,165.952,DEFINABLE
hit,/home/pventura/src/OpenDefAlgSplitting/benches/scale/corpus/full/random_magma_n64_k1_random_half_i5.model,86.069,NOT_DEFINABLE
hit,/home/pventura/src/OpenDefAlgSplitting/benches/scale/corpus/full/random_magma_n64_k1_random_half_i6.model,160.341,DEFINABLE
hit,/home/pventura/src/OpenDefAlgSplitting/benches/scale/corpus/full/random_magma_n64_k1_random_half_i7.model,163.932,DEFINABLE
hit,/home/pventura/src/OpenDefAlgSplitting/benches/scale/corpus/full/random_magma_n64_k1_random_half_i8.model,157.525,DEFINABLE
hit,/home/pventura/src/OpenDefAlgSplitting/benches/scale/corpus/full/random_magma_n64_k1_random_half_i9.model,161.097,DEFINABLE
hit,/home/pventura/src/OpenDefAlgSplitting/benches/scale/corpus/full/random_magma_n64_k2_definable_eq_i0.model,89.552,DEFINABLE
hit,/home/pventura/src/OpenDefAlgSplitting/benches/scale/corpus/full/random_magma_n64_k2_definable_eq_i1.model,91.902,DEFINABLE
hit,/home/pventura/src/OpenDefAlgSplitting/benches/scale/corpus/full/random_magma_n64_k2_definable_eq_i10.model,86.770,DEFINABLE
hit,/home/pventura/src/OpenDefAlgSplitting/benches/scale/corpus/full/random_magma_n64_k2_definable_eq_i11.model,90.743,DEFINABLE
hit,/home/pventura/src/OpenDefAlgSplitting/benches/scale/corpus/full/random_magma_n64_k2_definable_eq_i12.model,92.370,DEFINABLE
hit,/home/pventura/src/OpenDefAlgSplitting/benches/scale/corpus/full/random_magma_n64_k2_definable_eq_i13.model,91.417,DEFINABLE
hit,/home/pventura/src/OpenDefAlgSplitting/benches/scale/corpus/full/random_magma_n64_k2_definable_eq_i14.model,91.546,DEFINABLE
hit,/home/pventura/src/OpenDefAlgSplitting/benches/scale/corpus/full/random_magma_n64_k2_definable_eq_i15.model,92.656,DEFINABLE
hit,/home/pventura/src/OpenDefAlgSplitting/benches/scale/corpus/full/random_magma_n64_k2_definable_eq_i16.model,91.634,DEFINABLE
hit,/home/pventura/src/OpenDefAlgSplitting/benches/scale/corpus/full/random_magma_n64_k2_definable_eq_i17.model,89.735,DEFINABLE
hit,/home/pventura/src/OpenDefAlgSplitting/benches/scale/corpus/full/random_magma_n64_k2_definable_eq_i18.model,91.313,DEFINABLE
hit,/home/pventura/src/OpenDefAlgSplitting/benches/scale/corpus/full/random_magma_n64_k2_definable_eq_i19.model,92.275,DEFINABLE
hit,/home/pventura/src/OpenDefAlgSplitting/benches/scale/corpus/full/random_magma_n64_k2_definable_eq_i2.model,92.073,DEFINABLE
hit,/home/pventura/src/OpenDefAlgSplitting/benches/scale/corpus/full/random_magma_n64_k2_definable_eq_i20.model,89.152,DEFINABLE
hit,/home/pventura/src/OpenDefAlgSplitting/benches/scale/corpus/full/random_magma_n64_k2_definable_eq_i21.model,89.320,DEFINABLE
hit,/home/pventura/src/OpenDefAlgSplitting/benches/scale/corpus/full/random_magma_n64_k2_definable_eq_i22.model,93.269,DEFINABLE
hit,/home/pventura/src/OpenDefAlgSplitting/benches/scale/corpus/full/random_magma_n64_k2_definable_eq_i23.model,93.625,DEFINABLE
hit,/home/pventura/src/OpenDefAlgSplitting/benches/scale/corpus/full/random_magma_n64_k2_definable_eq_i24.model,91.770,DEFINABLE
hit,/home/pventura/src/OpenDefAlgSplitting/benches/scale/corpus/full/random_magma_n64_k2_definable_eq_i25.model,93.340,DEFINABLE
hit,/home/pventura/src/OpenDefAlgSplitting/benches/scale/corpus/full/random_magma_n64_k2_definable_eq_i26.model,91.294,DEFINABLE
hit,/home/pventura/src/OpenDefAlgSplitting/benches/scale/corpus/full/random_magma_n64_k2_definable_eq_i27.model,87.100,DEFINABLE
hit,/home/pventura/src/OpenDefAlgSplitting/benches/scale/corpus/full/random_magma_n64_k2_definable_eq_i28.model,87.840,DEFINABLE
hit,/home/pventura/src/OpenDefAlgSplitting/benches/scale/corpus/full/random_magma_n64_k2_definable_eq_i29.model,95.012,DEFINABLE
hit,/home/pventura/src/OpenDefAlgSplitting/benches/scale/corpus/full/random_magma_n64_k2_definable_eq_i3.model,89.197,DEFINABLE
hit,/home/pventura/src/OpenDefAlgSplitting/benches/scale/corpus/full/random_magma_n64_k2_definable_eq_i4.model,90.994,DEFINABLE
hit,/home/pventura/src/OpenDefAlgSplitting/benches/scale/corpus/full/random_magma_n64_k2_definable_eq_i5.model,89.236,DEFINABLE
hit,/home/pventura/src/OpenDefAlgSplitting/benches/scale/corpus/full/random_magma_n64_k2_definable_eq_i6.model,89.804,DEFINABLE
hit,/home/pventura/src/OpenDefAlgSplitting/benches/scale/corpus/full/random_magma_n64_k2_definable_eq_i7.model,92.461,DEFINABLE
hit,/home/pventura/src/OpenDefAlgSplitting/benches/scale/corpus/full/random_magma_n64_k2_definable_eq_i8.model,90.951,DEFINABLE
hit,/home/pventura/src/OpenDefAlgSplitting/benches/scale/corpus/full/random_magma_n64_k2_definable_eq_i9.model,93.359,DEFINABLE
hit,/home/pventura/src/OpenDefAlgSplitting/benches/scale/corpus/full/random_magma_n64_k2_nondef_mix_i0.model,6484.856,DEFINABLE
hit,/home/pventura/src/OpenDefAlgSplitting/benches/scale/corpus/full/random_magma_n64_k2_nondef_mix_i1.model,6402.902,DEFINABLE
hit,/home/pventura/src/OpenDefAlgSplitting/benches/scale/corpus/full/random_magma_n64_k2_nondef_mix_i10.model,6491.222,DEFINABLE
hit,/home/pventura/src/OpenDefAlgSplitting/benches/scale/corpus/full/random_magma_n64_k2_nondef_mix_i11.model,6422.122,DEFINABLE
hit,/home/pventura/src/OpenDefAlgSplitting/benches/scale/corpus/full/random_magma_n64_k2_nondef_mix_i12.model,6467.477,DEFINABLE
hit,/home/pventura/src/OpenDefAlgSplitting/benches/scale/corpus/full/random_magma_n64_k2_nondef_mix_i13.model,6420.201,DEFINABLE
hit,/home/pventura/src/OpenDefAlgSplitting/benches/scale/corpus/full/random_magma_n64_k2_nondef_mix_i14.model,6453.501,DEFINABLE
hit,/home/pventura/src/OpenDefAlgSplitting/benches/scale/corpus/full/random_magma_n64_k2_nondef_mix_i15.model,21.193,NOT_DEFINABLE
hit,/home/pventura/src/OpenDefAlgSplitting/benches/scale/corpus/full/random_magma_n64_k2_nondef_mix_i16.model,6460.696,DEFINABLE
hit,/home/pventura/src/OpenDefAlgSplitting/benches/scale/corpus/full/random_magma_n64_k2_nondef_mix_i17.model,6404.531,DEFINABLE
hit,/home/pventura/src/OpenDefAlgSplitting/benches/scale/corpus/full/random_magma_n64_k2_nondef_mix_i18.model,6427.725,DEFINABLE
hit,/home/pventura/src/OpenDefAlgSplitting/benches/scale/corpus/full/random_magma_n64_k2_nondef_mix_i19.model,6471.990,DEFINABLE
hit,/home/pventura/src/OpenDefAlgSplitting/benches/scale/corpus/full/random_magma_n64_k2_nondef_mix_i2.model,6463.432,DEFINABLE
hit,/home/pventura/src/OpenDefAlgSplitting/benches/scale/corpus/full/random_magma_n64_k2_nondef_mix_i20.model,6426.508,DEFINABLE
hit,/home/pventura/src/OpenDefAlgSplitting/benches/scale/corpus/full/random_magma_n64_k2_nondef_mix_i21.model,6420.965,DEFINABLE
hit,/home/pventura/src/OpenDefAlgSplitting/benches/scale/corpus/full/random_magma_n64_k2_nondef_mix_i22.model,6439.793,DEFINABLE
hit,/home/pventura/src/OpenDefAlgSplitting/benches/scale/corpus/full/random_magma_n64_k2_nondef_mix_i23.model,89.013,NOT_DEFINABLE
hit,/home/pventura/src/OpenDefAlgSplitting/benches/scale/corpus/full/random_magma_n64_k2_nondef_mix_i24.model,63.955,NOT_DEFINABLE
hit,/home/pventura/src/OpenDefAlgSplitting/benches/scale/corpus/full/random_magma_n64_k2_nondef_mix_i25.model,6442.524,DEFINABLE
hit,/home/pventura/src/OpenDefAlgSplitting/benches/scale/corpus/full/random_magma_n64_k2_nondef_mix_i26.model,6472.288,DEFINABLE
hit,/home/pventura/src/OpenDefAlgSplitting/benches/scale/corpus/full/random_magma_n64_k2_nondef_mix_i27.model,6441.877,DEFINABLE
hit,/home/pventura/src/OpenDefAlgSplitting/benches/scale/corpus/full/random_magma_n64_k2_nondef_mix_i28.model,6471.245,DEFINABLE
hit,/home/pventura/src/OpenDefAlgSplitting/benches/scale/corpus/full/random_magma_n64_k2_nondef_mix_i29.model,6515.167,DEFINABLE
hit,/home/pventura/src/OpenDefAlgSplitting/benches/scale/corpus/full/random_magma_n64_k2_nondef_mix_i3.model,6464.778,DEFINABLE
hit,/home/pventura/src/OpenDefAlgSplitting/benches/scale/corpus/full/random_magma_n64_k2_nondef_mix_i4.model,73.919,NOT_DEFINABLE
hit,/home/pventura/src/OpenDefAlgSplitting/benches/scale/corpus/full/random_magma_n64_k2_nondef_mix_i5.model,6454.889,DEFINABLE
hit,/home/pventura/src/OpenDefAlgSplitting/benches/scale/corpus/full/random_magma_n64_k2_nondef_mix_i6.model,6459.606,DEFINABLE
hit,/home/pventura/src/OpenDefAlgSplitting/benches/scale/corpus/full/random_magma_n64_k2_nondef_mix_i7.model,6444.129,DEFINABLE
hit,/home/pventura/src/OpenDefAlgSplitting/benches/scale/corpus/full/random_magma_n64_k2_nondef_mix_i8.model,6444.370,DEFINABLE
hit,/home/pventura/src/OpenDefAlgSplitting/benches/scale/corpus/full/random_magma_n64_k2_nondef_mix_i9.model,88.935,NOT_DEFINABLE
hit,/home/pventura/src/OpenDefAlgSplitting/benches/scale/corpus/full/random_magma_n64_k2_random_half_i0.model,6399.987,DEFINABLE
hit,/home/pventura/src/OpenDefAlgSplitting/benches/scale/corpus/full/random_magma_n64_k2_random_half_i1.model,6464.860,DEFINABLE
hit,/home/pventura/src/OpenDefAlgSplitting/benches/scale/corpus/full/random_magma_n64_k2_random_half_i10.model,6549.330,DEFINABLE
hit,/home/pventura/src/OpenDefAlgSplitting/benches/scale/corpus/full/random_magma_n64_k2_random_half_i11.model,6480.039,DEFINABLE
hit,/home/pventura/src/OpenDefAlgSplitting/benches/scale/corpus/full/random_magma_n64_k2_random_half_i12.model,6429.346,DEFINABLE
hit,/home/pventura/src/OpenDefAlgSplitting/benches/scale/corpus/full/random_magma_n64_k2_random_half_i13.model,6447.536,DEFINABLE
hit,/home/pventura/src/OpenDefAlgSplitting/benches/scale/corpus/full/random_magma_n64_k2_random_half_i14.model,6425.158,DEFINABLE
hit,/home/pventura/src/OpenDefAlgSplitting/benches/scale/corpus/full/random_magma_n64_k2_random_half_i15.model,6451.571,DEFINABLE
hit,/home/pventura/src/OpenDefAlgSplitting/benches/scale/corpus/full/random_magma_n64_k2_random_half_i16.model,6450.908,DEFINABLE
hit,/home/pventura/src/OpenDefAlgSplitting/benches/scale/corpus/full/random_magma_n64_k2_random_half_i17.model,6417.907,DEFINABLE
hit,/home/pventura/src/OpenDefAlgSplitting/benches/scale/corpus/full/random_magma_n64_k2_random_half_i18.model,6392.849,DEFINABLE
hit,/home/pventura/src/OpenDefAlgSplitting/benches/scale/corpus/full/random_magma_n64_k2_random_half_i19.model,6390.454,DEFINABLE
hit,/home/pventura/src/OpenDefAlgSplitting/benches/scale/corpus/full/random_magma_n64_k2_random_half_i2.model,6403.673,DEFINABLE
hit,/home/pventura/src/OpenDefAlgSplitting/benches/scale/corpus/full/random_magma_n64_k2_random_half_i20.model,6411.287,DEFINABLE
hit,/home/pventura/src/OpenDefAlgSplitting/benches/scale/corpus/full/random_magma_n64_k2_random_half_i21.model,6448.498,DEFINABLE
hit,/home/pventura/src/OpenDefAlgSplitting/benches/scale/corpus/full/random_magma_n64_k2_random_half_i22.model,6456.589,DEFINABLE
hit,/home/pventura/src/OpenDefAlgSplitting/benches/scale/corpus/full/random_magma_n64_k2_random_half_i23.model,6454.027,DEFINABLE
hit,/home/pventura/src/OpenDefAlgSplitting/benches/scale/corpus/full/random_magma_n64_k2_random_half_i24.model,76.744,NOT_DEFINABLE
hit,/home/pventura/src/OpenDefAlgSplitting/benches/scale/corpus/full/random_magma_n64_k2_random_half_i25.model,42.589,NOT_DEFINABLE
hit,/home/pventura/src/OpenDefAlgSplitting/benches/scale/corpus/full/random_magma_n64_k2_random_half_i26.model,6433.143,DEFINABLE
hit,/home/pventura/src/OpenDefAlgSplitting/benches/scale/corpus/full/random_magma_n64_k2_random_half_i27.model,6441.817,DEFINABLE
hit,/home/pventura/src/OpenDefAlgSplitting/benches/scale/corpus/full/random_magma_n64_k2_random_half_i28.model,6475.641,DEFINABLE
hit,/home/pventura/src/OpenDefAlgSplitting/benches/scale/corpus/full/random_magma_n64_k2_random_half_i29.model,6455.508,DEFINABLE
hit,/home/pventura/src/OpenDefAlgSplitting/benches/scale/corpus/full/random_magma_n64_k2_random_half_i3.model,6440.921,DEFINABLE
hit,/home/pventura/src/OpenDefAlgSplitting/benches/scale/corpus/full/random_magma_n64_k2_random_half_i4.model,6453.541,DEFINABLE
hit,/home/pventura/src/OpenDefAlgSplitting/benches/scale/corpus/full/random_magma_n64_k2_random_half_i5.model,6439.968,DEFINABLE
hit,/home/pventura/src/OpenDefAlgSplitting/benches/scale/corpus/full/random_magma_n64_k2_random_half_i6.model,6440.999,DEFINABLE
hit,/home/pventura/src/OpenDefAlgSplitting/benches/scale/corpus/full/random_magma_n64_k2_random_half_i7.model,44.678,NOT_DEFINABLE
hit,/home/pventura/src/OpenDefAlgSplitting/benches/scale/corpus/full/random_magma_n64_k2_random_half_i8.model,17.624,NOT_DEFINABLE
hit,/home/pventura/src/OpenDefAlgSplitting/benches/scale/corpus/full/random_magma_n64_k2_random_half_i9.model,6438.667,DEFINABLE
hit,/home/pventura/src/OpenDefAlgSplitting/benches/scale/corpus/full/random_magma_n8_k1_definable_eq_i0.model,0.937,DEFINABLE
hit,/home/pventura/src/OpenDefAlgSplitting/benches/scale/corpus/full/random_magma_n8_k1_definable_eq_i1.model,0.875,DEFINABLE
hit,/home/pventura/src/OpenDefAlgSplitting/benches/scale/corpus/full/random_magma_n8_k1_definable_eq_i10.model,0.659,DEFINABLE
hit,/home/pventura/src/OpenDefAlgSplitting/benches/scale/corpus/full/random_magma_n8_k1_definable_eq_i11.model,0.810,DEFINABLE
hit,/home/pventura/src/OpenDefAlgSplitting/benches/scale/corpus/full/random_magma_n8_k1_definable_eq_i12.model,0.850,DEFINABLE
hit,/home/pventura/src/OpenDefAlgSplitting/benches/scale/corpus/full/random_magma_n8_k1_definable_eq_i13.model,0.844,DEFINABLE
hit,/home/pventura/src/OpenDefAlgSplitting/benches/scale/corpus/full/random_magma_n8_k1_definable_eq_i14.model,0.710,DEFINABLE
hit,/home/pventura/src/OpenDefAlgSplitting/benches/scale/corpus/full/random_magma_n8_k1_definable_eq_i15.model,0.820,DEFINABLE
hit,/home/pventura/src/OpenDefAlgSplitting/benches/scale/corpus/full/random_magma_n8_k1_definable_eq_i16.model,0.316,NOT_DEFINABLE
hit,/home/pventura/src/OpenDefAlgSplitting/benches/scale/corpus/full/random_magma_n8_k1_definable_eq_i17.model,0.621,DEFINABLE
hit,/home/pventura/src/OpenDefAlgSplitting/benches/scale/corpus/full/random_magma_n8_k1_definable_eq_i18.model,0.858,DEFINABLE
hit,/home/pventura/src/OpenDefAlgSplitting/benches/scale/corpus/full/random_magma_n8_k1_definable_eq_i19.model,0.683,DEFINABLE
hit,/home/pventura/src/OpenDefAlgSplitting/benches/scale/corpus/full/random_magma_n8_k1_definable_eq_i2.model,0.768,DEFINABLE
hit,/home/pventura/src/OpenDefAlgSplitting/benches/scale/corpus/full/random_magma_n8_k1_definable_eq_i20.model,0.651,DEFINABLE
hit,/home/pventura/src/OpenDefAlgSplitting/benches/scale/corpus/full/random_magma_n8_k1_definable_eq_i21.model,0.670,DEFINABLE
hit,/home/pventura/src/OpenDefAlgSplitting/benches/scale/corpus/full/random_magma_n8_k1_definable_eq_i22.model,0.811,DEFINABLE
hit,/home/pventura/src/OpenDefAlgSplitting/benches/scale/corpus/full/random_magma_n8_k1_definable_eq_i23.model,0.665,DEFINABLE
hit,/home/pventura/src/OpenDefAlgSplitting/benches/scale/corpus/full/random_magma_n8_k1_definable_eq_i24.model,0.786,DEFINABLE
hit,/home/pventura/src/OpenDefAlgSplitting/benches/scale/corpus/full/random_magma_n8_k1_definable_eq_i25.model,0.711,DEFINABLE
hit,/home/pventura/src/OpenDefAlgSplitting/benches/scale/corpus/full/random_magma_n8_k1_definable_eq_i26.model,0.711,DEFINABLE
hit,/home/pventura/src/OpenDefAlgSplitting/benches/scale/corpus/full/random_magma_n8_k1_definable_eq_i27.model,0.732,DEFINABLE
hit,/home/pventura/src/OpenDefAlgSplitting/benches/scale/corpus/full/random_magma_n8_k1_definable_eq_i28.model,0.676,DEFINABLE
hit,/home/pventura/src/OpenDefAlgSplitting/benches/scale/corpus/full/random_magma_n8_k1_definable_eq_i29.model,0.745,DEFINABLE
hit,/home/pventura/src/OpenDefAlgSplitting/benches/scale/corpus/full/random_magma_n8_k1_definable_eq_i3.model,0.745,DEFINABLE
hit,/home/pventura/src/OpenDefAlgSplitting/benches/scale/corpus/full/random_magma_n8_k1_definable_eq_i4.model,0.762,DEFINABLE
hit,/home/pventura/src/OpenDefAlgSplitting/benches/scale/corpus/full/random_magma_n8_k1_definable_eq_i5.model,0.766,DEFINABLE
hit,/home/pventura/src/OpenDefAlgSplitting/benches/scale/corpus/full/random_magma_n8_k1_definable_eq_i6.model,0.250,NOT_DEFINABLE
hit,/home/pventura/src/OpenDefAlgSplitting/benches/scale/corpus/full/random_magma_n8_k1_definable_eq_i7.model,0.722,DEFINABLE
hit,/home/pventura/src/OpenDefAlgSplitting/benches/scale/corpus/full/random_magma_n8_k1_definable_eq_i8.model,0.842,DEFINABLE
hit,/home/pventura/src/OpenDefAlgSplitting/benches/scale/corpus/full/random_magma_n8_k1_definable_eq_i9.model,0.757,DEFINABLE
hit,/home/pventura/src/OpenDefAlgSplitting/benches/scale/corpus/full/random_magma_n8_k1_nondef_mix_i0.model,0.763,DEFINABLE
hit,/home/pventura/src/OpenDefAlgSplitting/benches/scale/corpus/full/random_magma_n8_k1_nondef_mix_i1.model,0.700,DEFINABLE
hit,/home/pventura/src/OpenDefAlgSplitting/benches/scale/corpus/full/random_magma_n8_k1_nondef_mix_i10.model,0.608,DEFINABLE
hit,/home/pventura/src/OpenDefAlgSplitting/benches/scale/corpus/full/random_magma_n8_k1_nondef_mix_i11.model,0.739,DEFINABLE
hit,/home/pventura/src/OpenDefAlgSplitting/benches/scale/corpus/full/random_magma_n8_k1_nondef_mix_i12.model,0.795,DEFINABLE
hit,/home/pventura/src/OpenDefAlgSplitting/benches/scale/corpus/full/random_magma_n8_k1_nondef_mix_i13.model,0.831,DEFINABLE
hit,/home/pventura/src/OpenDefAlgSplitting/benches/scale/corpus/full/random_magma_n8_k1_nondef_mix_i14.model,0.278,NOT_DEFINABLE
hit,/home/pventura/src/OpenDefAlgSplitting/benches/scale/corpus/full/random_magma_n8_k1_nondef_mix_i15.model,0.323,NOT_DEFINABLE
hit,/home/pventura/src/OpenDefAlgSplitting/benches/scale/corpus/full/random_magma_n8_k1_nondef_mix_i16.model,0.768,DEFINABLE
hit,/home/pventura/src/OpenDefAlgSplitting/benches/scale/corpus/full/random_magma_n8_k1_nondef_mix_i17.model,0.248,NOT_DEFINABLE
hit,/home/pventura/src/OpenDefAlgSplitting/benches/scale/corpus/full/random_magma_n8_k1_nondef_mix_i18.model,0.140,NOT_DEFINABLE
hit,/home/pventura/src/OpenDefAlgSplitting/benches/scale/corpus/full/random_magma_n8_k1_nondef_mix_i19.model,0.755,DEFINABLE
hit,/home/pventura/src/OpenDefAlgSplitting/benches/scale/corpus/full/random_magma_n8_k1_nondef_mix_i2.model,0.786,DEFINABLE
hit,/home/pventura/src/OpenDefAlgSplitting/benches/scale/corpus/full/random_magma_n8_k1_nondef_mix_i20.model,0.832,DEFINABLE
hit,/home/pventura/src/OpenDefAlgSplitting/benches/scale/corpus/full/random_magma_n8_k1_nondef_mix_i21.model,0.817,DEFINABLE
hit,/home/pventura/src/OpenDefAlgSplitting/benches/scale/corpus/full/random_magma_n8_k1_nondef_mix_i22.model,0.697,DEFINABLE
hit,/home/pventura/src/OpenDefAlgSplitting/benches/scale/corpus/full/random_magma_n8_k1_nondef_mix_i23.model,0.743,DEFINABLE
hit,/home/pventura/src/OpenDefAlgSplitting/benches/scale/corpus/full/random_magma_n8_k1_nondef_mix_i24.model,0.735,DEFINABLE
hit,/home/pventura/src/OpenDefAlgSplitting/benches/scale/corpus/full/random_magma_n8_k1_nondef_mix_i25.model,0.851,DEFINABLE
hit,/home/pventura/src/OpenDefAlgSplitting/benches/scale/corpus/full/random_magma_n8_k1_nondef_mix_i26.model,0.331,NOT_DEFINABLE
hit,/home/pventura/src/OpenDefAlgSplitting/benches/scale/corpus/full/random_magma_n8_k1_nondef_mix_i27.model,0.770,DEFINABLE
hit,/home/pventura/src/OpenDefAlgSplitting/benches/scale/corpus/full/random_magma_n8_k1_nondef_mix_i28.model,0.794,DEFINABLE
hit,/home/pventura/src/OpenDefAlgSplitting/benches/scale/corpus/full/random_magma_n8_k1_nondef_mix_i29.model,0.817,DEFINABLE
hit,/home/pventura/src/OpenDefAlgSplitting/benches/scale/corpus/full/random_magma_n8_k1_nondef_mix_i3.model,0.728,DEFINABLE
hit,/home/pventura/src/OpenDefAlgSplitting/benches/scale/corpus/full/random_magma_n8_k1_nondef_mix_i4.model,0.851,DEFINABLE
hit,/home/pventura/src/OpenDefAlgSplitting/benches/scale/corpus/full/random_magma_n8_k1_nondef_mix_i5.model,0.758,DEFINABLE
hit,/home/pventura/src/OpenDefAlgSplitting/benches/scale/corpus/full/random_magma_n8_k1_nondef_mix_i6.model,0.659,DEFINABLE
hit,/home/pventura/src/OpenDefAlgSplitting/benches/scale/corpus/full/random_magma_n8_k1_nondef_mix_i7.model,0.862,DEFINABLE
hit,/home/pventura/src/OpenDefAlgSplitting/benches/scale/corpus/full/random_magma_n8_k1_nondef_mix_i8.model,0.825,DEFINABLE
hit,/home/pventura/src/OpenDefAlgSplitting/benches/scale/corpus/full/random_magma_n8_k1_nondef_mix_i9.model,0.870,DEFINABLE
hit,/home/pventura/src/OpenDefAlgSplitting/benches/scale/corpus/full/random_magma_n8_k1_random_half_i0.model,0.885,DEFINABLE
hit,/home/pventura/src/OpenDefAlgSplitting/benches/scale/corpus/full/random_magma_n8_k1_random_half_i1.model,0.240,NOT_DEFINABLE
hit,/home/pventura/src/OpenDefAlgSplitting/benches/scale/corpus/full/random_magma_n8_k1_random_half_i10.model,0.776,DEFINABLE
hit,/home/pventura/src/OpenDefAlgSplitting/benches/scale/corpus/full/random_magma_n8_k1_random_half_i11.model,0.296,NOT_DEFINABLE
hit,/home/pventura/src/OpenDefAlgSplitting/benches/scale/corpus/full/random_magma_n8_k1_random_half_i12.model,0.323,NOT_DEFINABLE
hit,/home/pventura/src/OpenDefAlgSplitting/benches/scale/corpus/full/random_magma_n8_k1_random_half_i13.model,0.776,DEFINABLE
hit,/home/pventura/src/OpenDefAlgSplitting/benches/scale/corpus/full/random_magma_n8_k1_random_half_i14.model,0.735,DEFINABLE
hit,/home/pventura/src/OpenDefAlgSplitting/benches/scale/corpus/full/random_magma_n8_k1_random_half_i15.model,0.790,DEFINABLE
hit,/home/pventura/src/OpenDefAlgSplitting/benches/scale/corpus/full/random_magma_n8_k1_random_half_i16.model,0.669,DEFINABLE
hit,/home/pventura/src/OpenDefAlgSplitting/benches/scale/corpus/full/random_magma_n8_k1_random_half_i17.model,0.769,DEFINABLE
hit,/home/pventura/src/OpenDefAlgSplitting/benches/scale/corpus/full/random_magma_n8_k1_random_half_i18.model,0.742,DEFINABLE
hit,/home/pventura/src/OpenDefAlgSplitting/benches/scale/corpus/full/random_magma_n8_k1_random_half_i19.model,0.706,DEFINABLE
hit,/home/pventura/src/OpenDefAlgSplitting/benches/scale/corpus/full/random_magma_n8_k1_random_half_i2.model,0.799,DEFINABLE
hit,/home/pventura/src/OpenDefAlgSplitting/benches/scale/corpus/full/random_magma_n8_k1_random_half_i20.model,0.482,NOT_DEFINABLE
hit,/home/pventura/src/OpenDefAlgSplitting/benches/scale/corpus/full/random_magma_n8_k1_random_half_i21.model,0.624,DEFINABLE
hit,/home/pventura/src/OpenDefAlgSplitting/benches/scale/corpus/full/random_magma_n8_k1_random_half_i22.model,0.843,DEFINABLE
hit,/home/pventura/src/OpenDefAlgSplitting/benches/scale/corpus/full/random_magma_n8_k1_random_half_i23.model,0.185,NOT_DEFINABLE
hit,/home/pventura/src/OpenDefAlgSplitting/benches/scale/corpus/full/random_magma_n8_k1_random_half_i24.model,0.678,DEFINABLE
hit,/home/pventura/src/OpenDefAlgSplitting/benches/scale/corpus/full/random_magma_n8_k1_random_half_i25.model,0.675,DEFINABLE
hit,/home/pventura/src/OpenDefAlgSplitting/benches/scale/corpus/full/random_magma_n8_k1_random_half_i26.model,1.001,DEFINABLE
hit,/home/pventura/src/OpenDefAlgSplitting/benches/scale/corpus/full/random_magma_n8_k1_random_half_i27.model,0.925,DEFINABLE
hit,/home/pventura/src/OpenDefAlgSplitting/benches/scale/corpus/full/random_magma_n8_k1_random_half_i28.model,0.847,DEFINABLE
hit,/home/pventura/src/OpenDefAlgSplitting/benches/scale/corpus/full/random_magma_n8_k1_random_half_i29.model,0.918,DEFINABLE
hit,/home/pventura/src/OpenDefAlgSplitting/benches/scale/corpus/full/random_magma_n8_k1_random_half_i3.model,0.773,DEFINABLE
hit,/home/pventura/src/OpenDefAlgSplitting/benches/scale/corpus/full/random_magma_n8_k1_random_half_i4.model,0.235,NOT_DEFINABLE
hit,/home/pventura/src/OpenDefAlgSplitting/benches/scale/corpus/full/random_magma_n8_k1_random_half_i5.model,0.785,DEFINABLE
hit,/home/pventura/src/OpenDefAlgSplitting/benches/scale/corpus/full/random_magma_n8_k1_random_half_i6.model,0.774,DEFINABLE
hit,/home/pventura/src/OpenDefAlgSplitting/benches/scale/corpus/full/random_magma_n8_k1_random_half_i7.model,0.709,DEFINABLE
hit,/home/pventura/src/OpenDefAlgSplitting/benches/scale/corpus/full/random_magma_n8_k1_random_half_i8.model,0.321,NOT_DEFINABLE
hit,/home/pventura/src/OpenDefAlgSplitting/benches/scale/corpus/full/random_magma_n8_k1_random_half_i9.model,0.969,DEFINABLE
hit,/home/pventura/src/OpenDefAlgSplitting/benches/scale/corpus/full/random_magma_n8_k2_definable_eq_i0.model,0.397,DEFINABLE
hit,/home/pventura/src/OpenDefAlgSplitting/benches/scale/corpus/full/random_magma_n8_k2_definable_eq_i1.model,0.437,DEFINABLE
hit,/home/pventura/src/OpenDefAlgSplitting/benches/scale/corpus/full/random_magma_n8_k2_definable_eq_i10.model,0.372,DEFINABLE
hit,/home/pventura/src/OpenDefAlgSplitting/benches/scale/corpus/full/random_magma_n8_k2_definable_eq_i11.model,0.441,DEFINABLE
hit,/home/pventura/src/OpenDefAlgSplitting/benches/scale/corpus/full/random_magma_n8_k2_definable_eq_i12.model,0.445,DEFINABLE
hit,/home/pventura/src/OpenDefAlgSplitting/benches/scale/corpus/full/random_magma_n8_k2_definable_eq_i13.model,0.397,DEFINABLE
hit,/home/pventura/src/OpenDefAlgSplitting/benches/scale/corpus/full/random_magma_n8_k2_definable_eq_i14.model,0.448,DEFINABLE
hit,/home/pventura/src/OpenDefAlgSplitting/benches/scale/corpus/full/random_magma_n8_k2_definable_eq_i15.model,0.363,DEFINABLE
hit,/home/pventura/src/OpenDefAlgSplitting/benches/scale/corpus/full/random_magma_n8_k2_definable_eq_i16.model,0.390,DEFINABLE
hit,/home/pventura/src/OpenDefAlgSplitting/benches/scale/corpus/full/random_magma_n8_k2_definable_eq_i17.model,0.471,DEFINABLE
hit,/home/pventura/src/OpenDefAlgSplitting/benches/scale/corpus/full/random_magma_n8_k2_definable_eq_i18.model,0.451,DEFINABLE
hit,/home/pventura/src/OpenDefAlgSplitting/benches/scale/corpus/full/random_magma_n8_k2_definable_eq_i19.model,0.403,DEFINABLE
hit,/home/pventura/src/OpenDefAlgSplitting/benches/scale/corpus/full/random_magma_n8_k2_definable_eq_i2.model,0.359,DEFINABLE
hit,/home/pventura/src/OpenDefAlgSplitting/benches/scale/corpus/full/random_magma_n8_k2_definable_eq_i20.model,0.409,DEFINABLE
hit,/home/pventura/src/OpenDefAlgSplitting/benches/scale/corpus/full/random_magma_n8_k2_definable_eq_i21.model,0.347,DEFINABLE
hit,/home/pventura/src/OpenDefAlgSplitting/benches/scale/corpus/full/random_magma_n8_k2_definable_eq_i22.model,0.406,DEFINABLE
hit,/home/pventura/src/OpenDefAlgSplitting/benches/scale/corpus/full/random_magma_n8_k2_definable_eq_i23.model,0.547,DEFINABLE
hit,/home/pventura/src/OpenDefAlgSplitting/benches/scale/corpus/full/random_magma_n8_k2_definable_eq_i24.model,0.437,DEFINABLE
hit,/home/pventura/src/OpenDefAlgSplitting/benches/scale/corpus/full/random_magma_n8_k2_definable_eq_i25.model,0.285,DEFINABLE
hit,/home/pventura/src/OpenDefAlgSplitting/benches/scale/corpus/full/random_magma_n8_k2_definable_eq_i26.model,0.487,DEFINABLE
hit,/home/pventura/src/OpenDefAlgSplitting/benches/scale/corpus/full/random_magma_n8_k2_definable_eq_i27.model,0.394,DEFINABLE
hit,/home/pventura/src/OpenDefAlgSplitting/benches/scale/corpus/full/random_magma_n8_k2_definable_eq_i28.model,0.384,DEFINABLE
hit,/home/pventura/src/OpenDefAlgSplitting/benches/scale/corpus/full/random_magma_n8_k2_definable_eq_i29.model,0.415,DEFINABLE
hit,/home/pventura/src/OpenDefAlgSplitting/benches/scale/corpus/full/random_magma_n8_k2_definable_eq_i3.model,0.380,DEFINABLE
hit,/home/pventura/src/OpenDefAlgSplitting/benches/scale/corpus/full/random_magma_n8_k2_definable_eq_i4.model,0.424,DEFINABLE
hit,/home/pventura/src/OpenDefAlgSplitting/benches/scale/corpus/full/random_magma_n8_k2_definable_eq_i5.model,0.536,DEFINABLE
hit,/home/pventura/src/OpenDefAlgSplitting/benches/scale/corpus/full/random_magma_n8_k2_definable_eq_i6.model,0.394,DEFINABLE
hit,/home/pventura/src/OpenDefAlgSplitting/benches/scale/corpus/full/random_magma_n8_k2_definable_eq_i7.model,0.418,DEFINABLE
hit,/home/pventura/src/OpenDefAlgSplitting/benches/scale/corpus/full/random_magma_n8_k2_definable_eq_i8.model,0.417,DEFINABLE
hit,/home/pventura/src/OpenDefAlgSplitting/benches/scale/corpus/full/random_magma_n8_k2_definable_eq_i9.model,0.423,DEFINABLE
hit,/home/pventura/src/OpenDefAlgSplitting/benches/scale/corpus/full/random_magma_n8_k2_nondef_mix_i0.model,4.344,DEFINABLE
hit,/home/pventura/src/OpenDefAlgSplitting/benches/scale/corpus/full/random_magma_n8_k2_nondef_mix_i1.model,4.605,DEFINABLE
hit,/home/pventura/src/OpenDefAlgSplitting/benches/scale/corpus/full/random_magma_n8_k2_nondef_mix_i10.model,0.200,NOT_DEFINABLE
hit,/home/pventura/src/OpenDefAlgSplitting/benches/scale/corpus/full/random_magma_n8_k2_nondef_mix_i11.model,0.511,NOT_DEFINABLE
hit,/home/pventura/src/OpenDefAlgSplitting/benches/scale/corpus/full/random_magma_n8_k2_nondef_mix_i12.model,4.284,DEFINABLE
hit,/home/pventura/src/OpenDefAlgSplitting/benches/scale/corpus/full/random_magma_n8_k2_nondef_mix_i13.model,4.450,DEFINABLE
hit,/home/pventura/src/OpenDefAlgSplitting/benches/scale/corpus/full/random_magma_n8_k2_nondef_mix_i14.model,4.290,DEFINABLE
hit,/home/pventura/src/OpenDefAlgSplitting/benches/scale/corpus/full/random_magma_n8_k2_nondef_mix_i15.model,4.359,DEFINABLE
hit,/home/pventura/src/OpenDefAlgSplitting/benches/scale/corpus/full/random_magma_n8_k2_nondef_mix_i16.model,0.216,NOT_DEFINABLE
hit,/home/pventura/src/OpenDefAlgSplitting/benches/scale/corpus/full/random_magma_n8_k2_nondef_mix_i17.model,4.403,DEFINABLE
hit,/home/pventura/src/OpenDefAlgSplitting/benches/scale/corpus/full/random_magma_n8_k2_nondef_mix_i18.model,4.629,DEFINABLE
hit,/home/pventura/src/OpenDefAlgSplitting/benches/scale/corpus/full/random_magma_n8_k2_nondef_mix_i19.model,4.540,DEFINABLE
hit,/home/pventura/src/OpenDefAlgSplitting/benches/scale/corpus/full/random_magma_n8_k2_nondef_mix_i2.model,4.182,DEFINABLE
hit,/home/pventura/src/OpenDefAlgSplitting/benches/scale/corpus/full/random_magma_n8_k2_nondef_mix_i20.model,4.312,DEFINABLE
hit,/home/pventura/src/OpenDefAlgSplitting/benches/scale/corpus/full/random_magma_n8_k2_nondef_mix_i21.model,4.197,DEFINABLE
hit,/home/pventura/src/OpenDefAlgSplitting/benches/scale/corpus/full/random_magma_n8_k2_nondef_mix_i22.model,4.221,DEFINABLE
hit,/home/pventura/src/OpenDefAlgSplitting/benches/scale/corpus/full/random_magma_n8_k2_nondef_mix_i23.model,4.332,DEFINABLE
hit,/home/pventura/src/OpenDefAlgSplitting/benches/scale/corpus/full/random_magma_n8_k2_nondef_mix_i24.model,4.419,DEFINABLE
hit,/home/pventura/src/OpenDefAlgSplitting/benches/scale/corpus/full/random_magma_n8_k2_nondef_mix_i25.model,4.366,DEFINABLE
hit,/home/pventura/src/OpenDefAlgSplitting/benches/scale/corpus/full/random_magma_n8_k2_nondef_mix_i26.model,4.371,DEFINABLE
hit,/home/pventura/src/OpenDefAlgSplitting/benches/scale/corpus/full/random_magma_n8_k2_nondef_mix_i27.model,4.753,DEFINABLE
hit,/home/pventura/src/OpenDefAlgSplitting/benches/scale/corpus/full/random_magma_n8_k2_nondef_mix_i28.model,0.303,NOT_DEFINABLE
hit,/home/pventura/src/OpenDefAlgSplitting/benches/scale/corpus/full/random_magma_n8_k2_nondef_mix_i29.model,4.508,DEFINABLE
hit,/home/pventura/src/OpenDefAlgSplitting/benches/scale/corpus/full/random_magma_n8_k2_nondef_mix_i3.model,4.275,DEFINABLE
hit,/home/pventura/src/OpenDefAlgSplitting/benches/scale/corpus/full/random_magma_n8_k2_nondef_mix_i4.model,4.180,DEFINABLE
hit,/home/pventura/src/OpenDefAlgSplitting/benches/scale/corpus/full/random_magma_n8_k2_nondef_mix_i5.model,4.406,DEFINABLE
hit,/home/pventura/src/OpenDefAlgSplitting/benches/scale/corpus/full/random_magma_n8_k2_nondef_mix_i6.model,4.357,DEFINABLE
hit,/home/pventura/src/OpenDefAlgSplitting/benches/scale/corpus/full/random_magma_n8_k2_nondef_mix_i7.model,4.558,DEFINABLE
hit,/home/pventura/src/OpenDefAlgSplitting/benches/scale/corpus/full/random_magma_n8_k2_nondef_mix_i8.model,4.232,DEFINABLE
hit,/home/pventura/src/OpenDefAlgSplitting/benches/scale/corpus/full/random_magma_n8_k2_nondef_mix_i9.model,4.345,DEFINABLE
hit,/home/pventura/src/OpenDefAlgSplitting/benches/scale/corpus/full/random_magma_n8_k2_random_half_i0.model,4.360,DEFINABLE
hit,/home/pventura/src/OpenDefAlgSplitting/benches/scale/corpus/full/random_magma_n8_k2_random_half_i1.model,0.201,NOT_DEFINABLE
hit,/home/pventura/src/OpenDefAlgSplitting/benches/scale/corpus/full/random_magma_n8_k2_random_half_i10.model,4.845,DEFINABLE
hit,/home/pventura/src/OpenDefAlgSplitting/benches/scale/corpus/full/random_magma_n8_k2_random_half_i11.model,4.256,DEFINABLE
hit,/home/pventura/src/OpenDefAlgSplitting/benches/scale/corpus/full/random_magma_n8_k2_random_half_i12.model,4.624,DEFINABLE
hit,/home/pventura/src/OpenDefAlgSplitting/benches/scale/corpus/full/random_magma_n8_k2_random_half_i13.model,3.991,DEFINABLE
hit,/home/pventura/src/OpenDefAlgSplitting/benches/scale/corpus/full/random_magma_n8_k2_random_half_i14.model,4.619,DEFINABLE
hit,/home/pventura/src/OpenDefAlgSplitting/benches/scale/corpus/full/random_magma_n8_k2_random_half_i15.model,4.420,DEFINABLE
hit,/home/pventura/src/OpenDefAlgSplitting/benches/scale/corpus/full/random_magma_n8_k2_random_half_i16.model,4.377,DEFINABLE
hit,/home/pventura/src/OpenDefAlgSplitting/benches/scale/corpus/full/random_magma_n8_k2_random_half_i17.model,4.536,DEFINABLE
hit,/home/pventura/src/OpenDefAlgSplitting/benches/scale/corpus/full/random_magma_n8_k2_random_half_i18.model,4.359,DEFINABLE
hit,/home/pventura/src/OpenDefAlgSplitting/benches/scale/corpus/full/random_magma_n8_k2_random_half_i19.model,4.394,DEFINABLE
hit,/home/pventura/src/OpenDefAlgSplitting/benches/scale/corpus/full/random_magma_n8_k2_random_half_i2.model,4.451,DEFINABLE
hit,/home/pventura/src/OpenDefAlgSplitting/benches/scale/corpus/full/random_magma_n8_k2_random_half_i20.model,4.327,DEFINABLE
hit,/home/pventura/src/OpenDefAlgSplitting/benches/scale/corpus/full/random_magma_n8_k2_random_half_i21.model,4.422,DEFINABLE
hit,/home/pventura/src/OpenDefAlgSplitting/benches/scale/corpus/full/random_magma_n8_k2_random_half_i22.model,4.370,DEFINABLE
hit,/home/pventura/src/OpenDefAlgSplitting/benches/scale/corpus/full/random_magma_n8_k2_random_half_i23.model,0.243,NOT_DEFINABLE
hit,/home/pventura/src/OpenDefAlgSplitting/benches/scale/corpus/full/random_magma_n8_k2_random_half_i24.model,0.161,NOT_DEFINABLE
hit,/home/pventura/src/OpenDefAlgSplitting/benches/scale/corpus/full/random_magma_n8_k2_random_half_i25.model,4.507,DEFINABLE
hit,/home/pventura/src/OpenDefAlgSplitting/benches/scale/corpus/full/random_magma_n8_k2_random_half_i26.model,0.347,NOT_DEFINABLE
hit,/home/pventura/src/OpenDefAlgSplitting/benches/scale/corpus/full/random_magma_n8_k2_random_half_i27.model,4.369,DEFINABLE
hit,/home/pventura/src/OpenDefAlgSplitting/benches/scale/corpus/full/random_magma_n8_k2_random_half_i28.model,4.156,DEFINABLE
hit,/home/pventura/src/OpenDefAlgSplitting/benches/scale/corpus/full/random_magma_n8_k2_random_half_i29.model,4.295,DEFINABLE
hit,/home/pventura/src/OpenDefAlgSplitting/benches/scale/corpus/full/random_magma_n8_k2_random_half_i3.model,3.968,DEFINABLE
hit,/home/pventura/src/OpenDefAlgSplitting/benches/scale/corpus/full/random_magma_n8_k2_random_half_i4.model,5.994,DEFINABLE
hit,/home/pventura/src/OpenDefAlgSplitting/benches/scale/corpus/full/random_magma_n8_k2_random_half_i5.model,4.592,DEFINABLE
hit,/home/pventura/src/OpenDefAlgSplitting/benches/scale/corpus/full/random_magma_n8_k2_random_half_i6.model,4.284,DEFINABLE
hit,/home/pventura/src/OpenDefAlgSplitting/benches/scale/corpus/full/random_magma_n8_k2_random_half_i7.model,0.233,NOT_DEFINABLE
hit,/home/pventura/src/OpenDefAlgSplitting/benches/scale/corpus/full/random_magma_n8_k2_random_half_i8.model,4.193,DEFINABLE
hit,/home/pventura/src/OpenDefAlgSplitting/benches/scale/corpus/full/random_magma_n8_k2_random_half_i9.model,4.214,DEFINABLE
