model,hit,merge,hit_ms,merge_ms,agree
chain_unary_n128_k1_definable_fixed_i0.model,DEFINABLE,DEFINABLE,75.346,33.732,1
chain_unary_n128_k1_definable_fixed_i1.model,DEFINABLE,DEFINABLE,75.386,33.718,1
chain_unary_n128_k1_definable_fixed_i10.model,DEFINABLE,DEFINABLE,75.080,33.478,1
chain_unary_n128_k1_definable_fixed_i11.model,DEFINABLE,DEFINABLE,75.234,33.573,1
chain_unary_n128_k1_definable_fixed_i12.model,DEFINABLE,DEFINABLE,75.141,33.358,1
chain_unary_n128_k1_definable_fixed_i13.model,DEFINABLE,DEFINABLE,74.917,33.794,1
chain_unary_n128_k1_definable_fixed_i14.model,DEFINABLE,DEFINABLE,75.613,33.637,1
chain_unary_n128_k1_definable_fixed_i15.model,DEFINABLE,DEFINABLE,75.607,33.669,1
chain_unary_n128_k1_definable_fixed_i16.model,DEFINABLE,DEFINABLE,75.354,33.978,1
chain_unary_n128_k1_definable_fixed_i17.model,DEFINABLE,DEFINABLE,75.351,33.887,1
chain_unary_n128_k1_definable_fixed_i18.model,DEFINABLE,DEFINABLE,75.547,33.418,1
chain_unary_n128_k1_definable_fixed_i19.model,DEFINABLE,DEFINABLE,75.141,33.682,1
chain_unary_n128_k1_definable_fixed_i2.model,DEFINABLE,DEFINABLE,75.378,33.587,1
chain_unary_n128_k1_definable_fixed_i20.model,DEFINABLE,DEFINABLE,75.855,33.808,1
chain_unary_n128_k1_definable_fixed_i21.model,DEFINABLE,DEFINABLE,75.364,33.894,1
chain_unary_n128_k1_definable_fixed_i22.model,DEFINABLE,DEFINABLE,75.474,33.548,1
chain_unary_n128_k1_definable_fixed_i23.model,DEFINABLE,DEFINABLE,76.358,33.643,1
chain_unary_n128_k1_definable_fixed_i24.model,DEFINABLE,DEFINABLE,75.020,33.322,1
chain_unary_n128_k1_definable_fixed_i25.model,DEFINABLE,DEFINABLE,75.545,33.807,1
chain_unary_n128_k1_definable_fixed_i26.model,DEFINABLE,DEFINABLE,75.302,33.194,1
chain_unary_n128_k1_definable_fixed_i27.model,DEFINABLE,DEFINABLE,74.890,34.174,1
chain_unary_n128_k1_definable_fixed_i28.model,DEFINABLE,DEFINABLE,75.839,33.281,1
chain_unary_n128_k1_definable_fixed_i29.model,DEFINABLE,DEFINABLE,74.960,34.129,1
chain_unary_n128_k1_definable_fixed_i3.model,DEFINABLE,DEFINABLE,75.464,33.438,1
chain_unary_n128_k1_definable_fixed_i4.model,DEFINABLE,DEFINABLE,76.112,33.378,1
chain_unary_n128_k1_definable_fixed_i5.model,DEFINABLE,DEFINABLE,75.188,33.360,1
chain_unary_n128_k1_definable_fixed_i6.model,DEFINABLE,DEFINABLE,76.566,33.253,1
chain_unary_n128_k1_definable_fixed_i7.model,DEFINABLE,DEFINABLE,75.190,33.488,1
chain_unary_n128_k1_definable_fixed_i8.model,DEFINABLE,DEFINABLE,75.494,33.709,1
chain_unary_n128_k1_definable_fixed_i9.model,DEFINABLE,DEFINABLE,75.156,33.813,1
chain_unary_n128_k1_nondef_mix_i0.model,DEFINABLE,DEFINABLE,77.307,33.439,1
chain_unary_n128_k1_nondef_mix_i1.model,DEFINABLE,DEFINABLE,76.548,33.423,1
chain_unary_n128_k1_nondef_mix_i10.model,DEFINABLE,DEFINABLE,78.710,33.743,1
chain_unary_n128_k1_nondef_mix_i11.model,DEFINABLE,DEFINABLE,76.784,33.718,1
chain_unary_n128_k1_nondef_mix_i12.model,DEFINABLE,DEFINABLE,76.583,33.495,1
chain_unary_n128_k1_nondef_mix_i13.model,DEFINABLE,DEFINABLE,76.913,33.453,1
chain_unary_n128_k1_nondef_mix_i14.model,DEFINABLE,DEFINABLE,76.659,34.354,1
chain_unary_n128_k1_nondef_mix_i15.model,DEFINABLE,DEFINABLE,76.508,33.877,1
chain_unary_n128_k1_nondef_mix_i16.model,DEFINABLE,DEFINABLE,76.823,34.273,1
chain_unary_n128_k1_nondef_mix_i17.model,DEFINABLE,DEFINABLE,76.288,33.420,1
chain_unary_n128_k1_nondef_mix_i18.model,DEFINABLE,DEFINABLE,76.694,33.145,1
chain_unary_n128_k1_nondef_mix_i19.model,DEFINABLE,DEFINABLE,76.759,33.253,1
chain_unary_n128_k1_nondef_mix_i2.model,DEFINABLE,DEFINABLE,78.016,33.193,1
chain_unary_n128_k1_nondef_mix_i20.model,DEFINABLE,DEFINABLE,76.774,33.843,1
chain_unary_n128_k1_nondef_mix_i21.model,DEFINABLE,DEFINABLE,76.769,33.755,1
chain_unary_n128_k1_nondef_mix_i22.model,DEFINABLE,DEFINABLE,78.010,33.434,1
chain_unary_n128_k1_nondef_mix_i23.model,DEFINABLE,DEFINABLE,76.838,33.966,1
chain_unary_n128_k1_nondef_mix_i24.model,DEFINABLE,DEFINABLE,76.985,33.578,1
chain_unary_n128_k1_nondef_mix_i25.model,DEFINABLE,DEFINABLE,77.126,33.484,1
chain_unary_n128_k1_nondef_mix_i26.model,DEFINABLE,DEFINABLE,77.577,34.023,1
chain_unary_n128_k1_nondef_mix_i27.model,DEFINABLE,DEFINABLE,76.600,33.604,1
chain_unary_n128_k1_nondef_mix_i28.model,DEFINABLE,DEFINABLE,77.978,33.383,1
chain_unary_n128_k1_nondef_mix_i29.model,DEFINABLE,DEFINABLE,76.501,33.740,1
chain_unary_n128_k1_nondef_mix_i3.model,DEFINABLE,DEFINABLE,76.978,33.397,1
chain_unary_n128_k1_nondef_mix_i4.model,DEFINABLE,DEFINABLE,76.635,33.376,1
chain_unary_n128_k1_nondef_mix_i5.model,DEFINABLE,DEFINABLE,78.434,34.008,1
chain_unary_n128_k1_nondef_mix_i6.model,DEFINABLE,DEFINABLE,76.891,33.649,1
chain_unary_n128_k1_nondef_mix_i7.model,DEFINABLE,DEFINABLE,76.762,34.136,1
chain_unary_n128_k1_nondef_mix_i8.model,DEFINABLE,DEFINABLE,77.532,33.356,1
chain_unary_n128_k1_nondef_mix_i9.model,DEFINABLE,DEFINABLE,76.539,34.053,1
chain_unary_n16_k1_definable_fixed_i0.model,DEFINABLE,DEFINABLE,0.839,0.284,1
chain_unary_n16_k1_definable_fixed_i1.model,DEFINABLE,DEFINABLE,0.677,0.285,1
chain_unary_n16_k1_definable_fixed_i10.model,DEFINABLE,DEFINABLE,0.911,0.301,1
chain_unary_n16_k1_definable_fixed_i11.model,DEFINABLE,DEFINABLE,0.918,0.292,1
chain_unary_n16_k1_definable_fixed_i12.model,DEFINABLE,DEFINABLE,0.703,0.288,1
chain_unary_n16_k1_definable_fixed_i13.model,DEFINABLE,DEFINABLE,0.777,0.282,1
chain_unary_n16_k1_definable_fixed_i14.model,DEFINABLE,DEFINABLE,0.889,0.277,1
chain_unary_n16_k1_definable_fixed_i15.model,DEFINABLE,DEFINABLE,0.657,0.285,1
chain_unary_n16_k1_definable_fixed_i16.model,DEFINABLE,DEFINABLE,0.841,0.296,1
chain_unary_n16_k1_definable_fixed_i17.model,DEFINABLE,DEFINABLE,0.873,0.308,1
chain_unary_n16_k1_definable_fixed_i18.model,DEFINABLE,DEFINABLE,0.755,0.275,1
chain_unary_n16_k1_definable_fixed_i19.model,DEFINABLE,DEFINABLE,0.876,0.297,1
chain_unary_n16_k1_definable_fixed_i2.model,DEFINABLE,DEFINABLE,0.645,0.311,1
chain_unary_n16_k1_definable_fixed_i20.model,DEFINABLE,DEFINABLE,0.996,0.280,1
chain_unary_n16_k1_definable_fixed_i21.model,DEFINABLE,DEFINABLE,0.716,0.304,1
chain_unary_n16_k1_definable_fixed_i22.model,DEFINABLE,DEFINABLE,0.629,0.280,1
chain_unary_n16_k1_definable_fixed_i23.model,DEFINABLE,DEFINABLE,0.926,0.288,1
chain_unary_n16_k1_definable_fixed_i24.model,DEFINABLE,DEFINABLE,0.693,0.280,1
chain_unary_n16_k1_definable_fixed_i25.model,DEFINABLE,DEFINABLE,0.643,0.281,1
chain_unary_n16_k1_definable_fixed_i26.model,DEFINABLE,DEFINABLE,0.645,0.291,1
chain_unary_n16_k1_definable_fixed_i27.model,DEFINABLE,DEFINABLE,0.757,0.283,1
chain_unary_n16_k1_definable_fixed_i28.model,DEFINABLE,DEFINABLE,0.761,0.281,1
chain_unary_n16_k1_definable_fixed_i29.model,DEFINABLE,DEFINABLE,0.877,0.301,1
chain_unary_n16_k1_definable_fixed_i3.model,DEFINABLE,DEFINABLE,0.796,0.302,1
chain_unary_n16_k1_definable_fixed_i4.model,DEFINABLE,DEFINABLE,1.055,0.295,1
chain_unary_n16_k1_definable_fixed_i5.model,DEFINABLE,DEFINABLE,1.019,0.305,1
chain_unary_n16_k1_definable_fixed_i6.model,DEFINABLE,DEFINABLE,1.041,0.300,1
chain_unary_n16_k1_definable_fixed_i7.model,DEFINABLE,DEFINABLE,0.848,0.354,1
chain_unary_n16_k1_definable_fixed_i8.model,DEFINABLE,DEFINABLE,1.022,0.279,1
chain_unary_n16_k1_definable_fixed_i9.model,DEFINABLE,DEFINABLE,0.907,0.292,1
chain_unary_n16_k1_nondef_mix_i0.model,DEFINABLE,DEFINABLE,1.025,0.296,1
chain_unary_n16_k1_nondef_mix_i1.model,DEFINABLE,DEFINABLE,0.986,0.356,1
chain_unary_n16_k1_nondef_mix_i10.model,DEFINABLE,DEFINABLE,0.931,0.293,1
chain_unary_n16_k1_nondef_mix_i11.model,DEFINABLE,DEFINABLE,1.034,0.287,1
chain_unary_n16_k1_nondef_mix_i12.model,DEFINABLE,DEFINABLE,0.624,0.290,1
chain_unary_n16_k1_nondef_mix_i13.model,DEFINABLE,DEFINABLE,0.988,0.285,1
chain_unary_n16_k1_nondef_mix_i14.model,DEFINABLE,DEFINABLE,0.663,0.311,1
chain_unary_n16_k1_nondef_mix_i15.model,DEFINABLE,DEFINABLE,0.664,0.282,1
chain_unary_n16_k1_nondef_mix_i16.model,DEFINABLE,DEFINABLE,0.869,0.310,1
chain_unary_n16_k1_nondef_mix_i17.model,DEFINABLE,DEFINABLE,0.667,0.278,1
chain_unary_n16_k1_nondef_mix_i18.model,DEFINABLE,DEFINABLE,0.613,0.317,1
chain_unary_n16_k1_nondef_mix_i19.model,DEFINABLE,DEFINABLE,0.645,0.303,1
chain_unary_n16_k1_nondef_mix_i2.model,DEFINABLE,DEFINABLE,0.655,0.367,1
chain_unary_n16_k1_nondef_mix_i20.model,DEFINABLE,DEFINABLE,0.644,0.282,1
chain_unary_n16_k1_nondef_mix_i21.model,DEFINABLE,DEFINABLE,0.921,0.277,1
chain_unary_n16_k1_nondef_mix_i22.model,DEFINABLE,DEFINABLE,0.712,0.322,1
chain_unary_n16_k1_nondef_mix_i23.model,DEFINABLE,DEFINABLE,0.655,0.287,1
chain_unary_n16_k1_nondef_mix_i24.model,DEFINABLE,DEFINABLE,0.916,0.287,1
chain_unary_n16_k1_nondef_mix_i25.model,DEFINABLE,DEFINABLE,0.708,0.282,1
chain_unary_n16_k1_nondef_mix_i26.model,DEFINABLE,DEFINABLE,0.706,0.297,1
chain_unary_n16_k1_nondef_mix_i27.model,DEFINABLE,DEFINABLE,0.971,0.278,1
chain_unary_n16_k1_nondef_mix_i28.model,DEFINABLE,DEFINABLE,0.994,0.284,1
chain_unary_n16_k1_nondef_mix_i29.model,DEFINABLE,DEFINABLE,0.958,0.285,1
chain_unary_n16_k1_nondef_mix_i3.model,DEFINABLE,DEFINABLE,0.868,0.309,1
chain_unary_n16_k1_nondef_mix_i4.model,DEFINABLE,DEFINABLE,1.012,0.306,1
chain_unary_n16_k1_nondef_mix_i5.model,DEFINABLE,DEFINABLE,1.052,0.285,1
chain_unary_n16_k1_nondef_mix_i6.model,DEFINABLE,DEFINABLE,1.227,0.279,1
chain_unary_n16_k1_nondef_mix_i7.model,DEFINABLE,DEFINABLE,0.774,0.286,1
chain_unary_n16_k1_nondef_mix_i8.model,DEFINABLE,DEFINABLE,0.763,0.348,1
chain_unary_n16_k1_nondef_mix_i9.model,DEFINABLE,DEFINABLE,0.748,0.276,1
chain_unary_n32_k1_definable_fixed_i0.model,DEFINABLE,DEFINABLE,2.489,1.354,1
chain_unary_n32_k1_definable_fixed_i1.model,DEFINABLE,DEFINABLE,2.256,1.138,1
chain_unary_n32_k1_definable_fixed_i10.model,DEFINABLE,DEFINABLE,2.035,1.168,1
chain_unary_n32_k1_definable_fixed_i11.model,DEFINABLE,DEFINABLE,2.592,1.132,1
chain_unary_n32_k1_definable_fixed_i12.model,DEFINABLE,DEFINABLE,2.081,1.201,1
chain_unary_n32_k1_definable_fixed_i13.model,DEFINABLE,DEFINABLE,2.252,1.270,1
chain_unary_n32_k1_definable_fixed_i14.model,DEFINABLE,DEFINABLE,2.260,1.340,1
chain_unary_n32_k1_definable_fixed_i15.model,DEFINABLE,DEFINABLE,2.153,1.499,1
chain_unary_n32_k1_definable_fixed_i16.model,DEFINABLE,DEFINABLE,2.254,1.168,1
chain_unary_n32_k1_definable_fixed_i17.model,DEFINABLE,DEFINABLE,2.263,1.159,1
chain_unary_n32_k1_definable_fixed_i18.model,DEFINABLE,DEFINABLE,2.498,1.167,1
chain_unary_n32_k1_definable_fixed_i19.model,DEFINABLE,DEFINABLE,2.373,1.157,1
chain_unary_n32_k1_definable_fixed_i2.model,DEFINABLE,DEFINABLE,2.327,1.143,1
chain_unary_n32_k1_definable_fixed_i20.model,DEFINABLE,DEFINABLE,2.405,1.164,1
chain_unary_n32_k1_definable_fixed_i21.model,DEFINABLE,DEFINABLE,2.294,1.140,1
chain_unary_n32_k1_definable_fixed_i22.model,DEFINABLE,DEFINABLE,2.200,1.452,1
chain_unary_n32_k1_definable_fixed_i23.model,DEFINABLE,DEFINABLE,2.480,1.470,1
chain_unary_n32_k1_definable_fixed_i24.model,DEFINABLE,DEFINABLE,2.232,1.324,1
chain_unary_n32_k1_definable_fixed_i25.model,DEFINABLE,DEFINABLE,2.499,1.440,1
chain_unary_n32_k1_definable_fixed_i26.model,DEFINABLE,DEFINABLE,2.176,1.529,1
chain_unary_n32_k1_definable_fixed_i27.model,DEFINABLE,DEFINABLE,2.260,1.152,1
chain_unary_n32_k1_definable_fixed_i28.model,DEFINABLE,DEFINABLE,2.305,1.145,1
chain_unary_n32_k1_definable_fixed_i29.model,DEFINABLE,DEFINABLE,2.400,1.141,1
chain_unary_n32_k1_definable_fixed_i3.model,DEFINABLE,DEFINABLE,2.206,1.159,1
chain_unary_n32_k1_definable_fixed_i4.model,DEFINABLE,DEFINABLE,2.449,1.322,1
chain_unary_n32_k1_definable_fixed_i5.model,DEFINABLE,DEFINABLE,2.241,1.151,1
chain_unary_n32_k1_definable_fixed_i6.model,DEFINABLE,DEFINABLE,2.157,1.170,1
chain_unary_n32_k1_definable_fixed_i7.model,DEFINABLE,DEFINABLE,2.239,1.189,1
chain_unary_n32_k1_definable_fixed_i8.model,DEFINABLE,DEFINABLE,2.094,1.519,1
chain_unary_n32_k1_definable_fixed_i9.model,DEFINABLE,DEFINABLE,2.190,1.466,1
chain_unary_n32_k1_nondef_mix_i0.model,DEFINABLE,DEFINABLE,2.249,1.418,1
chain_unary_n32_k1_nondef_mix_i1.model,DEFINABLE,DEFINABLE,2.591,1.135,1
chain_unary_n32_k1_nondef_mix_i10.model,DEFINABLE,DEFINABLE,2.312,1.130,1
chain_unary_n32_k1_nondef_mix_i11.model,DEFINABLE,DEFINABLE,2.234,1.345,1
chain_unary_n32_k1_nondef_mix_i12.model,DEFINABLE,DEFINABLE,2.294,1.768,1
chain_unary_n32_k1_nondef_mix_i13.model,DEFINABLE,DEFINABLE,2.195,1.391,1
chain_unary_n32_k1_nondef_mix_i14.model,DEFINABLE,DEFINABLE,2.424,1.632,1
chain_unary_n32_k1_nondef_mix_i15.model,DEFINABLE,DEFINABLE,2.283,1.418,1
chain_unary_n32_k1_nondef_mix_i16.model,DEFINABLE,DEFINABLE,2.249,1.433,1
chain_unary_n32_k1_nondef_mix_i17.model,DEFINABLE,DEFINABLE,2.407,1.135,1
chain_unary_n32_k1_nondef_mix_i18.model,DEFINABLE,DEFINABLE,2.187,1.143,1
chain_unary_n32_k1_nondef_mix_i19.model,DEFINABLE,DEFINABLE,2.321,1.590,1
chain_unary_n32_k1_nondef_mix_i2.model,DEFINABLE,DEFINABLE,2.177,1.172,1
chain_unary_n32_k1_nondef_mix_i20.model,DEFINABLE,DEFINABLE,2.343,1.580,1
chain_unary_n32_k1_nondef_mix_i21.model,DEFINABLE,DEFINABLE,2.144,1.141,1
chain_unary_n32_k1_nondef_mix_i22.model,DEFINABLE,DEFINABLE,2.284,1.595,1
chain_unary_n32_k1_nondef_mix_i23.model,DEFINABLE,DEFINABLE,2.381,1.336,1
chain_unary_n32_k1_nondef_mix_i24.model,DEFINABLE,DEFINABLE,2.178,1.287,1
chain_unary_n32_k1_nondef_mix_i25.model,DEFINABLE,DEFINABLE,2.345,1.434,1
chain_unary_n32_k1_nondef_mix_i26.model,DEFINABLE,DEFINABLE,2.230,1.368,1
chain_unary_n32_k1_nondef_mix_i27.model,DEFINABLE,DEFINABLE,2.157,1.684,1
chain_unary_n32_k1_nondef_mix_i28.model,DEFINABLE,DEFINABLE,2.134,1.545,1
chain_unary_n32_k1_nondef_mix_i29.model,DEFINABLE,DEFINABLE,2.307,1.557,1
chain_unary_n32_k1_nondef_mix_i3.model,DEFINABLE,DEFINABLE,2.217,1.683,1
chain_unary_n32_k1_nondef_mix_i4.model,DEFINABLE,DEFINABLE,2.443,1.351,1
chain_unary_n32_k1_nondef_mix_i5.model,DEFINABLE,DEFINABLE,2.413,1.126,1
chain_unary_n32_k1_nondef_mix_i6.model,DEFINABLE,DEFINABLE,2.504,1.140,1
chain_unary_n32_k1_nondef_mix_i7.model,DEFINABLE,DEFINABLE,2.396,1.328,1
chain_unary_n32_k1_nondef_mix_i8.model,DEFINABLE,DEFINABLE,2.558,1.610,1
chain_unary_n32_k1_nondef_mix_i9.model,DEFINABLE,DEFINABLE,2.377,1.186,1
chain_unary_n4_k1_definable_fixed_i0.model,DEFINABLE,DEFINABLE,0.326,0.090,1
chain_unary_n4_k1_definable_fixed_i1.model,DEFINABLE,DEFINABLE,0.444,0.116,1
chain_unary_n4_k1_definable_fixed_i10.model,DEFINABLE,DEFINABLE,0.406,0.080,1
chain_unary_n4_k1_definable_fixed_i11.model,DEFINABLE,DEFINABLE,0.382,0.075,1
chain_unary_n4_k1_definable_fixed_i12.model,DEFINABLE,DEFINABLE,0.250,0.060,1
chain_unary_n4_k1_definable_fixed_i13.model,DEFINABLE,DEFINABLE,0.336,0.076,1
chain_unary_n4_k1_definable_fixed_i14.model,DEFINABLE,DEFINABLE,0.253,0.086,1
chain_unary_n4_k1_definable_fixed_i15.model,DEFINABLE,DEFINABLE,0.271,0.083,1
chain_unary_n4_k1_definable_fixed_i16.model,DEFINABLE,DEFINABLE,0.297,0.116,1
chain_unary_n4_k1_definable_fixed_i17.model,DEFINABLE,DEFINABLE,0.406,0.070,1
chain_unary_n4_k1_definable_fixed_i18.model,DEFINABLE,DEFINABLE,0.360,0.071,1
chain_unary_n4_k1_definable_fixed_i19.model,DEFINABLE,DEFINABLE,0.408,0.071,1
chain_unary_n4_k1_definable_fixed_i2.model,DEFINABLE,DEFINABLE,0.335,0.058,1
chain_unary_n4_k1_definable_fixed_i20.model,DEFINABLE,DEFINABLE,0.346,0.094,1
chain_unary_n4_k1_definable_fixed_i21.model,DEFINABLE,DEFINABLE,0.312,0.083,1
chain_unary_n4_k1_definable_fixed_i22.model,DEFINABLE,DEFINABLE,0.385,0.077,1
chain_unary_n4_k1_definable_fixed_i23.model,DEFINABLE,DEFINABLE,0.300,0.059,1
chain_unary_n4_k1_definable_fixed_i24.model,DEFINABLE,DEFINABLE,0.257,0.057,1
chain_unary_n4_k1_definable_fixed_i25.model,DEFINABLE,DEFINABLE,0.246,0.083,1
chain_unary_n4_k1_definable_fixed_i26.model,DEFINABLE,DEFINABLE,0.266,0.095,1
chain_unary_n4_k1_definable_fixed_i27.model,DEFINABLE,DEFINABLE,0.409,0.072,1
chain_unary_n4_k1_definable_fixed_i28.model,DEFINABLE,DEFINABLE,0.284,0.087,1
chain_unary_n4_k1_definable_fixed_i29.model,DEFINABLE,DEFINABLE,0.454,0.094,1
chain_unary_n4_k1_definable_fixed_i3.model,DEFINABLE,DEFINABLE,0.392,0.058,1
chain_unary_n4_k1_definable_fixed_i4.model,DEFINABLE,DEFINABLE,0.272,0.072,1
chain_unary_n4_k1_definable_fixed_i5.model,DEFINABLE,DEFINABLE,0.365,0.077,1
chain_unary_n4_k1_definable_fixed_i6.model,DEFINABLE,DEFINABLE,0.428,0.071,1
chain_unary_n4_k1_definable_fixed_i7.model,DEFINABLE,DEFINABLE,0.429,0.061,1
chain_unary_n4_k1_definable_fixed_i8.model,DEFINABLE,DEFINABLE,0.442,0.087,1
chain_unary_n4_k1_definable_fixed_i9.model,DEFINABLE,DEFINABLE,0.295,0.083,1
chain_unary_n4_k1_nondef_mix_i0.model,DEFINABLE,DEFINABLE,0.399,0.065,1
chain_unary_n4_k1_nondef_mix_i1.model,DEFINABLE,DEFINABLE,0.478,0.073,1
chain_unary_n4_k1_nondef_mix_i10.model,DEFINABLE,DEFINABLE,0.265,0.085,1
chain_unary_n4_k1_nondef_mix_i11.model,DEFINABLE,DEFINABLE,0.346,0.061,1
chain_unary_n4_k1_nondef_mix_i12.model,DEFINABLE,DEFINABLE,0.268,0.074,1
chain_unary_n4_k1_nondef_mix_i13.model,DEFINABLE,DEFINABLE,0.321,0.059,1
chain_unary_n4_k1_nondef_mix_i14.model,DEFINABLE,DEFINABLE,0.314,0.085,1
chain_unary_n4_k1_nondef_mix_i15.model,DEFINABLE,DEFINABLE,0.325,0.059,1
chain_unary_n4_k1_nondef_mix_i16.model,DEFINABLE,DEFINABLE,0.271,0.058,1
chain_unary_n4_k1_nondef_mix_i17.model,DEFINABLE,DEFINABLE,0.373,0.055,1
chain_unary_n4_k1_nondef_mix_i18.model,DEFINABLE,DEFINABLE,0.419,0.086,1
chain_unary_n4_k1_nondef_mix_i19.model,DEFINABLE,DEFINABLE,0.251,0.082,1
chain_unary_n4_k1_nondef_mix_i2.model,DEFINABLE,DEFINABLE,0.306,0.072,1
chain_unary_n4_k1_nondef_mix_i20.model,DEFINABLE,DEFINABLE,0.301,0.052,1
chain_unary_n4_k1_nondef_mix_i21.model,DEFINABLE,DEFINABLE,0.330,0.054,1
chain_unary_n4_k1_nondef_mix_i22.model,DEFINABLE,DEFINABLE,0.357,0.093,1
chain_unary_n4_k1_nondef_mix_i23.model,DEFINABLE,DEFINABLE,0.267,0.056,1
chain_unary_n4_k1_nondef_mix_i24.model,DEFINABLE,DEFINABLE,0.293,0.056,1
chain_unary_n4_k1_nondef_mix_i25.model,DEFINABLE,DEFINABLE,0.270,0.056,1
chain_unary_n4_k1_nondef_mix_i26.model,DEFINABLE,DEFINABLE,0.274,0.073,1
chain_unary_n4_k1_nondef_mix_i27.model,DEFINABLE,DEFINABLE,0.325,0.083,1
chain_unary_n4_k1_nondef_mix_i28.model,DEFINABLE,DEFINABLE,0.353,0.066,1
chain_unary_n4_k1_nondef_mix_i29.model,DEFINABLE,DEFINABLE,0.329,0.071,1
chain_unary_n4_k1_nondef_mix_i3.model,DEFINABLE,DEFINABLE,0.296,0.054,1
chain_unary_n4_k1_nondef_mix_i4.model,DEFINABLE,DEFINABLE,0.312,0.082,1
chain_unary_n4_k1_nondef_mix_i5.model,DEFINABLE,DEFINABLE,0.261,0.056,1
chain_unary_n4_k1_nondef_mix_i6.model,DEFINABLE,DEFINABLE,0.243,0.059,1
chain_unary_n4_k1_nondef_mix_i7.model,DEFINABLE,DEFINABLE,0.445,0.055,1
chain_unary_n4_k1_nondef_mix_i8.model,DEFINABLE,DEFINABLE,0.345,0.053,1
chain_unary_n4_k1_nondef_mix_i9.model,DEFINABLE,DEFINABLE,0.273,0.057,1
chain_unary_n64_k1_definable_fixed_i0.model,DEFINABLE,DEFINABLE,11.062,6.056,1
chain_unary_n64_k1_definable_fixed_i1.model,DEFINABLE,DEFINABLE,11.102,5.591,1
chain_unary_n64_k1_definable_fixed_i10.model,DEFINABLE,DEFINABLE,11.146,5.674,1
chain_unary_n64_k1_definable_fixed_i11.model,DEFINABLE,DEFINABLE,11.188,5.620,1
chain_unary_n64_k1_definable_fixed_i12.model,DEFINABLE,DEFINABLE,11.253,5.589,1
chain_unary_n64_k1_definable_fixed_i13.model,DEFINABLE,DEFINABLE,10.907,5.656,1
chain_unary_n64_k1_definable_fixed_i14.model,DEFINABLE,DEFINABLE,11.182,6.044,1
chain_unary_n64_k1_definable_fixed_i15.model,DEFINABLE,DEFINABLE,10.994,5.641,1
chain_unary_n64_k1_definable_fixed_i16.model,DEFINABLE,DEFINABLE,11.102,5.901,1
chain_unary_n64_k1_definable_fixed_i17.model,DEFINABLE,DEFINABLE,11.109,5.780,1
chain_unary_n64_k1_definable_fixed_i18.model,DEFINABLE,DEFINABLE,11.006,5.764,1
chain_unary_n64_k1_definable_fixed_i19.model,DEFINABLE,DEFINABLE,10.925,5.633,1
chain_unary_n64_k1_definable_fixed_i2.model,DEFINABLE,DEFINABLE,11.064,5.649,1
chain_unary_n64_k1_definable_fixed_i20.model,DEFINABLE,DEFINABLE,10.986,5.677,1
chain_unary_n64_k1_definable_fixed_i21.model,DEFINABLE,DEFINABLE,11.075,5.960,1
chain_unary_n64_k1_definable_fixed_i22.model,DEFINABLE,DEFINABLE,10.869,5.587,1
chain_unary_n64_k1_definable_fixed_i23.model,DEFINABLE,DEFINABLE,10.969,5.649,1
chain_unary_n64_k1_definable_fixed_i24.model,DEFINABLE,DEFINABLE,10.923,5.753,1
chain_unary_n64_k1_definable_fixed_i25.model,DEFINABLE,DEFINABLE,11.123,5.623,1
chain_unary_n64_k1_definable_fixed_i26.model,DEFINABLE,DEFINABLE,10.984,5.646,1
chain_unary_n64_k1_definable_fixed_i27.model,DEFINABLE,DEFINABLE,10.954,5.606,1
chain_unary_n64_k1_definable_fixed_i28.model,DEFINABLE,DEFINABLE,11.246,5.636,1
chain_unary_n64_k1_definable_fixed_i29.model,DEFINABLE,DEFINABLE,11.018,5.796,1
chain_unary_n64_k1_definable_fixed_i3.model,DEFINABLE,DEFINABLE,11.066,5.636,1
chain_unary_n64_k1_definable_fixed_i4.model,DEFINABLE,DEFINABLE,11.153,5.808,1
chain_unary_n64_k1_definable_fixed_i5.model,DEFINABLE,DEFINABLE,11.048,5.601,1
chain_unary_n64_k1_definable_fixed_i6.model,DEFINABLE,DEFINABLE,11.029,5.622,1
chain_unary_n64_k1_definable_fixed_i7.model,DEFINABLE,DEFINABLE,11.073,5.884,1
chain_unary_n64_k1_definable_fixed_i8.model,DEFINABLE,DEFINABLE,10.898,6.149,1
chain_unary_n64_k1_definable_fixed_i9.model,DEFINABLE,DEFINABLE,10.990,5.823,1
chain_unary_n64_k1_nondef_mix_i0.model,DEFINABLE,DEFINABLE,11.322,5.585,1
chain_unary_n64_k1_nondef_mix_i1.model,DEFINABLE,DEFINABLE,11.529,5.644,1
chain_unary_n64_k1_nondef_mix_i10.model,DEFINABLE,DEFINABLE,11.291,5.616,1
chain_unary_n64_k1_nondef_mix_i11.model,DEFINABLE,DEFINABLE,11.441,5.676,1
chain_unary_n64_k1_nondef_mix_i12.model,DEFINABLE,DEFINABLE,11.398,6.330,1
chain_unary_n64_k1_nondef_mix_i13.model,DEFINABLE,DEFINABLE,11.429,5.618,1
chain_unary_n64_k1_nondef_mix_i14.model,DEFINABLE,DEFINABLE,11.365,5.872,1
chain_unary_n64_k1_nondef_mix_i15.model,DEFINABLE,DEFINABLE,11.386,5.712,1
chain_unary_n64_k1_nondef_mix_i16.model,DEFINABLE,DEFINABLE,11.828,5.928,1
chain_unary_n64_k1_nondef_mix_i17.model,DEFINABLE,DEFINABLE,11.302,5.664,1
chain_unary_n64_k1_nondef_mix_i18.model,DEFINABLE,DEFINABLE,11.300,5.639,1
chain_unary_n64_k1_nondef_mix_i19.model,DEFINABLE,DEFINABLE,11.495,5.880,1
chain_unary_n64_k1_nondef_mix_i2.model,DEFINABLE,DEFINABLE,11.312,5.676,1
chain_unary_n64_k1_nondef_mix_i20.model,DEFINABLE,DEFINABLE,11.518,6.333,1
chain_unary_n64_k1_nondef_mix_i21.model,DEFINABLE,DEFINABLE,11.313,5.836,1
chain_unary_n64_k1_nondef_mix_i22.model,DEFINABLE,DEFINABLE,11.540,6.051,1
chain_unary_n64_k1_nondef_mix_i23.model,DEFINABLE,DEFINABLE,11.254,6.160,1
chain_unary_n64_k1_nondef_mix_i24.model,DEFINABLE,DEFINABLE,11.409,5.922,1
chain_unary_n64_k1_nondef_mix_i25.model,DEFINABLE,DEFINABLE,11.307,5.704,1
chain_unary_n64_k1_nondef_mix_i26.model,DEFINABLE,DEFINABLE,11.500,6.042,1
chain_unary_n64_k1_nondef_mix_i27.model,DEFINABLE,DEFINABLE,11.771,5.711,1
chain_unary_n64_k1_nondef_mix_i28.model,DEFINABLE,DEFINABLE,11.692,5.698,1
chain_unary_n64_k1_nondef_mix_i29.model,DEFINABLE,DEFINABLE,11.352,5.642,1
chain_unary_n64_k1_nondef_mix_i3.model,DEFINABLE,DEFINABLE,11.479,5.663,1
chain_unary_n64_k1_nondef_mix_i4.model,DEFINABLE,DEFINABLE,11.467,5.644,1
chain_unary_n64_k1_nondef_mix_i5.model,DEFINABLE,DEFINABLE,11.541,5.683,1
chain_unary_n64_k1_nondef_mix_i6.model,DEFINABLE,DEFINABLE,11.878,5.617,1
chain_unary_n64_k1_nondef_mix_i7.model,DEFINABLE,DEFINABLE,11.589,5.632,1
chain_unary_n64_k1_nondef_mix_i8.model,DEFINABLE,DEFINABLE,11.489,5.677,1
chain_unary_n64_k1_nondef_mix_i9.model,DEFINABLE,DEFINABLE,11.741,5.651,1
chain_unary_n8_k1_definable_fixed_i0.model,DEFINABLE,DEFINABLE,0.390,0.108,1
chain_unary_n8_k1_definable_fixed_i1.model,DEFINABLE,DEFINABLE,0.455,0.136,1
chain_unary_n8_k1_definable_fixed_i10.model,DEFINABLE,DEFINABLE,0.384,0.101,1
chain_unary_n8_k1_definable_fixed_i11.model,DEFINABLE,DEFINABLE,0.336,0.124,1
chain_unary_n8_k1_definable_fixed_i12.model,DEFINABLE,DEFINABLE,0.470,0.122,1
chain_unary_n8_k1_definable_fixed_i13.model,DEFINABLE,DEFINABLE,0.410,0.104,1
chain_unary_n8_k1_definable_fixed_i14.model,DEFINABLE,DEFINABLE,0.453,0.127,1
chain_unary_n8_k1_definable_fixed_i15.model,DEFINABLE,DEFINABLE,0.381,0.109,1
chain_unary_n8_k1_definable_fixed_i16.model,DEFINABLE,DEFINABLE,0.335,0.098,1
chain_unary_n8_k1_definable_fixed_i17.model,DEFINABLE,DEFINABLE,0.358,0.103,1
chain_unary_n8_k1_definable_fixed_i18.model,DEFINABLE,DEFINABLE,0.325,0.101,1
chain_unary_n8_k1_definable_fixed_i19.model,DEFINABLE,DEFINABLE,0.354,0.157,1
chain_unary_n8_k1_definable_fixed_i2.model,DEFINABLE,DEFINABLE,0.363,0.134,1
chain_unary_n8_k1_definable_fixed_i20.model,DEFINABLE,DEFINABLE,0.379,0.122,1
chain_unary_n8_k1_definable_fixed_i21.model,DEFINABLE,DEFINABLE,0.402,0.112,1
chain_unary_n8_k1_definable_fixed_i22.model,DEFINABLE,DEFINABLE,0.360,0.103,1
chain_unary_n8_k1_definable_fixed_i23.model,DEFINABLE,DEFINABLE,0.585,0.112,1
chain_unary_n8_k1_definable_fixed_i24.model,DEFINABLE,DEFINABLE,0.378,0.111,1
chain_unary_n8_k1_definable_fixed_i25.model,DEFINABLE,DEFINABLE,0.363,0.126,1
chain_unary_n8_k1_definable_fixed_i26.model,DEFINABLE,DEFINABLE,0.323,0.117,1
chain_unary_n8_k1_definable_fixed_i27.model,DEFINABLE,DEFINABLE,0.364,0.098,1
chain_unary_n8_k1_definable_fixed_i28.model,DEFINABLE,DEFINABLE,0.600,0.102,1
chain_unary_n8_k1_definable_fixed_i29.model,DEFINABLE,DEFINABLE,0.388,0.098,1
chain_unary_n8_k1_definable_fixed_i3.model,DEFINABLE,DEFINABLE,0.473,0.155,1
chain_unary_n8_k1_definable_fixed_i4.model,DEFINABLE,DEFINABLE,0.306,0.097,1
chain_unary_n8_k1_definable_fixed_i5.model,DEFINABLE,DEFINABLE,0.416,0.103,1
chain_unary_n8_k1_definable_fixed_i6.model,DEFINABLE,DEFINABLE,0.413,0.107,1
chain_unary_n8_k1_definable_fixed_i7.model,DEFINABLE,DEFINABLE,0.459,0.125,1
chain_unary_n8_k1_definable_fixed_i8.model,DEFINABLE,DEFINABLE,0.325,0.124,1
chain_unary_n8_k1_definable_fixed_i9.model,DEFINABLE,DEFINABLE,0.395,0.096,1
chain_unary_n8_k1_nondef_mix_i0.model,DEFINABLE,DEFINABLE,0.415,0.113,1
chain_unary_n8_k1_nondef_mix_i1.model,DEFINABLE,DEFINABLE,0.597,0.099,1
chain_unary_n8_k1_nondef_mix_i10.model,DEFINABLE,DEFINABLE,0.431,0.100,1
chain_unary_n8_k1_nondef_mix_i11.model,DEFINABLE,DEFINABLE,0.528,0.102,1
chain_unary_n8_k1_nondef_mix_i12.model,DEFINABLE,DEFINABLE,0.617,0.098,1
chain_unary_n8_k1_nondef_mix_i13.model,DEFINABLE,DEFINABLE,0.321,0.102,1
chain_unary_n8_k1_nondef_mix_i14.model,DEFINABLE,DEFINABLE,0.587,0.105,1
chain_unary_n8_k1_nondef_mix_i15.model,DEFINABLE,DEFINABLE,0.338,0.107,1
chain_unary_n8_k1_nondef_mix_i16.model,DEFINABLE,DEFINABLE,0.366,0.106,1
chain_unary_n8_k1_nondef_mix_i17.model,DEFINABLE,DEFINABLE,0.434,0.122,1
chain_unary_n8_k1_nondef_mix_i18.model,DEFINABLE,DEFINABLE,0.513,0.112,1
chain_unary_n8_k1_nondef_mix_i19.model,DEFINABLE,DEFINABLE,0.325,0.128,1
chain_unary_n8_k1_nondef_mix_i2.model,DEFINABLE,DEFINABLE,0.370,0.112,1
chain_unary_n8_k1_nondef_mix_i20.model,DEFINABLE,DEFINABLE,0.466,0.100,1
chain_unary_n8_k1_nondef_mix_i21.model,DEFINABLE,DEFINABLE,0.369,0.101,1
chain_unary_n8_k1_nondef_mix_i22.model,DEFINABLE,DEFINABLE,0.422,0.120,1
chain_unary_n8_k1_nondef_mix_i23.model,DEFINABLE,DEFINABLE,0.348,0.101,1
chain_unary_n8_k1_nondef_mix_i24.model,DEFINABLE,DEFINABLE,0.398,0.126,1
chain_unary_n8_k1_nondef_mix_i25.model,DEFINABLE,DEFINABLE,0.357,0.136,1
chain_unary_n8_k1_nondef_mix_i26.model,DEFINABLE,DEFINABLE,0.369,0.104,1
chain_unary_n8_k1_nondef_mix_i27.model,DEFINABLE,DEFINABLE,0.422,0.111,1
chain_unary_n8_k1_nondef_mix_i28.model,DEFINABLE,DEFINABLE,0.357,0.100,1
chain_unary_n8_k1_nondef_mix_i29.model,DEFINABLE,DEFINABLE,0.394,0.120,1
chain_unary_n8_k1_nondef_mix_i3.model,DEFINABLE,DEFINABLE,0.421,0.100,1
chain_unary_n8_k1_nondef_mix_i4.model,DEFINABLE,DEFINABLE,0.493,0.105,1
chain_unary_n8_k1_nondef_mix_i5.model,DEFINABLE,DEFINABLE,0.380,0.107,1
chain_unary_n8_k1_nondef_mix_i6.model,DEFINABLE,DEFINABLE,0.440,0.131,1
chain_unary_n8_k1_nondef_mix_i7.model,DEFINABLE,DEFINABLE,0.353,0.101,1
chain_unary_n8_k1_nondef_mix_i8.model,DEFINABLE,DEFINABLE,0.330,0.108,1
chain_unary_n8_k1_nondef_mix_i9.model,DEFINABLE,DEFINABLE,0.338,0.110,1
cyclic_group_n16_k1_definable_eq_i0.model,DEFINABLE,DEFINABLE,1.707,0.370,1
cyclic_group_n16_k1_definable_eq_i1.model,DEFINABLE,DEFINABLE,1.802,0.363,1
cyclic_group_n16_k1_definable_eq_i10.model,DEFINABLE,DEFINABLE,1.725,0.356,1
cyclic_group_n16_k1_definable_eq_i11.model,DEFINABLE,DEFINABLE,1.793,0.388,1
cyclic_group_n16_k1_definable_eq_i12.model,DEFINABLE,DEFINABLE,1.745,0.361,1
cyclic_group_n16_k1_definable_eq_i13.model,DEFINABLE,DEFINABLE,1.788,0.355,1
cyclic_group_n16_k1_definable_eq_i14.model,DEFINABLE,DEFINABLE,1.720,0.365,1
cyclic_group_n16_k1_definable_eq_i15.model,DEFINABLE,DEFINABLE,1.730,0.389,1
cyclic_group_n16_k1_definable_eq_i16.model,DEFINABLE,DEFINABLE,1.787,0.363,1
cyclic_group_n16_k1_definable_eq_i17.model,DEFINABLE,DEFINABLE,1.717,0.351,1
cyclic_group_n16_k1_definable_eq_i18.model,DEFINABLE,DEFINABLE,1.685,0.359,1
cyclic_group_n16_k1_definable_eq_i19.model,DEFINABLE,DEFINABLE,1.708,0.373,1
cyclic_group_n16_k1_definable_eq_i2.model,DEFINABLE,DEFINABLE,1.693,0.383,1
cyclic_group_n16_k1_definable_eq_i20.model,DEFINABLE,DEFINABLE,1.748,0.372,1
cyclic_group_n16_k1_definable_eq_i21.model,DEFINABLE,DEFINABLE,1.697,0.361,1
cyclic_group_n16_k1_definable_eq_i22.model,DEFINABLE,DEFINABLE,1.761,0.360,1
cyclic_group_n16_k1_definable_eq_i23.model,DEFINABLE,DEFINABLE,1.654,0.357,1
cyclic_group_n16_k1_definable_eq_i24.model,DEFINABLE,DEFINABLE,1.777,0.356,1
cyclic_group_n16_k1_definable_eq_i25.model,DEFINABLE,DEFINABLE,1.726,0.360,1
cyclic_group_n16_k1_definable_eq_i26.model,DEFINABLE,DEFINABLE,1.668,0.379,1
cyclic_group_n16_k1_definable_eq_i27.model,DEFINABLE,DEFINABLE,2.750,0.357,1
cyclic_group_n16_k1_definable_eq_i28.model,DEFINABLE,DEFINABLE,1.649,0.357,1
cyclic_group_n16_k1_definable_eq_i29.model,DEFINABLE,DEFINABLE,1.849,0.369,1
cyclic_group_n16_k1_definable_eq_i3.model,DEFINABLE,DEFINABLE,1.716,0.354,1
cyclic_group_n16_k1_definable_eq_i4.model,DEFINABLE,DEFINABLE,1.726,0.368,1
cyclic_group_n16_k1_definable_eq_i5.model,DEFINABLE,DEFINABLE,1.805,0.357,1
cyclic_group_n16_k1_definable_eq_i6.model,DEFINABLE,DEFINABLE,1.835,0.365,1
cyclic_group_n16_k1_definable_eq_i7.model,DEFINABLE,DEFINABLE,1.683,0.356,1
cyclic_group_n16_k1_definable_eq_i8.model,DEFINABLE,DEFINABLE,1.838,0.371,1
cyclic_group_n16_k1_definable_eq_i9.model,DEFINABLE,DEFINABLE,1.690,0.370,1
cyclic_group_n16_k1_nondef_mix_i0.model,DEFINABLE,DEFINABLE,1.671,0.424,1
cyclic_group_n16_k1_nondef_mix_i1.model,DEFINABLE,DEFINABLE,1.692,0.374,1
cyclic_group_n16_k1_nondef_mix_i10.model,DEFINABLE,DEFINABLE,1.682,0.363,1
cyclic_group_n16_k1_nondef_mix_i11.model,DEFINABLE,DEFINABLE,1.715,0.390,1
cyclic_group_n16_k1_nondef_mix_i12.model,DEFINABLE,DEFINABLE,1.682,0.395,1
cyclic_group_n16_k1_nondef_mix_i13.model,DEFINABLE,DEFINABLE,1.754,0.508,1
cyclic_group_n16_k1_nondef_mix_i14.model,DEFINABLE,DEFINABLE,1.829,0.366,1
cyclic_group_n16_k1_nondef_mix_i15.model,DEFINABLE,DEFINABLE,1.741,0.390,1
cyclic_group_n16_k1_nondef_mix_i16.model,DEFINABLE,DEFINABLE,1.715,0.351,1
cyclic_group_n16_k1_nondef_mix_i17.model,DEFINABLE,DEFINABLE,1.735,0.365,1
cyclic_group_n16_k1_nondef_mix_i18.model,DEFINABLE,DEFINABLE,1.740,0.382,1
cyclic_group_n16_k1_nondef_mix_i19.model,DEFINABLE,DEFINABLE,1.711,0.376,1
cyclic_group_n16_k1_nondef_mix_i2.model,DEFINABLE,DEFINABLE,1.687,0.395,1
cyclic_group_n16_k1_nondef_mix_i20.model,DEFINABLE,DEFINABLE,1.707,0.384,1
cyclic_group_n16_k1_nondef_mix_i21.model,DEFINABLE,DEFINABLE,1.709,0.390,1
cyclic_group_n16_k1_nondef_mix_i22.model,DEFINABLE,DEFINABLE,1.696,0.375,1
cyclic_group_n16_k1_nondef_mix_i23.model,DEFINABLE,DEFINABLE,1.666,0.369,1
cyclic_group_n16_k1_nondef_mix_i24.model,DEFINABLE,DEFINABLE,1.706,0.475,1
cyclic_group_n16_k1_nondef_mix_i25.model,DEFINABLE,DEFINABLE,1.676,0.383,1
cyclic_group_n16_k1_nondef_mix_i26.model,DEFINABLE,DEFINABLE,1.683,0.384,1
cyclic_group_n16_k1_nondef_mix_i27.model,DEFINABLE,DEFINABLE,1.680,0.363,1
cyclic_group_n16_k1_nondef_mix_i28.model,DEFINABLE,DEFINABLE,1.802,0.367,1
cyclic_group_n16_k1_nondef_mix_i29.model,DEFINABLE,DEFINABLE,1.688,0.380,1
cyclic_group_n16_k1_nondef_mix_i3.model,DEFINABLE,DEFINABLE,1.719,0.361,1
cyclic_group_n16_k1_nondef_mix_i4.model,DEFINABLE,DEFINABLE,1.731,0.372,1
cyclic_group_n16_k1_nondef_mix_i5.model,DEFINABLE,DEFINABLE,1.705,0.375,1
cyclic_group_n16_k1_nondef_mix_i6.model,DEFINABLE,DEFINABLE,1.686,0.385,1
cyclic_group_n16_k1_nondef_mix_i7.model,DEFINABLE,DEFINABLE,1.769,0.525,1
cyclic_group_n16_k1_nondef_mix_i8.model,DEFINABLE,DEFINABLE,1.765,0.468,1
cyclic_group_n16_k1_nondef_mix_i9.model,DEFINABLE,DEFINABLE,1.754,0.489,1
cyclic_group_n16_k2_definable_eq_i0.model,DEFINABLE,DEFINABLE,1.012,0.367,1
cyclic_group_n16_k2_definable_eq_i1.model,DEFINABLE,DEFINABLE,1.021,0.369,1
cyclic_group_n16_k2_definable_eq_i10.model,DEFINABLE,DEFINABLE,1.117,0.377,1
cyclic_group_n16_k2_definable_eq_i11.model,DEFINABLE,DEFINABLE,0.992,0.517,1
cyclic_group_n16_k2_definable_eq_i12.model,DEFINABLE,DEFINABLE,1.041,0.396,1
cyclic_group_n16_k2_definable_eq_i13.model,DEFINABLE,DEFINABLE,1.021,0.368,1
cyclic_group_n16_k2_definable_eq_i14.model,DEFINABLE,DEFINABLE,0.999,0.389,1
cyclic_group_n16_k2_definable_eq_i15.model,DEFINABLE,DEFINABLE,1.134,0.388,1
cyclic_group_n16_k2_definable_eq_i16.model,DEFINABLE,DEFINABLE,1.067,0.378,1
cyclic_group_n16_k2_definable_eq_i17.model,DEFINABLE,DEFINABLE,1.017,0.456,1
cyclic_group_n16_k2_definable_eq_i18.model,DEFINABLE,DEFINABLE,1.008,0.366,1
cyclic_group_n16_k2_definable_eq_i19.model,DEFINABLE,DEFINABLE,0.994,0.605,1
cyclic_group_n16_k2_definable_eq_i2.model,DEFINABLE,DEFINABLE,1.005,0.372,1
cyclic_group_n16_k2_definable_eq_i20.model,DEFINABLE,DEFINABLE,0.992,0.472,1
cyclic_group_n16_k2_definable_eq_i21.model,DEFINABLE,DEFINABLE,1.002,0.377,1
cyclic_group_n16_k2_definable_eq_i22.model,DEFINABLE,DEFINABLE,0.970,0.395,1
cyclic_group_n16_k2_definable_eq_i23.model,DEFINABLE,DEFINABLE,1.004,0.371,1
cyclic_group_n16_k2_definable_eq_i24.model,DEFINABLE,DEFINABLE,1.014,0.395,1
cyclic_group_n16_k2_definable_eq_i25.model,DEFINABLE,DEFINABLE,0.999,0.395,1
cyclic_group_n16_k2_definable_eq_i26.model,DEFINABLE,DEFINABLE,0.998,0.392,1
cyclic_group_n16_k2_definable_eq_i27.model,DEFINABLE,DEFINABLE,0.990,0.367,1
cyclic_group_n16_k2_definable_eq_i28.model,DEFINABLE,DEFINABLE,1.015,0.466,1
cyclic_group_n16_k2_definable_eq_i29.model,DEFINABLE,DEFINABLE,1.105,0.390,1
cyclic_group_n16_k2_definable_eq_i3.model,DEFINABLE,DEFINABLE,1.015,0.393,1
cyclic_group_n16_k2_definable_eq_i4.model,DEFINABLE,DEFINABLE,1.044,0.394,1
cyclic_group_n16_k2_definable_eq_i5.model,DEFINABLE,DEFINABLE,1.073,0.369,1
cyclic_group_n16_k2_definable_eq_i6.model,DEFINABLE,DEFINABLE,1.070,0.382,1
cyclic_group_n16_k2_definable_eq_i7.model,DEFINABLE,DEFINABLE,1.029,0.381,1
cyclic_group_n16_k2_definable_eq_i8.model,DEFINABLE,DEFINABLE,1.064,0.379,1
cyclic_group_n16_k2_definable_eq_i9.model,DEFINABLE,DEFINABLE,1.031,0.434,1
cyclic_group_n16_k2_nondef_mix_i0.model,DEFINABLE,DEFINABLE,39.893,4.518,1
cyclic_group_n16_k2_nondef_mix_i1.model,DEFINABLE,DEFINABLE,39.809,4.470,1
cyclic_group_n16_k2_nondef_mix_i10.model,DEFINABLE,DEFINABLE,39.658,4.624,1
cyclic_group_n16_k2_nondef_mix_i11.model,DEFINABLE,DEFINABLE,40.427,4.631,1
cyclic_group_n16_k2_nondef_mix_i12.model,DEFINABLE,DEFINABLE,39.613,4.508,1
cyclic_group_n16_k2_nondef_mix_i13.model,DEFINABLE,DEFINABLE,39.702,4.758,1
cyclic_group_n16_k2_nondef_mix_i14.model,DEFINABLE,DEFINABLE,39.606,4.483,1
cyclic_group_n16_k2_nondef_mix_i15.model,DEFINABLE,DEFINABLE,39.464,4.652,1
cyclic_group_n16_k2_nondef_mix_i16.model,DEFINABLE,DEFINABLE,39.575,4.498,1
cyclic_group_n16_k2_nondef_mix_i17.model,DEFINABLE,DEFINABLE,39.557,4.595,1
cyclic_group_n16_k2_nondef_mix_i18.model,DEFINABLE,DEFINABLE,39.638,4.574,1
cyclic_group_n16_k2_nondef_mix_i19.model,DEFINABLE,DEFINABLE,39.635,4.607,1
cyclic_group_n16_k2_nondef_mix_i2.model,DEFINABLE,DEFINABLE,40.401,4.490,1
cyclic_group_n16_k2_nondef_mix_i20.model,DEFINABLE,DEFINABLE,39.869,4.555,1
cyclic_group_n16_k2_nondef_mix_i21.model,DEFINABLE,DEFINABLE,40.211,4.468,1
cyclic_group_n16_k2_nondef_mix_i22.model,DEFINABLE,DEFINABLE,39.874,4.568,1
cyclic_group_n16_k2_nondef_mix_i23.model,DEFINABLE,DEFINABLE,39.776,4.481,1
cyclic_group_n16_k2_nondef_mix_i24.model,DEFINABLE,DEFINABLE,39.700,4.514,1
cyclic_group_n16_k2_nondef_mix_i25.model,DEFINABLE,DEFINABLE,39.428,4.502,1
cyclic_group_n16_k2_nondef_mix_i26.model,DEFINABLE,DEFINABLE,39.617,4.557,1
cyclic_group_n16_k2_nondef_mix_i27.model,DEFINABLE,DEFINABLE,39.950,4.501,1
cyclic_group_n16_k2_nondef_mix_i28.model,DEFINABLE,DEFINABLE,39.626,4.439,1
cyclic_group_n16_k2_nondef_mix_i29.model,DEFINABLE,DEFINABLE,39.245,4.469,1
cyclic_group_n16_k2_nondef_mix_i3.model,DEFINABLE,DEFINABLE,40.152,5.242,1
cyclic_group_n16_k2_nondef_mix_i4.model,DEFINABLE,DEFINABLE,39.651,4.938,1
cyclic_group_n16_k2_nondef_mix_i5.model,DEFINABLE,DEFINABLE,40.280,4.537,1
cyclic_group_n16_k2_nondef_mix_i6.model,DEFINABLE,DEFINABLE,39.656,4.503,1
cyclic_group_n16_k2_nondef_mix_i7.model,DEFINABLE,DEFINABLE,39.530,4.522,1
cyclic_group_n16_k2_nondef_mix_i8.model,DEFINABLE,DEFINABLE,39.214,4.529,1
cyclic_group_n16_k2_nondef_mix_i9.model,DEFINABLE,DEFINABLE,39.902,4.501,1
cyclic_group_n32_k1_definable_eq_i0.model,DEFINABLE,DEFINABLE,11.011,1.272,1
cyclic_group_n32_k1_definable_eq_i1.model,DEFINABLE,DEFINABLE,11.120,1.264,1
cyclic_group_n32_k1_definable_eq_i10.model,DEFINABLE,DEFINABLE,10.971,1.449,1
cyclic_group_n32_k1_definable_eq_i11.model,DEFINABLE,DEFINABLE,10.878,1.256,1
cyclic_group_n32_k1_definable_eq_i12.model,DEFINABLE,DEFINABLE,11.253,1.251,1
cyclic_group_n32_k1_definable_eq_i13.model,DEFINABLE,DEFINABLE,11.022,1.375,1
cyclic_group_n32_k1_definable_eq_i14.model,DEFINABLE,DEFINABLE,10.994,1.259,1
cyclic_group_n32_k1_definable_eq_i15.model,DEFINABLE,DEFINABLE,11.338,1.292,1
cyclic_group_n32_k1_definable_eq_i16.model,DEFINABLE,DEFINABLE,11.171,1.351,1
cyclic_group_n32_k1_definable_eq_i17.model,DEFINABLE,DEFINABLE,10.910,1.454,1
cyclic_group_n32_k1_definable_eq_i18.model,DEFINABLE,DEFINABLE,10.988,1.441,1
cyclic_group_n32_k1_definable_eq_i19.model,DEFINABLE,DEFINABLE,10.954,1.451,1
cyclic_group_n32_k1_definable_eq_i2.model,DEFINABLE,DEFINABLE,11.110,1.252,1
cyclic_group_n32_k1_definable_eq_i20.model,DEFINABLE,DEFINABLE,11.104,1.448,1
cyclic_group_n32_k1_definable_eq_i21.model,DEFINABLE,DEFINABLE,11.087,1.405,1
cyclic_group_n32_k1_definable_eq_i22.model,DEFINABLE,DEFINABLE,11.284,1.435,1
cyclic_group_n32_k1_definable_eq_i23.model,DEFINABLE,DEFINABLE,11.114,1.237,1
cyclic_group_n32_k1_definable_eq_i24.model,DEFINABLE,DEFINABLE,11.293,1.425,1
cyclic_group_n32_k1_definable_eq_i25.model,DEFINABLE,DEFINABLE,11.094,1.245,1
cyclic_group_n32_k1_definable_eq_i26.model,DEFINABLE,DEFINABLE,11.061,1.266,1
cyclic_group_n32_k1_definable_eq_i27.model,DEFINABLE,DEFINABLE,11.157,1.255,1
cyclic_group_n32_k1_definable_eq_i28.model,DEFINABLE,DEFINABLE,11.272,1.306,1
cyclic_group_n32_k1_definable_eq_i29.model,DEFINABLE,DEFINABLE,10.970,1.437,1
cyclic_group_n32_k1_definable_eq_i3.model,DEFINABLE,DEFINABLE,11.047,1.418,1
cyclic_group_n32_k1_definable_eq_i4.model,DEFINABLE,DEFINABLE,11.067,1.280,1
cyclic_group_n32_k1_definable_eq_i5.model,DEFINABLE,DEFINABLE,11.129,1.237,1
cyclic_group_n32_k1_definable_eq_i6.model,DEFINABLE,DEFINABLE,11.166,1.270,1
cyclic_group_n32_k1_definable_eq_i7.model,DEFINABLE,DEFINABLE,10.910,1.253,1
cyclic_group_n32_k1_definable_eq_i8.model,DEFINABLE,DEFINABLE,10.958,1.257,1
cyclic_group_n32_k1_definable_eq_i9.model,DEFINABLE,DEFINABLE,10.945,1.233,1
cyclic_group_n32_k1_nondef_mix_i0.model,DEFINABLE,DEFINABLE,10.944,1.277,1
cyclic_group_n32_k1_nondef_mix_i1.model,DEFINABLE,DEFINABLE,11.228,1.281,1
cyclic_group_n32_k1_nondef_mix_i10.model,DEFINABLE,DEFINABLE,10.858,1.237,1
cyclic_group_n32_k1_nondef_mix_i11.model,DEFINABLE,DEFINABLE,10.908,1.266,1
cyclic_group_n32_k1_nondef_mix_i12.model,DEFINABLE,DEFINABLE,11.097,1.265,1
cyclic_group_n32_k1_nondef_mix_i13.model,DEFINABLE,DEFINABLE,10.954,1.256,1
cyclic_group_n32_k1_nondef_mix_i14.model,DEFINABLE,DEFINABLE,10.922,1.317,1
cyclic_group_n32_k1_nondef_mix_i15.model,DEFINABLE,DEFINABLE,10.967,1.273,1
cyclic_group_n32_k1_nondef_mix_i16.model,DEFINABLE,DEFINABLE,11.090,1.282,1
cyclic_group_n32_k1_nondef_mix_i17.model,DEFINABLE,DEFINABLE,11.061,1.285,1
cyclic_group_n32_k1_nondef_mix_i18.model,DEFINABLE,DEFINABLE,10.949,1.268,1
cyclic_group_n32_k1_nondef_mix_i19.model,DEFINABLE,DEFINABLE,11.022,1.247,1
cyclic_group_n32_k1_nondef_mix_i2.model,DEFINABLE,DEFINABLE,11.015,1.261,1
cyclic_group_n32_k1_nondef_mix_i20.model,DEFINABLE,DEFINABLE,10.944,1.276,1
cyclic_group_n32_k1_nondef_mix_i21.model,DEFINABLE,DEFINABLE,10.926,1.474,1
cyclic_group_n32_k1_nondef_mix_i22.model,DEFINABLE,DEFINABLE,10.917,1.280,1
cyclic_group_n32_k1_nondef_mix_i23.model,DEFINABLE,DEFINABLE,11.043,1.248,1
cyclic_group_n32_k1_nondef_mix_i24.model,DEFINABLE,DEFINABLE,11.602,1.344,1
cyclic_group_n32_k1_nondef_mix_i25.model,DEFINABLE,DEFINABLE,10.954,1.764,1
cyclic_group_n32_k1_nondef_mix_i26.model,DEFINABLE,DEFINABLE,11.169,1.310,1
cyclic_group_n32_k1_nondef_mix_i27.model,DEFINABLE,DEFINABLE,11.009,1.313,1
cyclic_group_n32_k1_nondef_mix_i28.model,DEFINABLE,DEFINABLE,10.922,1.472,1
cyclic_group_n32_k1_nondef_mix_i29.model,DEFINABLE,DEFINABLE,10.965,1.408,1
cyclic_group_n32_k1_nondef_mix_i3.model,DEFINABLE,DEFINABLE,11.032,1.422,1
cyclic_group_n32_k1_nondef_mix_i4.model,DEFINABLE,DEFINABLE,11.152,1.598,1
cyclic_group_n32_k1_nondef_mix_i5.model,DEFINABLE,DEFINABLE,10.989,1.531,1
cyclic_group_n32_k1_nondef_mix_i6.model,DEFINABLE,DEFINABLE,10.938,1.400,1
cyclic_group_n32_k1_nondef_mix_i7.model,DEFINABLE,DEFINABLE,11.025,1.278,1
cyclic_group_n32_k1_nondef_mix_i8.model,DEFINABLE,DEFINABLE,10.989,1.511,1
cyclic_group_n32_k1_nondef_mix_i9.model,DEFINABLE,DEFINABLE,11.105,1.256,1
cyclic_group_n32_k2_definable_eq_i0.model,DEFINABLE,DEFINABLE,6.378,1.276,1
cyclic_group_n32_k2_definable_eq_i1.model,DEFINABLE,DEFINABLE,6.230,1.658,1
cyclic_group_n32_k2_definable_eq_i10.model,DEFINABLE,DEFINABLE,6.310,1.392,1
cyclic_group_n32_k2_definable_eq_i11.model,DEFINABLE,DEFINABLE,6.587,1.546,1
cyclic_group_n32_k2_definable_eq_i12.model,DEFINABLE,DEFINABLE,6.348,1.264,1
cyclic_group_n32_k2_definable_eq_i13.model,DEFINABLE,DEFINABLE,6.350,1.273,1
cyclic_group_n32_k2_definable_eq_i14.model,DEFINABLE,DEFINABLE,6.280,1.290,1
cyclic_group_n32_k2_definable_eq_i15.model,DEFINABLE,DEFINABLE,6.487,1.456,1
cyclic_group_n32_k2_definable_eq_i16.model,DEFINABLE,DEFINABLE,6.515,1.279,1
cyclic_group_n32_k2_definable_eq_i17.model,DEFINABLE,DEFINABLE,6.297,1.358,1
cyclic_group_n32_k2_definable_eq_i18.model,DEFINABLE,DEFINABLE,6.395,1.267,1
cyclic_group_n32_k2_definable_eq_i19.model,DEFINABLE,DEFINABLE,6.263,1.271,1
cyclic_group_n32_k2_definable_eq_i2.model,DEFINABLE,DEFINABLE,6.256,1.256,1
cyclic_group_n32_k2_definable_eq_i20.model,DEFINABLE,DEFINABLE,6.344,1.285,1
cyclic_group_n32_k2_definable_eq_i21.model,DEFINABLE,DEFINABLE,6.325,1.283,1
cyclic_group_n32_k2_definable_eq_i22.model,DEFINABLE,DEFINABLE,6.427,1.269,1
cyclic_group_n32_k2_definable_eq_i23.model,DEFINABLE,DEFINABLE,6.267,1.262,1
cyclic_group_n32_k2_definable_eq_i24.model,DEFINABLE,DEFINABLE,6.252,1.280,1
cyclic_group_n32_k2_definable_eq_i25.model,DEFINABLE,DEFINABLE,6.328,1.259,1
cyclic_group_n32_k2_definable_eq_i26.model,DEFINABLE,DEFINABLE,6.424,1.267,1
cyclic_group_n32_k2_definable_eq_i27.model,DEFINABLE,DEFINABLE,6.384,1.281,1
cyclic_group_n32_k2_definable_eq_i28.model,DEFINABLE,DEFINABLE,6.304,1.274,1
cyclic_group_n32_k2_definable_eq_i29.model,DEFINABLE,DEFINABLE,6.430,1.283,1
cyclic_group_n32_k2_definable_eq_i3.model,DEFINABLE,DEFINABLE,6.414,1.265,1
cyclic_group_n32_k2_definable_eq_i4.model,DEFINABLE,DEFINABLE,6.360,1.274,1
cyclic_group_n32_k2_definable_eq_i5.model,DEFINABLE,DEFINABLE,6.433,1.273,1
cyclic_group_n32_k2_definable_eq_i6.model,DEFINABLE,DEFINABLE,6.415,1.276,1
cyclic_group_n32_k2_definable_eq_i7.model,DEFINABLE,DEFINABLE,6.409,1.261,1
cyclic_group_n32_k2_definable_eq_i8.model,DEFINABLE,DEFINABLE,6.230,1.266,1
cyclic_group_n32_k2_definable_eq_i9.model,DEFINABLE,DEFINABLE,6.251,1.263,1
cyclic_group_n32_k2_nondef_mix_i0.model,DEFINABLE,DEFINABLE,251.765,51.426,1
cyclic_group_n32_k2_nondef_mix_i1.model,DEFINABLE,DEFINABLE,252.186,52.560,1
cyclic_group_n32_k2_nondef_mix_i10.model,DEFINABLE,DEFINABLE,254.898,51.154,1
cyclic_group_n32_k2_nondef_mix_i11.model,DEFINABLE,DEFINABLE,251.511,53.185,1
cyclic_group_n32_k2_nondef_mix_i12.model,DEFINABLE,DEFINABLE,254.707,52.977,1
cyclic_group_n32_k2_nondef_mix_i13.model,DEFINABLE,DEFINABLE,251.771,51.430,1
cyclic_group_n32_k2_nondef_mix_i14.model,DEFINABLE,DEFINABLE,251.934,51.260,1
cyclic_group_n32_k2_nondef_mix_i15.model,DEFINABLE,DEFINABLE,253.738,52.176,1
cyclic_group_n32_k2_nondef_mix_i16.model,DEFINABLE,DEFINABLE,251.642,53.409,1
cyclic_group_n32_k2_nondef_mix_i17.model,DEFINABLE,DEFINABLE,252.378,50.917,1
cyclic_group_n32_k2_nondef_mix_i18.model,DEFINABLE,DEFINABLE,251.868,53.110,1
cyclic_group_n32_k2_nondef_mix_i19.model,DEFINABLE,DEFINABLE,253.774,51.897,1
cyclic_group_n32_k2_nondef_mix_i2.model,DEFINABLE,DEFINABLE,251.406,51.883,1
cyclic_group_n32_k2_nondef_mix_i20.model,DEFINABLE,DEFINABLE,252.311,52.007,1
cyclic_group_n32_k2_nondef_mix_i21.model,DEFINABLE,DEFINABLE,260.349,52.494,1
cyclic_group_n32_k2_nondef_mix_i22.model,DEFINABLE,DEFINABLE,254.383,50.940,1
cyclic_group_n32_k2_nondef_mix_i23.model,DEFINABLE,DEFINABLE,250.339,51.161,1
cyclic_group_n32_k2_nondef_mix_i24.model,DEFINABLE,DEFINABLE,252.909,52.576,1
cyclic_group_n32_k2_nondef_mix_i25.model,DEFINABLE,DEFINABLE,251.876,51.544,1
cyclic_group_n32_k2_nondef_mix_i26.model,DEFINABLE,DEFINABLE,254.706,52.357,1
cyclic_group_n32_k2_nondef_mix_i27.model,DEFINABLE,DEFINABLE,256.482,52.000,1
cyclic_group_n32_k2_nondef_mix_i28.model,DEFINABLE,DEFINABLE,254.502,52.495,1
cyclic_group_n32_k2_nondef_mix_i29.model,DEFINABLE,DEFINABLE,251.587,51.309,1
cyclic_group_n32_k2_nondef_mix_i3.model,DEFINABLE,DEFINABLE,252.059,52.872,1
cyclic_group_n32_k2_nondef_mix_i4.model,DEFINABLE,DEFINABLE,251.878,51.123,1
cyclic_group_n32_k2_nondef_mix_i5.model,DEFINABLE,DEFINABLE,251.668,52.727,1
cyclic_group_n32_k2_nondef_mix_i6.model,DEFINABLE,DEFINABLE,253.216,52.557,1
cyclic_group_n32_k2_nondef_mix_i7.model,DEFINABLE,DEFINABLE,252.973,51.306,1
cyclic_group_n32_k2_nondef_mix_i8.model,DEFINABLE,DEFINABLE,253.410,51.957,1
cyclic_group_n32_k2_nondef_mix_i9.model,DEFINABLE,DEFINABLE,253.070,53.034,1
cyclic_group_n4_k1_definable_eq_i0.model,DEFINABLE,DEFINABLE,0.307,0.089,1
cyclic_group_n4_k1_definable_eq_i1.model,DEFINABLE,DEFINABLE,0.258,0.082,1
cyclic_group_n4_k1_definable_eq_i10.model,DEFINABLE,DEFINABLE,0.283,0.114,1
cyclic_group_n4_k1_definable_eq_i11.model,DEFINABLE,DEFINABLE,0.333,0.087,1
cyclic_group_n4_k1_definable_eq_i12.model,DEFINABLE,DEFINABLE,0.256,0.057,1
cyclic_group_n4_k1_definable_eq_i13.model,DEFINABLE,DEFINABLE,0.271,0.066,1
cyclic_group_n4_k1_definable_eq_i14.model,DEFINABLE,DEFINABLE,0.260,0.059,1
cyclic_group_n4_k1_definable_eq_i15.model,DEFINABLE,DEFINABLE,0.471,0.060,1
cyclic_group_n4_k1_definable_eq_i16.model,DEFINABLE,DEFINABLE,0.439,0.072,1
cyclic_group_n4_k1_definable_eq_i17.model,DEFINABLE,DEFINABLE,0.276,0.076,1
cyclic_group_n4_k1_definable_eq_i18.model,DEFINABLE,DEFINABLE,0.318,0.064,1
cyclic_group_n4_k1_definable_eq_i19.model,DEFINABLE,DEFINABLE,0.278,0.099,1
cyclic_group_n4_k1_definable_eq_i2.model,DEFINABLE,DEFINABLE,0.346,0.060,1
cyclic_group_n4_k1_definable_eq_i20.model,DEFINABLE,DEFINABLE,0.470,0.059,1
cyclic_group_n4_k1_definable_eq_i21.model,DEFINABLE,DEFINABLE,3.413,0.059,1
cyclic_group_n4_k1_definable_eq_i22.model,DEFINABLE,DEFINABLE,1.603,0.063,1
cyclic_group_n4_k1_definable_eq_i23.model,DEFINABLE,DEFINABLE,1.305,0.062,1
cyclic_group_n4_k1_definable_eq_i24.model,DEFINABLE,DEFINABLE,1.981,0.067,1
cyclic_group_n4_k1_definable_eq_i25.model,DEFINABLE,DEFINABLE,2.300,0.061,1
cyclic_group_n4_k1_definable_eq_i26.model,DEFINABLE,DEFINABLE,7.123,0.058,1
cyclic_group_n4_k1_definable_eq_i27.model,DEFINABLE,DEFINABLE,1.055,0.058,1
cyclic_group_n4_k1_definable_eq_i28.model,DEFINABLE,DEFINABLE,0.342,0.064,1
cyclic_group_n4_k1_definable_eq_i29.model,DEFINABLE,DEFINABLE,0.324,0.062,1
cyclic_group_n4_k1_definable_eq_i3.model,DEFINABLE,DEFINABLE,0.441,0.059,1
cyclic_group_n4_k1_definable_eq_i4.model,DEFINABLE,DEFINABLE,0.264,0.055,1
cyclic_group_n4_k1_definable_eq_i5.model,DEFINABLE,DEFINABLE,1.145,0.059,1
cyclic_group_n4_k1_definable_eq_i6.model,DEFINABLE,DEFINABLE,0.253,0.070,1
cyclic_group_n4_k1_definable_eq_i7.model,DEFINABLE,DEFINABLE,0.244,0.058,1
cyclic_group_n4_k1_definable_eq_i8.model,DEFINABLE,DEFINABLE,0.315,0.091,1
cyclic_group_n4_k1_definable_eq_i9.model,DEFINABLE,DEFINABLE,0.236,0.071,1
cyclic_group_n4_k1_nondef_mix_i0.model,DEFINABLE,DEFINABLE,0.415,0.084,1
cyclic_group_n4_k1_nondef_mix_i1.model,DEFINABLE,DEFINABLE,0.517,0.071,1
cyclic_group_n4_k1_nondef_mix_i10.model,DEFINABLE,DEFINABLE,0.240,0.071,1
cyclic_group_n4_k1_nondef_mix_i11.model,DEFINABLE,DEFINABLE,0.554,0.065,1
cyclic_group_n4_k1_nondef_mix_i12.model,DEFINABLE,DEFINABLE,0.290,0.081,1
cyclic_group_n4_k1_nondef_mix_i13.model,DEFINABLE,DEFINABLE,0.291,0.096,1
cyclic_group_n4_k1_nondef_mix_i14.model,DEFINABLE,DEFINABLE,0.287,0.079,1
cyclic_group_n4_k1_nondef_mix_i15.model,DEFINABLE,DEFINABLE,0.462,0.084,1
cyclic_group_n4_k1_nondef_mix_i16.model,DEFINABLE,DEFINABLE,0.320,0.097,1
cyclic_group_n4_k1_nondef_mix_i17.model,DEFINABLE,DEFINABLE,0.695,0.069,1
cyclic_group_n4_k1_nondef_mix_i18.model,DEFINABLE,DEFINABLE,4.857,0.070,1
cyclic_group_n4_k1_nondef_mix_i19.model,DEFINABLE,DEFINABLE,0.473,0.082,1
cyclic_group_n4_k1_nondef_mix_i2.model,DEFINABLE,DEFINABLE,0.420,0.077,1
cyclic_group_n4_k1_nondef_mix_i20.model,DEFINABLE,DEFINABLE,0.674,0.060,1
cyclic_group_n4_k1_nondef_mix_i21.model,DEFINABLE,DEFINABLE,1.216,0.056,1
cyclic_group_n4_k1_nondef_mix_i22.model,DEFINABLE,DEFINABLE,0.332,0.057,1
cyclic_group_n4_k1_nondef_mix_i23.model,DEFINABLE,DEFINABLE,0.267,0.061,1
cyclic_group_n4_k1_nondef_mix_i24.model,DEFINABLE,DEFINABLE,3.730,0.064,1
cyclic_group_n4_k1_nondef_mix_i25.model,DEFINABLE,DEFINABLE,0.789,0.055,1
cyclic_group_n4_k1_nondef_mix_i26.model,DEFINABLE,DEFINABLE,0.277,0.081,1
cyclic_group_n4_k1_nondef_mix_i27.model,DEFINABLE,DEFINABLE,0.269,0.080,1
cyclic_group_n4_k1_nondef_mix_i28.model,DEFINABLE,DEFINABLE,0.334,0.060,1
cyclic_group_n4_k1_nondef_mix_i29.model,DEFINABLE,DEFINABLE,0.336,0.077,1
cyclic_group_n4_k1_nondef_mix_i3.model,DEFINABLE,DEFINABLE,0.246,0.075,1
cyclic_group_n4_k1_nondef_mix_i4.model,DEFINABLE,DEFINABLE,0.311,0.080,1
cyclic_group_n4_k1_nondef_mix_i5.model,DEFINABLE,DEFINABLE,0.963,0.065,1
cyclic_group_n4_k1_nondef_mix_i6.model,DEFINABLE,DEFINABLE,0.314,0.070,1
cyclic_group_n4_k1_nondef_mix_i7.model,DEFINABLE,DEFINABLE,0.502,0.078,1
cyclic_group_n4_k1_nondef_mix_i8.model,DEFINABLE,DEFINABLE,0.503,0.067,1
cyclic_group_n4_k1_nondef_mix_i9.model,DEFINABLE,DEFINABLE,0.254,0.061,1
cyclic_group_n4_k2_definable_eq_i0.model,DEFINABLE,DEFINABLE,0.249,0.100,1
cyclic_group_n4_k2_definable_eq_i1.model,DEFINABLE,DEFINABLE,0.285,0.073,1
cyclic_group_n4_k2_definable_eq_i10.model,DEFINABLE,DEFINABLE,0.319,0.052,1
cyclic_group_n4_k2_definable_eq_i11.model,DEFINABLE,DEFINABLE,0.255,0.074,1
cyclic_group_n4_k2_definable_eq_i12.model,DEFINABLE,DEFINABLE,0.189,0.079,1
cyclic_group_n4_k2_definable_eq_i13.model,DEFINABLE,DEFINABLE,0.206,0.053,1
cyclic_group_n4_k2_definable_eq_i14.model,DEFINABLE,DEFINABLE,0.166,0.091,1
cyclic_group_n4_k2_definable_eq_i15.model,DEFINABLE,DEFINABLE,0.204,0.061,1
cyclic_group_n4_k2_definable_eq_i16.model,DEFINABLE,DEFINABLE,0.183,0.065,1
cyclic_group_n4_k2_definable_eq_i17.model,DEFINABLE,DEFINABLE,0.182,0.074,1
cyclic_group_n4_k2_definable_eq_i18.model,DEFINABLE,DEFINABLE,0.262,0.077,1
cyclic_group_n4_k2_definable_eq_i19.model,DEFINABLE,DEFINABLE,0.325,0.057,1
cyclic_group_n4_k2_definable_eq_i2.model,DEFINABLE,DEFINABLE,0.246,0.068,1
cyclic_group_n4_k2_definable_eq_i20.model,DEFINABLE,DEFINABLE,0.188,0.094,1
cyclic_group_n4_k2_definable_eq_i21.model,DEFINABLE,DEFINABLE,0.219,0.057,1
cyclic_group_n4_k2_definable_eq_i22.model,DEFINABLE,DEFINABLE,0.187,0.080,1
cyclic_group_n4_k2_definable_eq_i23.model,DEFINABLE,DEFINABLE,0.195,0.093,1
cyclic_group_n4_k2_definable_eq_i24.model,DEFINABLE,DEFINABLE,0.191,0.055,1
cyclic_group_n4_k2_definable_eq_i25.model,DEFINABLE,DEFINABLE,0.182,0.122,1
cyclic_group_n4_k2_definable_eq_i26.model,DEFINABLE,DEFINABLE,0.178,0.052,1
cyclic_group_n4_k2_definable_eq_i27.model,DEFINABLE,DEFINABLE,0.180,0.062,1
cyclic_group_n4_k2_definable_eq_i28.model,DEFINABLE,DEFINABLE,0.179,0.057,1
cyclic_group_n4_k2_definable_eq_i29.model,DEFINABLE,DEFINABLE,0.166,0.081,1
cyclic_group_n4_k2_definable_eq_i3.model,DEFINABLE,DEFINABLE,0.172,0.085,1
cyclic_group_n4_k2_definable_eq_i4.model,DEFINABLE,DEFINABLE,0.175,0.097,1
cyclic_group_n4_k2_definable_eq_i5.model,DEFINABLE,DEFINABLE,0.177,0.071,1
cyclic_group_n4_k2_definable_eq_i6.model,DEFINABLE,DEFINABLE,0.234,0.058,1
cyclic_group_n4_k2_definable_eq_i7.model,DEFINABLE,DEFINABLE,0.227,0.070,1
cyclic_group_n4_k2_definable_eq_i8.model,DEFINABLE,DEFINABLE,0.215,0.071,1
cyclic_group_n4_k2_definable_eq_i9.model,DEFINABLE,DEFINABLE,0.200,0.055,1
cyclic_group_n4_k2_nondef_mix_i0.model,DEFINABLE,DEFINABLE,0.660,0.123,1
cyclic_group_n4_k2_nondef_mix_i1.model,DEFINABLE,DEFINABLE,0.651,0.120,1
cyclic_group_n4_k2_nondef_mix_i10.model,DEFINABLE,DEFINABLE,0.620,0.120,1
cyclic_group_n4_k2_nondef_mix_i11.model,DEFINABLE,DEFINABLE,0.606,0.158,1
cyclic_group_n4_k2_nondef_mix_i12.model,DEFINABLE,DEFINABLE,0.658,0.131,1
cyclic_group_n4_k2_nondef_mix_i13.model,DEFINABLE,DEFINABLE,0.610,0.131,1
cyclic_group_n4_k2_nondef_mix_i14.model,DEFINABLE,DEFINABLE,0.627,0.128,1
cyclic_group_n4_k2_nondef_mix_i15.model,DEFINABLE,DEFINABLE,0.605,0.164,1
cyclic_group_n4_k2_nondef_mix_i16.model,DEFINABLE,DEFINABLE,0.587,0.124,1
cyclic_group_n4_k2_nondef_mix_i17.model,DEFINABLE,DEFINABLE,0.589,0.149,1
cyclic_group_n4_k2_nondef_mix_i18.model,DEFINABLE,DEFINABLE,0.576,0.123,1
cyclic_group_n4_k2_nondef_mix_i19.model,DEFINABLE,DEFINABLE,0.575,0.159,1
cyclic_group_n4_k2_nondef_mix_i2.model,DEFINABLE,DEFINABLE,0.612,0.140,1
cyclic_group_n4_k2_nondef_mix_i20.model,DEFINABLE,DEFINABLE,0.664,0.143,1
cyclic_group_n4_k2_nondef_mix_i21.model,DEFINABLE,DEFINABLE,0.677,0.136,1
cyclic_group_n4_k2_nondef_mix_i22.model,DEFINABLE,DEFINABLE,0.645,0.151,1
cyclic_group_n4_k2_nondef_mix_i23.model,DEFINABLE,DEFINABLE,0.606,0.123,1
cyclic_group_n4_k2_nondef_mix_i24.model,DEFINABLE,DEFINABLE,0.675,0.120,1
cyclic_group_n4_k2_nondef_mix_i25.model,DEFINABLE,DEFINABLE,0.649,0.149,1
cyclic_group_n4_k2_nondef_mix_i26.model,DEFINABLE,DEFINABLE,0.689,0.178,1
cyclic_group_n4_k2_nondef_mix_i27.model,DEFINABLE,DEFINABLE,0.665,0.119,1
cyclic_group_n4_k2_nondef_mix_i28.model,DEFINABLE,DEFINABLE,0.598,0.120,1
cyclic_group_n4_k2_nondef_mix_i29.model,DEFINABLE,DEFINABLE,0.599,0.155,1
cyclic_group_n4_k2_nondef_mix_i3.model,DEFINABLE,DEFINABLE,0.565,0.149,1
cyclic_group_n4_k2_nondef_mix_i4.model,DEFINABLE,DEFINABLE,0.593,0.163,1
cyclic_group_n4_k2_nondef_mix_i5.model,DEFINABLE,DEFINABLE,0.603,0.147,1
cyclic_group_n4_k2_nondef_mix_i6.model,DEFINABLE,DEFINABLE,0.606,0.140,1
cyclic_group_n4_k2_nondef_mix_i7.model,DEFINABLE,DEFINABLE,0.595,0.140,1
cyclic_group_n4_k2_nondef_mix_i8.model,DEFINABLE,DEFINABLE,0.690,0.132,1
cyclic_group_n4_k2_nondef_mix_i9.model,DEFINABLE,DEFINABLE,0.612,0.120,1
cyclic_group_n64_k1_definable_eq_i0.model,DEFINABLE,DEFINABLE,87.202,4.903,1
cyclic_group_n64_k1_definable_eq_i1.model,DEFINABLE,DEFINABLE,86.845,4.872,1
cyclic_group_n64_k1_definable_eq_i10.model,DEFINABLE,DEFINABLE,88.562,4.897,1
cyclic_group_n64_k1_definable_eq_i11.model,DEFINABLE,DEFINABLE,86.870,4.868,1
cyclic_group_n64_k1_definable_eq_i12.model,DEFINABLE,DEFINABLE,86.876,4.893,1
cyclic_group_n64_k1_definable_eq_i13.model,DEFINABLE,DEFINABLE,88.161,4.889,1
cyclic_group_n64_k1_definable_eq_i14.model,DEFINABLE,DEFINABLE,87.301,4.876,1
cyclic_group_n64_k1_definable_eq_i15.model,DEFINABLE,DEFINABLE,88.690,4.839,1
cyclic_group_n64_k1_definable_eq_i16.model,DEFINABLE,DEFINABLE,86.870,4.877,1
cyclic_group_n64_k1_definable_eq_i17.model,DEFINABLE,DEFINABLE,87.085,4.864,1
cyclic_group_n64_k1_definable_eq_i18.model,DEFINABLE,DEFINABLE,86.982,4.803,1
cyclic_group_n64_k1_definable_eq_i19.model,DEFINABLE,DEFINABLE,88.664,4.876,1
cyclic_group_n64_k1_definable_eq_i2.model,DEFINABLE,DEFINABLE,87.208,4.825,1
cyclic_group_n64_k1_definable_eq_i20.model,DEFINABLE,DEFINABLE,86.733,4.788,1
cyclic_group_n64_k1_definable_eq_i21.model,DEFINABLE,DEFINABLE,87.887,4.816,1
cyclic_group_n64_k1_definable_eq_i22.model,DEFINABLE,DEFINABLE,87.127,4.845,1
cyclic_group_n64_k1_definable_eq_i23.model,DEFINABLE,DEFINABLE,87.860,4.816,1
cyclic_group_n64_k1_definable_eq_i24.model,DEFINABLE,DEFINABLE,87.664,4.778,1
cyclic_group_n64_k1_definable_eq_i25.model,DEFINABLE,DEFINABLE,86.866,4.839,1
cyclic_group_n64_k1_definable_eq_i26.model,DEFINABLE,DEFINABLE,100.385,4.827,1
cyclic_group_n64_k1_definable_eq_i27.model,DEFINABLE,DEFINABLE,93.766,4.841,1
cyclic_group_n64_k1_definable_eq_i28.model,DEFINABLE,DEFINABLE,103.858,4.773,1
cyclic_group_n64_k1_definable_eq_i29.model,DEFINABLE,DEFINABLE,101.230,4.878,1
cyclic_group_n64_k1_definable_eq_i3.model,DEFINABLE,DEFINABLE,104.500,4.769,1
cyclic_group_n64_k1_definable_eq_i4.model,DEFINABLE,DEFINABLE,98.721,4.803,1
cyclic_group_n64_k1_definable_eq_i5.model,DEFINABLE,DEFINABLE,110.274,4.819,1
cyclic_group_n64_k1_definable_eq_i6.model,DEFINABLE,DEFINABLE,105.471,4.795,1
cyclic_group_n64_k1_definable_eq_i7.model,DEFINABLE,DEFINABLE,99.289,4.821,1
cyclic_group_n64_k1_definable_eq_i8.model,DEFINABLE,DEFINABLE,92.091,4.778,1
cyclic_group_n64_k1_definable_eq_i9.model,DEFINABLE,DEFINABLE,87.824,4.804,1
cyclic_group_n64_k1_nondef_mix_i0.model,DEFINABLE,DEFINABLE,97.090,4.878,1
cyclic_group_n64_k1_nondef_mix_i1.model,DEFINABLE,DEFINABLE,98.227,4.778,1
cyclic_group_n64_k1_nondef_mix_i10.model,DEFINABLE,DEFINABLE,99.598,4.869,1
cyclic_group_n64_k1_nondef_mix_i11.model,DEFINABLE,DEFINABLE,87.048,4.880,1
cyclic_group_n64_k1_nondef_mix_i12.model,DEFINABLE,DEFINABLE,106.334,4.773,1
cyclic_group_n64_k1_nondef_mix_i13.model,DEFINABLE,DEFINABLE,103.036,4.803,1
cyclic_group_n64_k1_nondef_mix_i14.model,DEFINABLE,DEFINABLE,99.371,4.777,1
cyclic_group_n64_k1_nondef_mix_i15.model,DEFINABLE,DEFINABLE,95.753,4.870,1
cyclic_group_n64_k1_nondef_mix_i16.model,DEFINABLE,DEFINABLE,89.590,4.797,1
cyclic_group_n64_k1_nondef_mix_i17.model,DEFINABLE,DEFINABLE,87.989,4.848,1
cyclic_group_n64_k1_nondef_mix_i18.model,DEFINABLE,DEFINABLE,87.662,4.873,1
cyclic_group_n64_k1_nondef_mix_i19.model,DEFINABLE,DEFINABLE,87.070,4.868,1
cyclic_group_n64_k1_nondef_mix_i2.model,DEFINABLE,DEFINABLE,87.224,4.794,1
cyclic_group_n64_k1_nondef_mix_i20.model,DEFINABLE,DEFINABLE,86.838,4.786,1
cyclic_group_n64_k1_nondef_mix_i21.model,DEFINABLE,DEFINABLE,88.774,4.875,1
cyclic_group_n64_k1_nondef_mix_i22.model,DEFINABLE,DEFINABLE,87.532,4.805,1
cyclic_group_n64_k1_nondef_mix_i23.model,DEFINABLE,DEFINABLE,87.122,4.860,1
cyclic_group_n64_k1_nondef_mix_i24.model,DEFINABLE,DEFINABLE,87.276,4.875,1
cyclic_group_n64_k1_nondef_mix_i25.model,DEFINABLE,DEFINABLE,87.038,4.872,1
cyclic_group_n64_k1_nondef_mix_i26.model,DEFINABLE,DEFINABLE,87.273,4.886,1
cyclic_group_n64_k1_nondef_mix_i27.model,DEFINABLE,DEFINABLE,87.197,4.865,1
cyclic_group_n64_k1_nondef_mix_i28.model,DEFINABLE,DEFINABLE,87.733,4.900,1
cyclic_group_n64_k1_nondef_mix_i29.model,DEFINABLE,DEFINABLE,87.074,4.868,1
cyclic_group_n64_k1_nondef_mix_i3.model,DEFINABLE,DEFINABLE,87.247,4.813,1
cyclic_group_n64_k1_nondef_mix_i4.model,DEFINABLE,DEFINABLE,86.774,4.791,1
cyclic_group_n64_k1_nondef_mix_i5.model,DEFINABLE,DEFINABLE,87.375,4.799,1
cyclic_group_n64_k1_nondef_mix_i6.model,DEFINABLE,DEFINABLE,87.782,4.852,1
cyclic_group_n64_k1_nondef_mix_i7.model,DEFINABLE,DEFINABLE,86.932,4.829,1
cyclic_group_n64_k1_nondef_mix_i8.model,DEFINABLE,DEFINABLE,86.481,4.864,1
cyclic_group_n64_k1_nondef_mix_i9.model,DEFINABLE,DEFINABLE,87.199,4.864,1
cyclic_group_n64_k2_definable_eq_i0.model,DEFINABLE,DEFINABLE,50.462,4.865,1
cyclic_group_n64_k2_definable_eq_i1.model,DEFINABLE,DEFINABLE,49.841,4.863,1
cyclic_group_n64_k2_definable_eq_i10.model,DEFINABLE,DEFINABLE,49.576,4.805,1
cyclic_group_n64_k2_definable_eq_i11.model,DEFINABLE,DEFINABLE,49.739,4.815,1
cyclic_group_n64_k2_definable_eq_i12.model,DEFINABLE,DEFINABLE,49.596,4.770,1
cyclic_group_n64_k2_definable_eq_i13.model,DEFINABLE,DEFINABLE,49.310,4.754,1
cyclic_group_n64_k2_definable_eq_i14.model,DEFINABLE,DEFINABLE,49.264,4.835,1
cyclic_group_n64_k2_definable_eq_i15.model,DEFINABLE,DEFINABLE,49.584,4.860,1
cyclic_group_n64_k2_definable_eq_i16.model,DEFINABLE,DEFINABLE,49.512,4.797,1
cyclic_group_n64_k2_definable_eq_i17.model,DEFINABLE,DEFINABLE,49.476,4.890,1
cyclic_group_n64_k2_definable_eq_i18.model,DEFINABLE,DEFINABLE,50.125,4.785,1
cyclic_group_n64_k2_definable_eq_i19.model,DEFINABLE,DEFINABLE,49.664,4.874,1
cyclic_group_n64_k2_definable_eq_i2.model,DEFINABLE,DEFINABLE,50.516,4.807,1
cyclic_group_n64_k2_definable_eq_i20.model,DEFINABLE,DEFINABLE,49.854,4.890,1
cyclic_group_n64_k2_definable_eq_i21.model,DEFINABLE,DEFINABLE,50.351,4.792,1
cyclic_group_n64_k2_definable_eq_i22.model,DEFINABLE,DEFINABLE,50.609,4.805,1
cyclic_group_n64_k2_definable_eq_i23.model,DEFINABLE,DEFINABLE,49.880,4.823,1
cyclic_group_n64_k2_definable_eq_i24.model,DEFINABLE,DEFINABLE,50.617,4.813,1
cyclic_group_n64_k2_definable_eq_i25.model,DEFINABLE,DEFINABLE,49.659,4.973,1
cyclic_group_n64_k2_definable_eq_i26.model,DEFINABLE,DEFINABLE,50.040,4.771,1
cyclic_group_n64_k2_definable_eq_i27.model,DEFINABLE,DEFINABLE,49.569,4.809,1
cyclic_group_n64_k2_definable_eq_i28.model,DEFINABLE,DEFINABLE,49.353,4.787,1
cyclic_group_n64_k2_definable_eq_i29.model,DEFINABLE,DEFINABLE,49.602,4.814,1
cyclic_group_n64_k2_definable_eq_i3.model,DEFINABLE,DEFINABLE,49.571,4.821,1
cyclic_group_n64_k2_definable_eq_i4.model,DEFINABLE,DEFINABLE,49.590,4.790,1
cyclic_group_n64_k2_definable_eq_i5.model,DEFINABLE,DEFINABLE,49.315,4.776,1
cyclic_group_n64_k2_definable_eq_i6.model,DEFINABLE,DEFINABLE,50.247,4.801,1
cyclic_group_n64_k2_definable_eq_i7.model,DEFINABLE,DEFINABLE,49.859,4.816,1
cyclic_group_n64_k2_definable_eq_i8.model,DEFINABLE,DEFINABLE,50.215,4.780,1
cyclic_group_n64_k2_definable_eq_i9.model,DEFINABLE,DEFINABLE,49.755,4.780,1
cyclic_group_n64_k2_nondef_mix_i0.model,DEFINABLE,DEFINABLE,4083.429,831.284,1
cyclic_group_n64_k2_nondef_mix_i1.model,DEFINABLE,DEFINABLE,4018.168,834.474,1
cyclic_group_n64_k2_nondef_mix_i10.model,DEFINABLE,DEFINABLE,4067.010,836.220,1
cyclic_group_n64_k2_nondef_mix_i11.model,DEFINABLE,DEFINABLE,4044.471,839.992,1
cyclic_group_n64_k2_nondef_mix_i12.model,DEFINABLE,DEFINABLE,4044.111,858.211,1
cyclic_group_n64_k2_nondef_mix_i13.model,DEFINABLE,DEFINABLE,4033.023,837.802,1
cyclic_group_n64_k2_nondef_mix_i14.model,DEFINABLE,DEFINABLE,4054.055,844.083,1
cyclic_group_n64_k2_nondef_mix_i15.model,DEFINABLE,DEFINABLE,4045.593,858.588,1
cyclic_group_n64_k2_nondef_mix_i16.model,DEFINABLE,DEFINABLE,4049.397,846.163,1
cyclic_group_n64_k2_nondef_mix_i17.model,DEFINABLE,DEFINABLE,4042.200,845.916,1
cyclic_group_n64_k2_nondef_mix_i18.model,DEFINABLE,DEFINABLE,4079.639,852.946,1
cyclic_group_n64_k2_nondef_mix_i19.model,DEFINABLE,DEFINABLE,4083.511,858.734,1
cyclic_group_n64_k2_nondef_mix_i2.model,DEFINABLE,DEFINABLE,4038.467,852.862,1
cyclic_group_n64_k2_nondef_mix_i20.model,DEFINABLE,DEFINABLE,4067.691,889.064,1
cyclic_group_n64_k2_nondef_mix_i21.model,DEFINABLE,DEFINABLE,4051.779,868.865,1
cyclic_group_n64_k2_nondef_mix_i22.model,DEFINABLE,DEFINABLE,4050.274,898.822,1
cyclic_group_n64_k2_nondef_mix_i23.model,DEFINABLE,DEFINABLE,4064.290,852.186,1
cyclic_group_n64_k2_nondef_mix_i24.model,DEFINABLE,DEFINABLE,4063.613,873.067,1
cyclic_group_n64_k2_nondef_mix_i25.model,DEFINABLE,DEFINABLE,4046.803,852.584,1
cyclic_group_n64_k2_nondef_mix_i26.model,DEFINABLE,DEFINABLE,4029.134,848.083,1
cyclic_group_n64_k2_nondef_mix_i27.model,DEFINABLE,DEFINABLE,4045.991,849.557,1
cyclic_group_n64_k2_nondef_mix_i28.model,DEFINABLE,DEFINABLE,4056.614,835.856,1
cyclic_group_n64_k2_nondef_mix_i29.model,DEFINABLE,DEFINABLE,4073.472,863.774,1
cyclic_group_n64_k2_nondef_mix_i3.model,DEFINABLE,DEFINABLE,4070.027,853.092,1
cyclic_group_n64_k2_nondef_mix_i4.model,DEFINABLE,DEFINABLE,4039.306,843.791,1
cyclic_group_n64_k2_nondef_mix_i5.model,DEFINABLE,DEFINABLE,4024.989,836.912,1
cyclic_group_n64_k2_nondef_mix_i6.model,DEFINABLE,DEFINABLE,4014.429,845.859,1
cyclic_group_n64_k2_nondef_mix_i7.model,DEFINABLE,DEFINABLE,4057.241,846.232,1
cyclic_group_n64_k2_nondef_mix_i8.model,DEFINABLE,DEFINABLE,4076.761,813.475,1
cyclic_group_n64_k2_nondef_mix_i9.model,DEFINABLE,DEFINABLE,4035.715,865.121,1
cyclic_group_n8_k1_definable_eq_i0.model,DEFINABLE,DEFINABLE,0.550,0.150,1
cyclic_group_n8_k1_definable_eq_i1.model,DEFINABLE,DEFINABLE,0.689,0.161,1
cyclic_group_n8_k1_definable_eq_i10.model,DEFINABLE,DEFINABLE,0.453,0.129,1
cyclic_group_n8_k1_definable_eq_i11.model,DEFINABLE,DEFINABLE,0.479,0.142,1
cyclic_group_n8_k1_definable_eq_i12.model,DEFINABLE,DEFINABLE,0.475,0.175,1
cyclic_group_n8_k1_definable_eq_i13.model,DEFINABLE,DEFINABLE,0.555,0.131,1
cyclic_group_n8_k1_definable_eq_i14.model,DEFINABLE,DEFINABLE,0.494,0.129,1
cyclic_group_n8_k1_definable_eq_i15.model,DEFINABLE,DEFINABLE,0.499,0.135,1
cyclic_group_n8_k1_definable_eq_i16.model,DEFINABLE,DEFINABLE,0.517,0.135,1
cyclic_group_n8_k1_definable_eq_i17.model,DEFINABLE,DEFINABLE,0.522,0.191,1
cyclic_group_n8_k1_definable_eq_i18.model,DEFINABLE,DEFINABLE,0.555,0.131,1
cyclic_group_n8_k1_definable_eq_i19.model,DEFINABLE,DEFINABLE,0.576,0.125,1
cyclic_group_n8_k1_definable_eq_i2.model,DEFINABLE,DEFINABLE,0.500,0.133,1
cyclic_group_n8_k1_definable_eq_i20.model,DEFINABLE,DEFINABLE,0.497,0.152,1
cyclic_group_n8_k1_definable_eq_i21.model,DEFINABLE,DEFINABLE,0.447,0.129,1
cyclic_group_n8_k1_definable_eq_i22.model,DEFINABLE,DEFINABLE,0.553,0.128,1
cyclic_group_n8_k1_definable_eq_i23.model,DEFINABLE,DEFINABLE,0.467,0.141,1
cyclic_group_n8_k1_definable_eq_i24.model,DEFINABLE,DEFINABLE,0.526,0.129,1
cyclic_group_n8_k1_definable_eq_i25.model,DEFINABLE,DEFINABLE,0.449,0.127,1
cyclic_group_n8_k1_definable_eq_i26.model,DEFINABLE,DEFINABLE,0.489,0.124,1
cyclic_group_n8_k1_definable_eq_i27.model,DEFINABLE,DEFINABLE,0.541,0.135,1
cyclic_group_n8_k1_definable_eq_i28.model,DEFINABLE,DEFINABLE,0.465,0.132,1
cyclic_group_n8_k1_definable_eq_i29.model,DEFINABLE,DEFINABLE,0.489,0.131,1
cyclic_group_n8_k1_definable_eq_i3.model,DEFINABLE,DEFINABLE,0.494,0.127,1
cyclic_group_n8_k1_definable_eq_i4.model,DEFINABLE,DEFINABLE,0.492,0.133,1
cyclic_group_n8_k1_definable_eq_i5.model,DEFINABLE,DEFINABLE,0.458,0.125,1
cyclic_group_n8_k1_definable_eq_i6.model,DEFINABLE,DEFINABLE,0.525,0.133,1
cyclic_group_n8_k1_definable_eq_i7.model,DEFINABLE,DEFINABLE,0.555,0.126,1
cyclic_group_n8_k1_definable_eq_i8.model,DEFINABLE,DEFINABLE,0.501,0.148,1
cyclic_group_n8_k1_definable_eq_i9.model,DEFINABLE,DEFINABLE,0.448,0.138,1
cyclic_group_n8_k1_nondef_mix_i0.model,DEFINABLE,DEFINABLE,0.435,0.138,1
cyclic_group_n8_k1_nondef_mix_i1.model,DEFINABLE,DEFINABLE,0.491,0.139,1
cyclic_group_n8_k1_nondef_mix_i10.model,DEFINABLE,DEFINABLE,0.481,0.172,1
cyclic_group_n8_k1_nondef_mix_i11.model,DEFINABLE,DEFINABLE,0.617,0.131,1
cyclic_group_n8_k1_nondef_mix_i12.model,DEFINABLE,DEFINABLE,0.447,0.128,1
cyclic_group_n8_k1_nondef_mix_i13.model,DEFINABLE,DEFINABLE,0.638,0.138,1
cyclic_group_n8_k1_nondef_mix_i14.model,DEFINABLE,DEFINABLE,0.436,0.132,1
cyclic_group_n8_k1_nondef_mix_i15.model,DEFINABLE,DEFINABLE,0.503,0.130,1
cyclic_group_n8_k1_nondef_mix_i16.model,DEFINABLE,DEFINABLE,0.473,0.131,1
cyclic_group_n8_k1_nondef_mix_i17.model,DEFINABLE,DEFINABLE,0.516,0.139,1
cyclic_group_n8_k1_nondef_mix_i18.model,DEFINABLE,DEFINABLE,0.483,0.132,1
cyclic_group_n8_k1_nondef_mix_i19.model,DEFINABLE,DEFINABLE,0.419,0.134,1
cyclic_group_n8_k1_nondef_mix_i2.model,DEFINABLE,DEFINABLE,0.477,0.196,1
cyclic_group_n8_k1_nondef_mix_i20.model,DEFINABLE,DEFINABLE,0.483,0.128,1
cyclic_group_n8_k1_nondef_mix_i21.model,DEFINABLE,DEFINABLE,0.483,0.131,1
cyclic_group_n8_k1_nondef_mix_i22.model,DEFINABLE,DEFINABLE,0.501,0.128,1
cyclic_group_n8_k1_nondef_mix_i23.model,DEFINABLE,DEFINABLE,0.447,0.129,1
cyclic_group_n8_k1_nondef_mix_i24.model,DEFINABLE,DEFINABLE,0.494,0.132,1
cyclic_group_n8_k1_nondef_mix_i25.model,DEFINABLE,DEFINABLE,0.496,0.129,1
cyclic_group_n8_k1_nondef_mix_i26.model,DEFINABLE,DEFINABLE,0.447,0.126,1
cyclic_group_n8_k1_nondef_mix_i27.model,DEFINABLE,DEFINABLE,0.576,0.130,1
cyclic_group_n8_k1_nondef_mix_i28.model,DEFINABLE,DEFINABLE,0.474,0.129,1
cyclic_group_n8_k1_nondef_mix_i29.model,DEFINABLE,DEFINABLE,0.471,0.138,1
cyclic_group_n8_k1_nondef_mix_i3.model,DEFINABLE,DEFINABLE,0.601,0.130,1
cyclic_group_n8_k1_nondef_mix_i4.model,DEFINABLE,DEFINABLE,0.527,0.129,1
cyclic_group_n8_k1_nondef_mix_i5.model,DEFINABLE,DEFINABLE,0.509,0.149,1
cyclic_group_n8_k1_nondef_mix_i6.model,DEFINABLE,DEFINABLE,0.439,0.124,1
cyclic_group_n8_k1_nondef_mix_i7.model,DEFINABLE,DEFINABLE,0.532,0.168,1
cyclic_group_n8_k1_nondef_mix_i8.model,DEFINABLE,DEFINABLE,0.490,0.126,1
cyclic_group_n8_k1_nondef_mix_i9.model,DEFINABLE,DEFINABLE,0.546,0.135,1
cyclic_group_n8_k2_definable_eq_i0.model,DEFINABLE,DEFINABLE,0.364,1.801,1
cyclic_group_n8_k2_definable_eq_i1.model,DEFINABLE,DEFINABLE,0.281,0.149,1
cyclic_group_n8_k2_definable_eq_i10.model,DEFINABLE,DEFINABLE,0.294,0.135,1
cyclic_group_n8_k2_definable_eq_i11.model,DEFINABLE,DEFINABLE,0.295,0.136,1
cyclic_group_n8_k2_definable_eq_i12.model,DEFINABLE,DEFINABLE,0.341,0.135,1
cyclic_group_n8_k2_definable_eq_i13.model,DEFINABLE,DEFINABLE,0.304,0.129,1
cyclic_group_n8_k2_definable_eq_i14.model,DEFINABLE,DEFINABLE,0.398,0.130,1
cyclic_group_n8_k2_definable_eq_i15.model,DEFINABLE,DEFINABLE,0.366,0.131,1
cyclic_group_n8_k2_definable_eq_i16.model,DEFINABLE,DEFINABLE,0.279,0.128,1
cyclic_group_n8_k2_definable_eq_i17.model,DEFINABLE,DEFINABLE,0.388,0.129,1
cyclic_group_n8_k2_definable_eq_i18.model,DEFINABLE,DEFINABLE,0.311,0.130,1
cyclic_group_n8_k2_definable_eq_i19.model,DEFINABLE,DEFINABLE,0.295,0.132,1
cyclic_group_n8_k2_definable_eq_i2.model,DEFINABLE,DEFINABLE,0.323,0.157,1
cyclic_group_n8_k2_definable_eq_i20.model,DEFINABLE,DEFINABLE,0.402,0.131,1
cyclic_group_n8_k2_definable_eq_i21.model,DEFINABLE,DEFINABLE,0.399,0.135,1
cyclic_group_n8_k2_definable_eq_i22.model,DEFINABLE,DEFINABLE,0.289,0.131,1
cyclic_group_n8_k2_definable_eq_i23.model,DEFINABLE,DEFINABLE,0.387,0.131,1
cyclic_group_n8_k2_definable_eq_i24.model,DEFINABLE,DEFINABLE,0.269,0.129,1
cyclic_group_n8_k2_definable_eq_i25.model,DEFINABLE,DEFINABLE,0.312,0.145,1
cyclic_group_n8_k2_definable_eq_i26.model,DEFINABLE,DEFINABLE,0.322,0.129,1
cyclic_group_n8_k2_definable_eq_i27.model,DEFINABLE,DEFINABLE,0.294,0.136,1
cyclic_group_n8_k2_definable_eq_i28.model,DEFINABLE,DEFINABLE,0.317,0.135,1
cyclic_group_n8_k2_definable_eq_i29.model,DEFINABLE,DEFINABLE,0.354,0.138,1
cyclic_group_n8_k2_definable_eq_i3.model,DEFINABLE,DEFINABLE,0.284,0.133,1
cyclic_group_n8_k2_definable_eq_i4.model,DEFINABLE,DEFINABLE,0.357,0.126,1
cyclic_group_n8_k2_definable_eq_i5.model,DEFINABLE,DEFINABLE,0.291,0.162,1
cyclic_group_n8_k2_definable_eq_i6.model,DEFINABLE,DEFINABLE,0.298,0.136,1
cyclic_group_n8_k2_definable_eq_i7.model,DEFINABLE,DEFINABLE,0.311,0.129,1
cyclic_group_n8_k2_definable_eq_i8.model,DEFINABLE,DEFINABLE,0.296,0.128,1
cyclic_group_n8_k2_definable_eq_i9.model,DEFINABLE,DEFINABLE,0.380,0.130,1
cyclic_group_n8_k2_nondef_mix_i0.model,DEFINABLE,DEFINABLE,6.244,0.567,1
cyclic_group_n8_k2_nondef_mix_i1.model,DEFINABLE,DEFINABLE,6.206,0.577,1
cyclic_group_n8_k2_nondef_mix_i10.model,DEFINABLE,DEFINABLE,6.288,0.683,1
cyclic_group_n8_k2_nondef_mix_i11.model,DEFINABLE,DEFINABLE,6.389,0.566,1
cyclic_group_n8_k2_nondef_mix_i12.model,DEFINABLE,DEFINABLE,6.327,0.587,1
cyclic_group_n8_k2_nondef_mix_i13.model,DEFINABLE,DEFINABLE,6.204,0.572,1
cyclic_group_n8_k2_nondef_mix_i14.model,DEFINABLE,DEFINABLE,6.322,0.568,1
cyclic_group_n8_k2_nondef_mix_i15.model,DEFINABLE,DEFINABLE,6.226,0.569,1
cyclic_group_n8_k2_nondef_mix_i16.model,DEFINABLE,DEFINABLE,6.211,0.581,1
cyclic_group_n8_k2_nondef_mix_i17.model,DEFINABLE,DEFINABLE,6.218,0.560,1
cyclic_group_n8_k2_nondef_mix_i18.model,DEFINABLE,DEFINABLE,6.230,0.573,1
cyclic_group_n8_k2_nondef_mix_i19.model,DEFINABLE,DEFINABLE,6.324,0.564,1
cyclic_group_n8_k2_nondef_mix_i2.model,DEFINABLE,DEFINABLE,6.189,0.600,1
cyclic_group_n8_k2_nondef_mix_i20.model,DEFINABLE,DEFINABLE,6.257,0.573,1
cyclic_group_n8_k2_nondef_mix_i21.model,DEFINABLE,DEFINABLE,6.413,0.573,1
cyclic_group_n8_k2_nondef_mix_i22.model,DEFINABLE,DEFINABLE,6.227,0.552,1
cyclic_group_n8_k2_nondef_mix_i23.model,DEFINABLE,DEFINABLE,6.327,0.570,1
cyclic_group_n8_k2_nondef_mix_i24.model,DEFINABLE,DEFINABLE,6.311,0.569,1
cyclic_group_n8_k2_nondef_mix_i25.model,DEFINABLE,DEFINABLE,6.249,0.571,1
cyclic_group_n8_k2_nondef_mix_i26.model,DEFINABLE,DEFINABLE,6.225,0.630,1
cyclic_group_n8_k2_nondef_mix_i27.model,DEFINABLE,DEFINABLE,6.362,0.583,1
cyclic_group_n8_k2_nondef_mix_i28.model,DEFINABLE,DEFINABLE,6.248,0.573,1
cyclic_group_n8_k2_nondef_mix_i29.model,DEFINABLE,DEFINABLE,6.187,0.584,1
cyclic_group_n8_k2_nondef_mix_i3.model,DEFINABLE,DEFINABLE,6.278,0.561,1
cyclic_group_n8_k2_nondef_mix_i4.model,DEFINABLE,DEFINABLE,6.325,0.656,1
cyclic_group_n8_k2_nondef_mix_i5.model,DEFINABLE,DEFINABLE,6.267,0.565,1
cyclic_group_n8_k2_nondef_mix_i6.model,DEFINABLE,DEFINABLE,6.210,0.576,1
cyclic_group_n8_k2_nondef_mix_i7.model,DEFINABLE,DEFINABLE,6.438,0.563,1
cyclic_group_n8_k2_nondef_mix_i8.model,DEFINABLE,DEFINABLE,6.342,0.585,1
cyclic_group_n8_k2_nondef_mix_i9.model,DEFINABLE,DEFINABLE,6.213,0.569,1
random_magma_n128_k1_definable_eq_i0.model,DEFINABLE,DEFINABLE,1613.900,649.566,1
random_magma_n128_k1_definable_eq_i1.model,DEFINABLE,DEFINABLE,1634.414,680.947,1
random_magma_n128_k1_definable_eq_i10.model,DEFINABLE,DEFINABLE,1608.749,656.498,1
random_magma_n128_k1_definable_eq_i11.model,DEFINABLE,DEFINABLE,1622.727,665.825,1
random_magma_n128_k1_definable_eq_i12.model,DEFINABLE,DEFINABLE,1589.976,636.441,1
random_magma_n128_k1_definable_eq_i13.model,DEFINABLE,DEFINABLE,1582.016,630.293,1
random_magma_n128_k1_definable_eq_i14.model,DEFINABLE,DEFINABLE,1582.993,660.663,1
random_magma_n128_k1_definable_eq_i15.model,DEFINABLE,DEFINABLE,1634.018,664.364,1
random_magma_n128_k1_definable_eq_i16.model,DEFINABLE,DEFINABLE,1606.145,656.024,1
random_magma_n128_k1_definable_eq_i17.model,DEFINABLE,DEFINABLE,1599.346,637.416,1
random_magma_n128_k1_definable_eq_i18.model,DEFINABLE,DEFINABLE,1606.796,687.178,1
random_magma_n128_k1_definable_eq_i19.model,DEFINABLE,DEFINABLE,1655.052,698.426,1
random_magma_n128_k1_definable_eq_i2.model,DEFINABLE,DEFINABLE,1586.862,646.311,1
random_magma_n128_k1_definable_eq_i20.model,DEFINABLE,DEFINABLE,1614.598,666.601,1
random_magma_n128_k1_definable_eq_i21.model,DEFINABLE,DEFINABLE,1611.592,647.376,1
random_magma_n128_k1_definable_eq_i22.model,DEFINABLE,DEFINABLE,1658.626,657.627,1
random_magma_n128_k1_definable_eq_i23.model,DEFINABLE,DEFINABLE,1630.125,652.169,1
random_magma_n128_k1_definable_eq_i24.model,DEFINABLE,DEFINABLE,1626.732,650.636,1
random_magma_n128_k1_definable_eq_i25.model,DEFINABLE,DEFINABLE,1639.910,693.253,1
random_magma_n128_k1_definable_eq_i26.model,DEFINABLE,DEFINABLE,1664.088,658.235,1
random_magma_n128_k1_definable_eq_i27.model,DEFINABLE,DEFINABLE,1661.366,657.336,1
random_magma_n128_k1_definable_eq_i28.model,DEFINABLE,DEFINABLE,1648.962,656.577,1
random_magma_n128_k1_definable_eq_i29.model,DEFINABLE,DEFINABLE,1631.379,653.283,1
random_magma_n128_k1_definable_eq_i3.model,DEFINABLE,DEFINABLE,1590.076,639.561,1
random_magma_n128_k1_definable_eq_i4.model,DEFINABLE,DEFINABLE,1600.164,645.964,1
random_magma_n128_k1_definable_eq_i5.model,DEFINABLE,DEFINABLE,1650.682,657.040,1
random_magma_n128_k1_definable_eq_i6.model,DEFINABLE,DEFINABLE,1643.960,658.570,1
random_magma_n128_k1_definable_eq_i7.model,DEFINABLE,DEFINABLE,1632.219,648.443,1
random_magma_n128_k1_definable_eq_i8.model,DEFINABLE,DEFINABLE,1609.054,638.624,1
random_magma_n128_k1_definable_eq_i9.model,DEFINABLE,DEFINABLE,1627.874,659.828,1
random_magma_n128_k1_nondef_mix_i0.model,DEFINABLE,DEFINABLE,1616.481,647.799,1
random_magma_n128_k1_nondef_mix_i1.model,DEFINABLE,DEFINABLE,1587.781,650.041,1
random_magma_n128_k1_nondef_mix_i10.model,DEFINABLE,DEFINABLE,1639.279,673.860,1
random_magma_n128_k1_nondef_mix_i11.model,DEFINABLE,DEFINABLE,1640.315,648.308,1
random_magma_n128_k1_nondef_mix_i12.model,DEFINABLE,DEFINABLE,1630.988,657.431,1
random_magma_n128_k1_nondef_mix_i13.model,DEFINABLE,DEFINABLE,1639.538,695.301,1
random_magma_n128_k1_nondef_mix_i14.model,DEFINABLE,DEFINABLE,1630.349,647.916,1
random_magma_n128_k1_nondef_mix_i15.model,DEFINABLE,DEFINABLE,1635.999,656.256,1
random_magma_n128_k1_nondef_mix_i16.model,DEFINABLE,DEFINABLE,1614.239,694.310,1
random_magma_n128_k1_nondef_mix_i17.model,DEFINABLE,DEFINABLE,1632.171,660.320,1
random_magma_n128_k1_nondef_mix_i18.model,DEFINABLE,DEFINABLE,1612.494,701.808,1
random_magma_n128_k1_nondef_mix_i19.model,DEFINABLE,DEFINABLE,1623.344,698.269,1
random_magma_n128_k1_nondef_mix_i2.model,DEFINABLE,DEFINABLE,1628.735,690.951,1
random_magma_n128_k1_nondef_mix_i20.model,NOT_DEFINABLE,NOT_DEFINABLE,762.343,519.107,1
random_magma_n128_k1_nondef_mix_i21.model,DEFINABLE,DEFINABLE,1628.311,655.003,1
random_magma_n128_k1_nondef_mix_i22.model,DEFINABLE,DEFINABLE,1630.383,656.749,1
random_magma_n128_k1_nondef_mix_i23.model,DEFINABLE,DEFINABLE,1616.214,686.790,1
random_magma_n128_k1_nondef_mix_i24.model,DEFINABLE,DEFINABLE,1659.487,670.145,1
random_magma_n128_k1_nondef_mix_i25.model,DEFINABLE,DEFINABLE,1595.531,655.601,1
random_magma_n128_k1_nondef_mix_i26.model,DEFINABLE,DEFINABLE,1613.955,659.251,1
random_magma_n128_k1_nondef_mix_i27.model,NOT_DEFINABLE,NOT_DEFINABLE,781.277,560.100,1
random_magma_n128_k1_nondef_mix_i28.model,DEFINABLE,DEFINABLE,1641.395,661.266,1
random_magma_n128_k1_nondef_mix_i29.model,DEFINABLE,DEFINABLE,1629.847,709.347,1
random_magma_n128_k1_nondef_mix_i3.model,DEFINABLE,DEFINABLE,1624.477,688.993,1
random_magma_n128_k1_nondef_mix_i4.model,NOT_DEFINABLE,NOT_DEFINABLE,273.314,195.000,1
random_magma_n128_k1_nondef_mix_i5.model,NOT_DEFINABLE,NOT_DEFINABLE,849.547,600.119,1
random_magma_n128_k1_nondef_mix_i6.model,DEFINABLE,DEFINABLE,1619.144,648.646,1
random_magma_n128_k1_nondef_mix_i7.model,DEFINABLE,DEFINABLE,1629.829,659.195,1
random_magma_n128_k1_nondef_mix_i8.model,DEFINABLE,DEFINABLE,1619.623,657.161,1
random_magma_n128_k1_nondef_mix_i9.model,DEFINABLE,DEFINABLE,1656.510,657.354,1
random_magma_n128_k1_random_half_i0.model,NOT_DEFINABLE,NOT_DEFINABLE,806.821,576.142,1
random_magma_n128_k1_random_half_i1.model,NOT_DEFINABLE,NOT_DEFINABLE,891.693,666.964,1
random_magma_n128_k1_random_half_i10.model,NOT_DEFINABLE,NOT_DEFINABLE,453.167,344.111,1
random_magma_n128_k1_random_half_i11.model,DEFINABLE,DEFINABLE,1647.303,690.269,1
random_magma_n128_k1_random_half_i12.model,NOT_DEFINABLE,NOT_DEFINABLE,607.363,442.182,1
random_magma_n128_k1_random_half_i13.model,DEFINABLE,DEFINABLE,1592.194,692.199,1
random_magma_n128_k1_random_half_i14.model,DEFINABLE,DEFINABLE,1652.727,675.726,1
random_magma_n128_k1_random_half_i15.model,NOT_DEFINABLE,NOT_DEFINABLE,600.700,427.104,1
random_magma_n128_k1_random_half_i16.model,NOT_DEFINABLE,NOT_DEFINABLE,745.896,549.122,1
random_magma_n128_k1_random_half_i17.model,DEFINABLE,DEFINABLE,1633.122,651.937,1
random_magma_n128_k1_random_half_i18.model,DEFINABLE,DEFINABLE,1635.741,658.368,1
random_magma_n128_k1_random_half_i19.model,DEFINABLE,DEFINABLE,1628.792,657.862,1
random_magma_n128_k1_random_half_i2.model,DEFINABLE,DEFINABLE,1629.508,686.616,1
random_magma_n128_k1_random_half_i20.model,DEFINABLE,DEFINABLE,1619.570,661.186,1
random_magma_n128_k1_random_half_i21.model,DEFINABLE,DEFINABLE,1608.287,670.703,1
random_magma_n128_k1_random_half_i22.model,NOT_DEFINABLE,NOT_DEFINABLE,816.847,569.156,1
random_magma_n128_k1_random_half_i23.model,DEFINABLE,DEFINABLE,1612.862,658.776,1
random_magma_n128_k1_random_half_i24.model,NOT_DEFINABLE,NOT_DEFINABLE,880.013,649.038,1
random_magma_n128_k1_random_half_i25.model,DEFINABLE,DEFINABLE,1624.137,656.985,1
random_magma_n128_k1_random_half_i26.model,DEFINABLE,DEFINABLE,1640.168,682.223,1
random_magma_n128_k1_random_half_i27.model,DEFINABLE,DEFINABLE,1656.300,676.823,1
random_magma_n128_k1_random_half_i28.model,DEFINABLE,DEFINABLE,1633.499,695.810,1
random_magma_n128_k1_random_half_i29.model,DEFINABLE,DEFINABLE,1658.125,655.142,1
random_magma_n128_k1_random_half_i3.model,DEFINABLE,DEFINABLE,1651.425,670.709,1
random_magma_n128_k1_random_half_i4.model,DEFINABLE,DEFINABLE,1568.147,632.381,1
random_magma_n128_k1_random_half_i5.model,DEFINABLE,DEFINABLE,1613.902,655.462,1
random_magma_n128_k1_random_half_i6.model,DEFINABLE,DEFINABLE,1625.104,701.586,1
random_magma_n128_k1_random_half_i7.model,DEFINABLE,DEFINABLE,1655.839,710.178,1
random_magma_n128_k1_random_half_i8.model,DEFINABLE,DEFINABLE,1626.929,647.782,1
random_magma_n128_k1_random_half_i9.model,DEFINABLE,DEFINABLE,1652.917,657.807,1
random_magma_n128_k2_definable_eq_i0.model,DEFINABLE,DEFINABLE,1018.458,652.829,1
random_magma_n128_k2_definable_eq_i1.model,DEFINABLE,DEFINABLE,944.999,655.054,1
random_magma_n128_k2_definable_eq_i10.model,DEFINABLE,DEFINABLE,935.525,640.823,1
random_magma_n128_k2_definable_eq_i11.model,DEFINABLE,DEFINABLE,947.999,652.633,1
random_magma_n128_k2_definable_eq_i12.model,DEFINABLE,DEFINABLE,950.621,691.774,1
random_magma_n128_k2_definable_eq_i13.model,DEFINABLE,DEFINABLE,957.488,653.893,1
random_magma_n128_k2_definable_eq_i14.model,DEFINABLE,DEFINABLE,936.897,665.413,1
random_magma_n128_k2_definable_eq_i15.model,DEFINABLE,DEFINABLE,939.934,687.063,1
random_magma_n128_k2_definable_eq_i16.model,DEFINABLE,DEFINABLE,953.990,674.986,1
random_magma_n128_k2_definable_eq_i17.model,DEFINABLE,DEFINABLE,930.503,654.653,1
random_magma_n128_k2_definable_eq_i18.model,DEFINABLE,DEFINABLE,937.732,662.614,1
random_magma_n128_k2_definable_eq_i19.model,DEFINABLE,DEFINABLE,927.080,693.262,1
random_magma_n128_k2_definable_eq_i2.model,DEFINABLE,DEFINABLE,952.174,648.682,1
random_magma_n128_k2_definable_eq_i20.model,DEFINABLE,DEFINABLE,950.478,669.921,1
random_magma_n128_k2_definable_eq_i21.model,DEFINABLE,DEFINABLE,944.258,691.089,1
random_magma_n128_k2_definable_eq_i22.model,DEFINABLE,DEFINABLE,955.089,652.438,1
random_magma_n128_k2_definable_eq_i23.model,DEFINABLE,DEFINABLE,959.155,653.195,1
random_magma_n128_k2_definable_eq_i24.model,DEFINABLE,DEFINABLE,951.358,650.420,1
random_magma_n128_k2_definable_eq_i25.model,DEFINABLE,DEFINABLE,946.487,652.871,1
random_magma_n128_k2_definable_eq_i26.model,DEFINABLE,DEFINABLE,959.318,661.849,1
random_magma_n128_k2_definable_eq_i27.model,DEFINABLE,DEFINABLE,935.670,699.455,1
random_magma_n128_k2_definable_eq_i28.model,DEFINABLE,DEFINABLE,937.189,650.169,1
random_magma_n128_k2_definable_eq_i29.model,DEFINABLE,DEFINABLE,935.441,647.625,1
random_magma_n128_k2_definable_eq_i3.model,DEFINABLE,DEFINABLE,967.360,655.915,1
random_magma_n128_k2_definable_eq_i4.model,DEFINABLE,DEFINABLE,937.912,681.635,1
random_magma_n128_k2_definable_eq_i5.model,DEFINABLE,DEFINABLE,938.239,655.919,1
random_magma_n128_k2_definable_eq_i6.model,DEFINABLE,DEFINABLE,948.536,689.872,1
random_magma_n128_k2_definable_eq_i7.model,DEFINABLE,DEFINABLE,967.180,667.180,1
random_magma_n128_k2_definable_eq_i8.model,DEFINABLE,DEFINABLE,920.762,652.400,1
random_magma_n128_k2_definable_eq_i9.model,DEFINABLE,DEFINABLE,947.416,651.895,1
random_magma_n128_k2_nondef_mix_i0.model,DEFINABLE,DEFINABLE,121437.086,175605.358,1
random_magma_n128_k2_nondef_mix_i1.model,NOT_DEFINABLE,NOT_DEFINABLE,776.927,185540.773,1
random_magma_n128_k2_nondef_mix_i10.model,DEFINABLE,DEFINABLE,117647.626,183249.957,1
random_magma_n128_k2_nondef_mix_i11.model,DEFINABLE,DEFINABLE,117741.539,175414.652,1
random_magma_n128_k2_nondef_mix_i12.model,DEFINABLE,DEFINABLE,123746.605,183527.214,1
random_magma_n128_k2_nondef_mix_i13.model,DEFINABLE,DEFINABLE,123815.059,179268.763,1
random_magma_n128_k2_nondef_mix_i14.model,DEFINABLE,DEFINABLE,123701.204,187153.526,1
random_magma_n128_k2_nondef_mix_i15.model,DEFINABLE,DEFINABLE,118646.930,186270.490,1
random_magma_n128_k2_nondef_mix_i16.model,NOT_DEFINABLE,NOT_DEFINABLE,906.482,185962.921,1
random_magma_n128_k2_nondef_mix_i17.model,DEFINABLE,DEFINABLE,128047.838,181269.728,1
random_magma_n128_k2_nondef_mix_i18.model,DEFINABLE,DEFINABLE,123829.812,183288.575,1
random_magma_n128_k2_nondef_mix_i19.model,DEFINABLE,DEFINABLE,124129.438,184050.744,1
random_magma_n128_k2_nondef_mix_i2.model,DEFINABLE,DEFINABLE,120856.150,179641.007,1
random_magma_n128_k2_nondef_mix_i20.model,NOT_DEFINABLE,NOT_DEFINABLE,396.587,180099.237,1
random_magma_n128_k2_nondef_mix_i21.model,DEFINABLE,DEFINABLE,123560.267,180527.207,1
random_magma_n128_k2_nondef_mix_i22.model,DEFINABLE,DEFINABLE,123163.640,182320.726,1
random_magma_n128_k2_nondef_mix_i23.model,DEFINABLE,DEFINABLE,123042.091,173583.269,1
random_magma_n128_k2_nondef_mix_i24.model,DEFINABLE,DEFINABLE,121355.038,170374.825,1
random_magma_n128_k2_nondef_mix_i25.model,DEFINABLE,DEFINABLE,123585.696,177708.272,1
random_magma_n128_k2_nondef_mix_i26.model,DEFINABLE,DEFINABLE,124235.418,181251.880,1
random_magma_n128_k2_nondef_mix_i27.model,DEFINABLE,DEFINABLE,123971.503,185541.476,1
random_magma_n128_k2_nondef_mix_i28.model,DEFINABLE,DEFINABLE,120259.168,172795.806,1
random_magma_n128_k2_nondef_mix_i29.model,DEFINABLE,DEFINABLE,121267.638,181035.572,1
random_magma_n128_k2_nondef_mix_i3.model,DEFINABLE,DEFINABLE,123872.969,181409.238,1
random_magma_n128_k2_nondef_mix_i4.model,NOT_DEFINABLE,NOT_DEFINABLE,700.788,178426.897,1
random_magma_n128_k2_nondef_mix_i5.model,DEFINABLE,DEFINABLE,124073.132,180612.850,1
random_magma_n128_k2_nondef_mix_i6.model,DEFINABLE,DEFINABLE,123949.561,188155.283,1
random_magma_n128_k2_nondef_mix_i7.model,DEFINABLE,DEFINABLE,118766.369,181089.709,1
random_magma_n128_k2_nondef_mix_i8.model,DEFINABLE,DEFINABLE,122907.994,171287.555,1
random_magma_n128_k2_nondef_mix_i9.model,DEFINABLE,DEFINABLE,124047.032,180766.742,1
random_magma_n128_k2_random_half_i0.model,DEFINABLE,DEFINABLE,123540.062,179227.788,1
random_magma_n128_k2_random_half_i1.model,DEFINABLE,DEFINABLE,123742.256,179190.585,1
random_magma_n128_k2_random_half_i10.model,DEFINABLE,DEFINABLE,128917.401,188886.261,1
random_magma_n128_k2_random_half_i11.model,DEFINABLE,DEFINABLE,125007.640,180940.409,1
random_magma_n128_k2_random_half_i12.model,DEFINABLE,DEFINABLE,120060.844,168730.414,1
random_magma_n128_k2_random_half_i13.model,DEFINABLE,DEFINABLE,120914.185,176984.716,1
random_magma_n128_k2_random_half_i14.model,NOT_DEFINABLE,NOT_DEFINABLE,420.036,182291.427,1
random_magma_n128_k2_random_half_i15.model,NOT_DEFINABLE,NOT_DEFINABLE,433.363,182752.868,1
random_magma_n128_k2_random_half_i16.model,DEFINABLE,DEFINABLE,125464.725,172684.388,1
random_magma_n128_k2_random_half_i17.model,DEFINABLE,DEFINABLE,123664.366,173242.104,1
random_magma_n128_k2_random_half_i18.model,DEFINABLE,DEFINABLE,123610.796,180040.942,1
random_magma_n128_k2_random_half_i19.model,DEFINABLE,DEFINABLE,117171.834,175431.209,1
random_magma_n128_k2_random_half_i2.model,DEFINABLE,DEFINABLE,125343.051,187458.414,1
random_magma_n128_k2_random_half_i20.model,DEFINABLE,DEFINABLE,123689.472,171268.359,1
random_magma_n128_k2_random_half_i21.model,DEFINABLE,DEFINABLE,122430.574,172582.810,1
random_magma_n128_k2_random_half_i22.model,DEFINABLE,DEFINABLE,124850.866,174610.147,1
random_magma_n128_k2_random_half_i23.model,DEFINABLE,DEFINABLE,123284.074,178755.419,1
random_magma_n128_k2_random_half_i24.model,DEFINABLE,DEFINABLE,124321.683,185323.723,1
random_magma_n128_k2_random_half_i25.model,DEFINABLE,DEFINABLE,122599.640,183433.096,1
random_magma_n128_k2_random_half_i26.model,DEFINABLE,DEFINABLE,118240.365,180682.727,1
random_magma_n128_k2_random_half_i27.model,DEFINABLE,DEFINABLE,123917.399,183069.187,1
random_magma_n128_k2_random_half_i28.model,DEFINABLE,DEFINABLE,123679.285,186996.398,1
random_magma_n128_k2_random_half_i29.model,DEFINABLE,DEFINABLE,122896.312,183601.616,1
random_magma_n128_k2_random_half_i3.model,NOT_DEFINABLE,NOT_DEFINABLE,883.884,179896.725,1
random_magma_n128_k2_random_half_i4.model,DEFINABLE,DEFINABLE,117219.485,179375.980,1
random_magma_n128_k2_random_half_i5.model,NOT_DEFINABLE,NOT_DEFINABLE,798.018,179645.973,1
random_magma_n128_k2_random_half_i6.model,DEFINABLE,DEFINABLE,123165.171,178478.113,1
random_magma_n128_k2_random_half_i7.model,DEFINABLE,DEFINABLE,123222.772,174611.489,1
random_magma_n128_k2_random_half_i8.model,DEFINABLE,DEFINABLE,123506.426,176712.307,1
random_magma_n128_k2_random_half_i9.model,DEFINABLE,DEFINABLE,120272.544,177850.382,1
random_magma_n16_k1_definable_eq_i0.model,DEFINABLE,DEFINABLE,3.452,1.183,1
random_magma_n16_k1_definable_eq_i1.model,DEFINABLE,DEFINABLE,3.378,1.158,1
random_magma_n16_k1_definable_eq_i10.model,DEFINABLE,DEFINABLE,3.173,1.179,1
random_magma_n16_k1_definable_eq_i11.model,DEFINABLE,DEFINABLE,3.252,1.140,1
random_magma_n16_k1_definable_eq_i12.model,DEFINABLE,DEFINABLE,3.268,1.135,1
random_magma_n16_k1_definable_eq_i13.model,DEFINABLE,DEFINABLE,3.368,1.125,1
random_magma_n16_k1_definable_eq_i14.model,DEFINABLE,DEFINABLE,3.378,1.135,1
random_magma_n16_k1_definable_eq_i15.model,DEFINABLE,DEFINABLE,3.377,1.174,1
random_magma_n16_k1_definable_eq_i16.model,DEFINABLE,DEFINABLE,3.335,1.142,1
random_magma_n16_k1_definable_eq_i17.model,DEFINABLE,DEFINABLE,3.260,1.117,1
random_magma_n16_k1_definable_eq_i18.model,DEFINABLE,DEFINABLE,3.070,1.098,1
random_magma_n16_k1_definable_eq_i19.model,DEFINABLE,DEFINABLE,3.257,1.196,1
random_magma_n16_k1_definable_eq_i2.model,DEFINABLE,DEFINABLE,3.360,1.131,1
random_magma_n16_k1_definable_eq_i20.model,DEFINABLE,DEFINABLE,3.096,1.102,1
random_magma_n16_k1_definable_eq_i21.model,DEFINABLE,DEFINABLE,2.866,1.015,1
random_magma_n16_k1_definable_eq_i22.model,DEFINABLE,DEFINABLE,3.245,1.171,1
random_magma_n16_k1_definable_eq_i23.model,DEFINABLE,DEFINABLE,2.954,1.052,1
random_magma_n16_k1_definable_eq_i24.model,DEFINABLE,DEFINABLE,3.318,1.149,1
random_magma_n16_k1_definable_eq_i25.model,DEFINABLE,DEFINABLE,2.601,0.889,1
random_magma_n16_k1_definable_eq_i26.model,DEFINABLE,DEFINABLE,2.781,1.021,1
random_magma_n16_k1_definable_eq_i27.model,DEFINABLE,DEFINABLE,3.339,1.136,1
random_magma_n16_k1_definable_eq_i28.model,DEFINABLE,DEFINABLE,3.309,1.133,1
random_magma_n16_k1_definable_eq_i29.model,NOT_DEFINABLE,NOT_DEFINABLE,0.381,0.223,1
random_magma_n16_k1_definable_eq_i3.model,DEFINABLE,DEFINABLE,3.146,1.130,1
random_magma_n16_k1_definable_eq_i4.model,DEFINABLE,DEFINABLE,3.404,1.202,1
random_magma_n16_k1_definable_eq_i5.model,DEFINABLE,DEFINABLE,3.183,1.191,1
random_magma_n16_k1_definable_eq_i6.model,DEFINABLE,DEFINABLE,3.366,1.169,1
random_magma_n16_k1_definable_eq_i7.model,DEFINABLE,DEFINABLE,3.704,1.086,1
random_magma_n16_k1_definable_eq_i8.model,DEFINABLE,DEFINABLE,4.755,1.121,1
random_magma_n16_k1_definable_eq_i9.model,DEFINABLE,DEFINABLE,3.350,1.171,1
random_magma_n16_k1_nondef_mix_i0.model,DEFINABLE,DEFINABLE,3.225,1.135,1
random_magma_n16_k1_nondef_mix_i1.model,DEFINABLE,DEFINABLE,3.017,1.131,1
random_magma_n16_k1_nondef_mix_i10.model,DEFINABLE,DEFINABLE,3.302,1.150,1
random_magma_n16_k1_nondef_mix_i11.model,DEFINABLE,DEFINABLE,3.508,1.167,1
random_magma_n16_k1_nondef_mix_i12.model,DEFINABLE,DEFINABLE,3.257,1.133,1
random_magma_n16_k1_nondef_mix_i13.model,DEFINABLE,DEFINABLE,3.304,1.150,1
random_magma_n16_k1_nondef_mix_i14.model,DEFINABLE,DEFINABLE,3.317,1.173,1
random_magma_n16_k1_nondef_mix_i15.model,DEFINABLE,DEFINABLE,3.285,1.258,1
random_magma_n16_k1_nondef_mix_i16.model,DEFINABLE,DEFINABLE,3.379,1.142,1
random_magma_n16_k1_nondef_mix_i17.model,DEFINABLE,DEFINABLE,3.386,1.331,1
random_magma_n16_k1_nondef_mix_i18.model,DEFINABLE,DEFINABLE,3.438,1.193,1
random_magma_n16_k1_nondef_mix_i19.model,DEFINABLE,DEFINABLE,12.330,1.199,1
random_magma_n16_k1_nondef_mix_i2.model,DEFINABLE,DEFINABLE,3.107,1.169,1
random_magma_n16_k1_nondef_mix_i20.model,DEFINABLE,DEFINABLE,2.952,1.026,1
random_magma_n16_k1_nondef_mix_i21.model,DEFINABLE,DEFINABLE,3.119,1.129,1
random_magma_n16_k1_nondef_mix_i22.model,DEFINABLE,DEFINABLE,3.255,1.169,1
random_magma_n16_k1_nondef_mix_i23.model,NOT_DEFINABLE,NOT_DEFINABLE,1.070,0.740,1
random_magma_n16_k1_nondef_mix_i24.model,DEFINABLE,DEFINABLE,2.872,1.026,1
random_magma_n16_k1_nondef_mix_i25.model,DEFINABLE,DEFINABLE,3.164,1.055,1
random_magma_n16_k1_nondef_mix_i26.model,DEFINABLE,DEFINABLE,3.256,1.126,1
random_magma_n16_k1_nondef_mix_i27.model,DEFINABLE,DEFINABLE,3.264,1.181,1
random_magma_n16_k1_nondef_mix_i28.model,DEFINABLE,DEFINABLE,3.267,1.164,1
random_magma_n16_k1_nondef_mix_i29.model,DEFINABLE,DEFINABLE,3.265,1.135,1
random_magma_n16_k1_nondef_mix_i3.model,DEFINABLE,DEFINABLE,3.205,1.103,1
random_magma_n16_k1_nondef_mix_i4.model,DEFINABLE,DEFINABLE,3.069,1.038,1
random_magma_n16_k1_nondef_mix_i5.model,DEFINABLE,DEFINABLE,3.461,1.187,1
random_magma_n16_k1_nondef_mix_i6.model,DEFINABLE,DEFINABLE,3.251,1.166,1
random_magma_n16_k1_nondef_mix_i7.model,DEFINABLE,DEFINABLE,2.852,0.973,1
random_magma_n16_k1_nondef_mix_i8.model,DEFINABLE,DEFINABLE,3.323,1.150,1
random_magma_n16_k1_nondef_mix_i9.model,DEFINABLE,DEFINABLE,3.335,1.139,1
random_magma_n16_k1_random_half_i0.model,DEFINABLE,DEFINABLE,3.271,1.151,1
random_magma_n16_k1_random_half_i1.model,DEFINABLE,DEFINABLE,3.329,1.152,1
random_magma_n16_k1_random_half_i10.model,DEFINABLE,DEFINABLE,3.123,1.140,1
random_magma_n16_k1_random_half_i11.model,DEFINABLE,DEFINABLE,3.088,1.082,1
random_magma_n16_k1_random_half_i12.model,DEFINABLE,DEFINABLE,3.448,1.147,1
random_magma_n16_k1_random_half_i13.model,DEFINABLE,DEFINABLE,3.156,1.165,1
random_magma_n16_k1_random_half_i14.model,DEFINABLE,DEFINABLE,3.249,1.157,1
random_magma_n16_k1_random_half_i15.model,DEFINABLE,DEFINABLE,3.361,1.153,1
random_magma_n16_k1_random_half_i16.model,DEFINABLE,DEFINABLE,3.318,1.137,1
random_magma_n16_k1_random_half_i17.model,DEFINABLE,DEFINABLE,3.351,1.145,1
random_magma_n16_k1_random_half_i18.model,DEFINABLE,DEFINABLE,3.327,1.143,1
random_magma_n16_k1_random_half_i19.model,DEFINABLE,DEFINABLE,3.438,1.173,1
random_magma_n16_k1_random_half_i2.model,DEFINABLE,DEFINABLE,3.327,1.143,1
random_magma_n16_k1_random_half_i20.model,DEFINABLE,DEFINABLE,3.174,1.095,1
random_magma_n16_k1_random_half_i21.model,DEFINABLE,DEFINABLE,3.135,1.128,1
random_magma_n16_k1_random_half_i22.model,DEFINABLE,DEFINABLE,3.087,1.041,1
random_magma_n16_k1_random_half_i23.model,DEFINABLE,DEFINABLE,3.205,1.143,1
random_magma_n16_k1_random_half_i24.model,NOT_DEFINABLE,NOT_DEFINABLE,0.969,0.653,1
random_magma_n16_k1_random_half_i25.model,DEFINABLE,DEFINABLE,3.429,1.194,1
random_magma_n16_k1_random_half_i26.model,DEFINABLE,DEFINABLE,3.212,1.107,1
random_magma_n16_k1_random_half_i27.model,DEFINABLE,DEFINABLE,2.903,0.982,1
random_magma_n16_k1_random_half_i28.model,DEFINABLE,DEFINABLE,3.339,1.153,1
random_magma_n16_k1_random_half_i29.model,DEFINABLE,DEFINABLE,3.366,1.165,1
random_magma_n16_k1_random_half_i3.model,DEFINABLE,DEFINABLE,2.979,1.053,1
random_magma_n16_k1_random_half_i4.model,DEFINABLE,DEFINABLE,3.056,1.053,1
random_magma_n16_k1_random_half_i5.model,DEFINABLE,DEFINABLE,3.205,1.135,1
random_magma_n16_k1_random_half_i6.model,DEFINABLE,DEFINABLE,3.338,1.159,1
random_magma_n16_k1_random_half_i7.model,NOT_DEFINABLE,NOT_DEFINABLE,0.953,0.665,1
random_magma_n16_k1_random_half_i8.model,NOT_DEFINABLE,NOT_DEFINABLE,1.468,1.028,1
random_magma_n16_k1_random_half_i9.model,DEFINABLE,DEFINABLE,3.359,1.141,1
random_magma_n16_k2_definable_eq_i0.model,DEFINABLE,DEFINABLE,1.754,1.156,1
random_magma_n16_k2_definable_eq_i1.model,DEFINABLE,DEFINABLE,1.754,1.160,1
random_magma_n16_k2_definable_eq_i10.model,DEFINABLE,DEFINABLE,1.806,1.115,1
random_magma_n16_k2_definable_eq_i11.model,DEFINABLE,DEFINABLE,1.833,1.147,1
random_magma_n16_k2_definable_eq_i12.model,DEFINABLE,DEFINABLE,1.690,1.133,1
random_magma_n16_k2_definable_eq_i13.model,DEFINABLE,DEFINABLE,1.671,1.150,1
random_magma_n16_k2_definable_eq_i14.model,DEFINABLE,DEFINABLE,1.742,1.053,1
random_magma_n16_k2_definable_eq_i15.model,DEFINABLE,DEFINABLE,1.658,1.037,1
random_magma_n16_k2_definable_eq_i16.model,DEFINABLE,DEFINABLE,1.758,1.122,1
random_magma_n16_k2_definable_eq_i17.model,DEFINABLE,DEFINABLE,1.762,1.120,1
random_magma_n16_k2_definable_eq_i18.model,DEFINABLE,DEFINABLE,1.842,1.165,1
random_magma_n16_k2_definable_eq_i19.model,DEFINABLE,DEFINABLE,1.672,1.107,1
random_magma_n16_k2_definable_eq_i2.model,DEFINABLE,DEFINABLE,1.926,1.186,1
random_magma_n16_k2_definable_eq_i20.model,DEFINABLE,DEFINABLE,1.673,1.042,1
random_magma_n16_k2_definable_eq_i21.model,DEFINABLE,DEFINABLE,1.706,1.146,1
random_magma_n16_k2_definable_eq_i22.model,DEFINABLE,DEFINABLE,1.838,1.171,1
random_magma_n16_k2_definable_eq_i23.model,DEFINABLE,DEFINABLE,1.692,1.074,1
random_magma_n16_k2_definable_eq_i24.model,DEFINABLE,DEFINABLE,1.848,1.174,1
random_magma_n16_k2_definable_eq_i25.model,DEFINABLE,DEFINABLE,1.607,0.947,1
random_magma_n16_k2_definable_eq_i26.model,DEFINABLE,DEFINABLE,1.878,1.133,1
random_magma_n16_k2_definable_eq_i27.model,DEFINABLE,DEFINABLE,1.721,1.140,1
random_magma_n16_k2_definable_eq_i28.model,DEFINABLE,DEFINABLE,1.924,1.142,1
random_magma_n16_k2_definable_eq_i29.model,DEFINABLE,DEFINABLE,1.595,1.038,1
random_magma_n16_k2_definable_eq_i3.model,DEFINABLE,DEFINABLE,1.667,1.170,1
random_magma_n16_k2_definable_eq_i4.model,DEFINABLE,DEFINABLE,1.878,1.144,1
random_magma_n16_k2_definable_eq_i5.model,DEFINABLE,DEFINABLE,1.816,1.102,1
random_magma_n16_k2_definable_eq_i6.model,DEFINABLE,DEFINABLE,1.690,1.115,1
random_magma_n16_k2_definable_eq_i7.model,DEFINABLE,DEFINABLE,1.564,1.071,1
random_magma_n16_k2_definable_eq_i8.model,DEFINABLE,DEFINABLE,1.684,1.082,1
random_magma_n16_k2_definable_eq_i9.model,DEFINABLE,DEFINABLE,1.870,1.157,1
random_magma_n16_k2_nondef_mix_i0.model,DEFINABLE,DEFINABLE,57.262,20.463,1
random_magma_n16_k2_nondef_mix_i1.model,NOT_DEFINABLE,NOT_DEFINABLE,1.545,20.985,1
random_magma_n16_k2_nondef_mix_i10.model,DEFINABLE,DEFINABLE,59.396,19.880,1
random_magma_n16_k2_nondef_mix_i11.model,NOT_DEFINABLE,NOT_DEFINABLE,1.066,20.317,1
random_magma_n16_k2_nondef_mix_i12.model,DEFINABLE,DEFINABLE,57.366,19.810,1
random_magma_n16_k2_nondef_mix_i13.model,DEFINABLE,DEFINABLE,56.719,20.467,1
random_magma_n16_k2_nondef_mix_i14.model,DEFINABLE,DEFINABLE,55.432,20.887,1
random_magma_n16_k2_nondef_mix_i15.model,DEFINABLE,DEFINABLE,55.155,20.056,1
random_magma_n16_k2_nondef_mix_i16.model,DEFINABLE,DEFINABLE,57.389,19.692,1
random_magma_n16_k2_nondef_mix_i17.model,DEFINABLE,DEFINABLE,55.377,20.663,1
random_magma_n16_k2_nondef_mix_i18.model,NOT_DEFINABLE,NOT_DEFINABLE,0.322,18.348,1
random_magma_n16_k2_nondef_mix_i19.model,NOT_DEFINABLE,NOT_DEFINABLE,1.300,20.637,1
random_magma_n16_k2_nondef_mix_i2.model,DEFINABLE,DEFINABLE,55.413,19.447,1
random_magma_n16_k2_nondef_mix_i20.model,DEFINABLE,DEFINABLE,56.055,20.697,1
random_magma_n16_k2_nondef_mix_i21.model,DEFINABLE,DEFINABLE,56.455,20.563,1
random_magma_n16_k2_nondef_mix_i22.model,NOT_DEFINABLE,NOT_DEFINABLE,2.452,5.124,1
random_magma_n16_k2_nondef_mix_i23.model,NOT_DEFINABLE,NOT_DEFINABLE,0.892,20.660,1
random_magma_n16_k2_nondef_mix_i24.model,DEFINABLE,DEFINABLE,57.546,19.595,1
random_magma_n16_k2_nondef_mix_i25.model,DEFINABLE,DEFINABLE,55.683,20.651,1
random_magma_n16_k2_nondef_mix_i26.model,DEFINABLE,DEFINABLE,56.635,20.455,1
random_magma_n16_k2_nondef_mix_i27.model,DEFINABLE,DEFINABLE,56.142,19.559,1
random_magma_n16_k2_nondef_mix_i28.model,DEFINABLE,DEFINABLE,57.047,19.645,1
random_magma_n16_k2_nondef_mix_i29.model,NOT_DEFINABLE,NOT_DEFINABLE,0.163,20.518,1
random_magma_n16_k2_nondef_mix_i3.model,DEFINABLE,DEFINABLE,56.515,19.764,1
random_magma_n16_k2_nondef_mix_i4.model,DEFINABLE,DEFINABLE,55.197,20.424,1
random_magma_n16_k2_nondef_mix_i5.model,DEFINABLE,DEFINABLE,55.909,19.564,1
random_magma_n16_k2_nondef_mix_i6.model,DEFINABLE,DEFINABLE,58.780,20.053,1
random_magma_n16_k2_nondef_mix_i7.model,DEFINABLE,DEFINABLE,56.331,20.942,1
random_magma_n16_k2_nondef_mix_i8.model,NOT_DEFINABLE,NOT_DEFINABLE,1.169,20.513,1
random_magma_n16_k2_nondef_mix_i9.model,DEFINABLE,DEFINABLE,57.913,19.667,1
random_magma_n16_k2_random_half_i0.model,NOT_DEFINABLE,NOT_DEFINABLE,1.297,20.868,1
random_magma_n16_k2_random_half_i1.model,DEFINABLE,DEFINABLE,56.747,19.933,1
random_magma_n16_k2_random_half_i10.model,DEFINABLE,DEFINABLE,57.564,19.744,1
random_magma_n16_k2_random_half_i11.model,DEFINABLE,DEFINABLE,57.018,19.800,1
random_magma_n16_k2_random_half_i12.model,DEFINABLE,DEFINABLE,57.797,19.775,1
random_magma_n16_k2_random_half_i13.model,DEFINABLE,DEFINABLE,54.213,20.229,1
random_magma_n16_k2_random_half_i14.model,DEFINABLE,DEFINABLE,55.493,19.921,1
random_magma_n16_k2_random_half_i15.model,NOT_DEFINABLE,NOT_DEFINABLE,1.129,17.782,1
random_magma_n16_k2_random_half_i16.model,DEFINABLE,DEFINABLE,55.510,20.714,1
random_magma_n16_k2_random_half_i17.model,NOT_DEFINABLE,NOT_DEFINABLE,1.399,20.464,1
random_magma_n16_k2_random_half_i18.model,DEFINABLE,DEFINABLE,55.485,20.916,1
random_magma_n16_k2_random_half_i19.model,DEFINABLE,DEFINABLE,57.283,19.673,1
random_magma_n16_k2_random_half_i2.model,DEFINABLE,DEFINABLE,55.457,19.477,1
random_magma_n16_k2_random_half_i20.model,DEFINABLE,DEFINABLE,59.251,19.604,1
random_magma_n16_k2_random_half_i21.model,NOT_DEFINABLE,NOT_DEFINABLE,0.622,19.914,1
random_magma_n16_k2_random_half_i22.model,NOT_DEFINABLE,NOT_DEFINABLE,1.586,21.286,1
random_magma_n16_k2_random_half_i23.model,DEFINABLE,DEFINABLE,56.979,20.093,1
random_magma_n16_k2_random_half_i24.model,DEFINABLE,DEFINABLE,57.306,20.222,1
random_magma_n16_k2_random_half_i25.model,NOT_DEFINABLE,NOT_DEFINABLE,1.170,20.159,1
random_magma_n16_k2_random_half_i26.model,DEFINABLE,DEFINABLE,54.285,20.294,1
random_magma_n16_k2_random_half_i27.model,DEFINABLE,DEFINABLE,58.020,20.705,1
random_magma_n16_k2_random_half_i28.model,DEFINABLE,DEFINABLE,56.276,20.127,1
random_magma_n16_k2_random_half_i29.model,DEFINABLE,DEFINABLE,54.003,20.785,1
random_magma_n16_k2_random_half_i3.model,DEFINABLE,DEFINABLE,56.542,19.641,1
random_magma_n16_k2_random_half_i4.model,DEFINABLE,DEFINABLE,54.214,19.672,1
random_magma_n16_k2_random_half_i5.model,DEFINABLE,DEFINABLE,56.622,20.578,1
random_magma_n16_k2_random_half_i6.model,DEFINABLE,DEFINABLE,56.140,19.757,1
random_magma_n16_k2_random_half_i7.model,DEFINABLE,DEFINABLE,57.519,20.001,1
random_magma_n16_k2_random_half_i8.model,DEFINABLE,DEFINABLE,57.053,19.927,1
random_magma_n16_k2_random_half_i9.model,DEFINABLE,DEFINABLE,55.407,21.140,1
random_magma_n32_k1_definable_eq_i0.model,NOT_DEFINABLE,NOT_DEFINABLE,0.173,0.229,1
random_magma_n32_k1_definable_eq_i1.model,DEFINABLE,DEFINABLE,20.324,8.211,1
random_magma_n32_k1_definable_eq_i10.model,DEFINABLE,DEFINABLE,20.308,8.036,1
random_magma_n32_k1_definable_eq_i11.model,DEFINABLE,DEFINABLE,20.901,8.383,1
random_magma_n32_k1_definable_eq_i12.model,DEFINABLE,DEFINABLE,19.142,7.836,1
random_magma_n32_k1_definable_eq_i13.model,DEFINABLE,DEFINABLE,20.513,8.186,1
random_magma_n32_k1_definable_eq_i14.model,DEFINABLE,DEFINABLE,20.977,8.147,1
random_magma_n32_k1_definable_eq_i15.model,DEFINABLE,DEFINABLE,20.624,8.231,1
random_magma_n32_k1_definable_eq_i16.model,DEFINABLE,DEFINABLE,20.683,8.153,1
random_magma_n32_k1_definable_eq_i17.model,DEFINABLE,DEFINABLE,19.487,7.726,1
random_magma_n32_k1_definable_eq_i18.model,DEFINABLE,DEFINABLE,20.194,8.134,1
random_magma_n32_k1_definable_eq_i19.model,DEFINABLE,DEFINABLE,21.572,8.153,1
random_magma_n32_k1_definable_eq_i2.model,DEFINABLE,DEFINABLE,20.952,7.854,1
random_magma_n32_k1_definable_eq_i20.model,DEFINABLE,DEFINABLE,20.500,8.057,1
random_magma_n32_k1_definable_eq_i21.model,DEFINABLE,DEFINABLE,20.492,8.092,1
random_magma_n32_k1_definable_eq_i22.model,DEFINABLE,DEFINABLE,20.938,8.211,1
random_magma_n32_k1_definable_eq_i23.model,DEFINABLE,DEFINABLE,20.691,8.114,1
random_magma_n32_k1_definable_eq_i24.model,DEFINABLE,DEFINABLE,21.875,8.341,1
random_magma_n32_k1_definable_eq_i25.model,DEFINABLE,DEFINABLE,20.931,8.105,1
random_magma_n32_k1_definable_eq_i26.model,DEFINABLE,DEFINABLE,19.884,7.875,1
random_magma_n32_k1_definable_eq_i27.model,DEFINABLE,DEFINABLE,20.011,8.196,1
random_magma_n32_k1_definable_eq_i28.model,DEFINABLE,DEFINABLE,19.638,7.686,1
random_magma_n32_k1_definable_eq_i29.model,DEFINABLE,DEFINABLE,21.105,8.185,1
random_magma_n32_k1_definable_eq_i3.model,DEFINABLE,DEFINABLE,19.912,8.324,1
random_magma_n32_k1_definable_eq_i4.model,DEFINABLE,DEFINABLE,20.535,7.990,1
random_magma_n32_k1_definable_eq_i5.model,DEFINABLE,DEFINABLE,21.109,8.163,1
random_magma_n32_k1_definable_eq_i6.model,DEFINABLE,DEFINABLE,20.647,8.168,1
random_magma_n32_k1_definable_eq_i7.model,DEFINABLE,DEFINABLE,19.444,7.739,1
random_magma_n32_k1_definable_eq_i8.model,DEFINABLE,DEFINABLE,21.538,8.235,1
random_magma_n32_k1_definable_eq_i9.model,DEFINABLE,DEFINABLE,20.806,8.214,1
random_magma_n32_k1_nondef_mix_i0.model,DEFINABLE,DEFINABLE,21.603,8.280,1
random_magma_n32_k1_nondef_mix_i1.model,DEFINABLE,DEFINABLE,19.812,7.984,1
random_magma_n32_k1_nondef_mix_i10.model,DEFINABLE,DEFINABLE,20.780,8.214,1
random_magma_n32_k1_nondef_mix_i11.model,DEFINABLE,DEFINABLE,21.321,8.230,1
random_magma_n32_k1_nondef_mix_i12.model,DEFINABLE,DEFINABLE,20.203,8.432,1
random_magma_n32_k1_nondef_mix_i13.model,DEFINABLE,DEFINABLE,20.762,8.217,1
random_magma_n32_k1_nondef_mix_i14.model,DEFINABLE,DEFINABLE,20.935,8.197,1
random_magma_n32_k1_nondef_mix_i15.model,DEFINABLE,DEFINABLE,20.879,7.907,1
random_magma_n32_k1_nondef_mix_i16.model,DEFINABLE,DEFINABLE,20.047,7.807,1
random_magma_n32_k1_nondef_mix_i17.model,DEFINABLE,DEFINABLE,21.040,8.385,1
random_magma_n32_k1_nondef_mix_i18.model,DEFINABLE,DEFINABLE,20.417,8.181,1
random_magma_n32_k1_nondef_mix_i19.model,DEFINABLE,DEFINABLE,20.617,8.205,1
random_magma_n32_k1_nondef_mix_i2.model,DEFINABLE,DEFINABLE,20.490,8.570,1
random_magma_n32_k1_nondef_mix_i20.model,DEFINABLE,DEFINABLE,19.619,7.980,1
random_magma_n32_k1_nondef_mix_i21.model,DEFINABLE,DEFINABLE,21.013,8.440,1
random_magma_n32_k1_nondef_mix_i22.model,DEFINABLE,DEFINABLE,21.244,8.106,1
random_magma_n32_k1_nondef_mix_i23.model,NOT_DEFINABLE,NOT_DEFINABLE,6.475,4.659,1
random_magma_n32_k1_nondef_mix_i24.model,DEFINABLE,DEFINABLE,22.647,8.567,1
random_magma_n32_k1_nondef_mix_i25.model,DEFINABLE,DEFINABLE,20.176,7.898,1
random_magma_n32_k1_nondef_mix_i26.model,DEFINABLE,DEFINABLE,19.442,7.833,1
random_magma_n32_k1_nondef_mix_i27.model,DEFINABLE,DEFINABLE,21.046,8.221,1
random_magma_n32_k1_nondef_mix_i28.model,DEFINABLE,DEFINABLE,20.351,8.293,1
random_magma_n32_k1_nondef_mix_i29.model,NOT_DEFINABLE,NOT_DEFINABLE,7.999,5.790,1
random_magma_n32_k1_nondef_mix_i3.model,DEFINABLE,DEFINABLE,20.796,8.178,1
random_magma_n32_k1_nondef_mix_i4.model,DEFINABLE,DEFINABLE,21.054,8.219,1
random_magma_n32_k1_nondef_mix_i5.model,DEFINABLE,DEFINABLE,20.680,8.091,1
random_magma_n32_k1_nondef_mix_i6.model,DEFINABLE,DEFINABLE,20.568,8.161,1
random_magma_n32_k1_nondef_mix_i7.model,DEFINABLE,DEFINABLE,21.026,8.155,1
random_magma_n32_k1_nondef_mix_i8.model,DEFINABLE,DEFINABLE,20.014,8.467,1
random_magma_n32_k1_nondef_mix_i9.model,DEFINABLE,DEFINABLE,19.317,7.826,1
random_magma_n32_k1_random_half_i0.model,NOT_DEFINABLE,NOT_DEFINABLE,10.609,7.291,1
random_magma_n32_k1_random_half_i1.model,DEFINABLE,DEFINABLE,20.701,8.265,1
random_magma_n32_k1_random_half_i10.model,DEFINABLE,DEFINABLE,21.090,8.364,1
random_magma_n32_k1_random_half_i11.model,DEFINABLE,DEFINABLE,21.394,8.212,1
random_magma_n32_k1_random_half_i12.model,DEFINABLE,DEFINABLE,20.428,8.108,1
random_magma_n32_k1_random_half_i13.model,DEFINABLE,DEFINABLE,19.639,7.952,1
random_magma_n32_k1_random_half_i14.model,DEFINABLE,DEFINABLE,21.250,8.175,1
random_magma_n32_k1_random_half_i15.model,NOT_DEFINABLE,NOT_DEFINABLE,9.178,6.456,1
random_magma_n32_k1_random_half_i16.model,DEFINABLE,DEFINABLE,20.707,8.116,1
random_magma_n32_k1_random_half_i17.model,DEFINABLE,DEFINABLE,21.120,8.187,1
random_magma_n32_k1_random_half_i18.model,DEFINABLE,DEFINABLE,20.972,8.191,1
random_magma_n32_k1_random_half_i19.model,DEFINABLE,DEFINABLE,19.674,7.949,1
random_magma_n32_k1_random_half_i2.model,DEFINABLE,DEFINABLE,20.387,8.148,1
random_magma_n32_k1_random_half_i20.model,DEFINABLE,DEFINABLE,20.455,8.091,1
random_magma_n32_k1_random_half_i21.model,DEFINABLE,DEFINABLE,20.927,8.170,1
random_magma_n32_k1_random_half_i22.model,DEFINABLE,DEFINABLE,19.659,7.647,1
random_magma_n32_k1_random_half_i23.model,DEFINABLE,DEFINABLE,20.467,7.901,1
random_magma_n32_k1_random_half_i24.model,DEFINABLE,DEFINABLE,20.097,7.833,1
random_magma_n32_k1_random_half_i25.model,DEFINABLE,DEFINABLE,21.176,8.356,1
random_magma_n32_k1_random_half_i26.model,DEFINABLE,DEFINABLE,19.905,8.067,1
random_magma_n32_k1_random_half_i27.model,NOT_DEFINABLE,NOT_DEFINABLE,1.379,0.989,1
random_magma_n32_k1_random_half_i28.model,DEFINABLE,DEFINABLE,18.914,7.594,1
random_magma_n32_k1_random_half_i29.model,DEFINABLE,DEFINABLE,20.325,8.264,1
random_magma_n32_k1_random_half_i3.model,DEFINABLE,DEFINABLE,19.144,7.725,1
random_magma_n32_k1_random_half_i4.model,DEFINABLE,DEFINABLE,20.402,8.176,1
random_magma_n32_k1_random_half_i5.model,DEFINABLE,DEFINABLE,20.807,8.123,1
random_magma_n32_k1_random_half_i6.model,DEFINABLE,DEFINABLE,20.620,8.205,1
random_magma_n32_k1_random_half_i7.model,DEFINABLE,DEFINABLE,21.619,8.434,1
random_magma_n32_k1_random_half_i8.model,DEFINABLE,DEFINABLE,21.037,8.091,1
random_magma_n32_k1_random_half_i9.model,DEFINABLE,DEFINABLE,19.608,7.770,1
random_magma_n32_k2_definable_eq_i0.model,DEFINABLE,DEFINABLE,10.243,7.089,1
random_magma_n32_k2_definable_eq_i1.model,DEFINABLE,DEFINABLE,11.733,8.097,1
random_magma_n32_k2_definable_eq_i10.model,DEFINABLE,DEFINABLE,11.312,7.784,1
random_magma_n32_k2_definable_eq_i11.model,DEFINABLE,DEFINABLE,11.070,7.909,1
random_magma_n32_k2_definable_eq_i12.model,DEFINABLE,DEFINABLE,11.025,7.904,1
random_magma_n32_k2_definable_eq_i13.model,DEFINABLE,DEFINABLE,11.774,8.266,1
random_magma_n32_k2_definable_eq_i14.model,DEFINABLE,DEFINABLE,10.565,7.480,1
random_magma_n32_k2_definable_eq_i15.model,DEFINABLE,DEFINABLE,11.721,8.064,1
random_magma_n32_k2_definable_eq_i16.model,DEFINABLE,DEFINABLE,10.663,7.476,1
random_magma_n32_k2_definable_eq_i17.model,DEFINABLE,DEFINABLE,11.554,8.122,1
random_magma_n32_k2_definable_eq_i18.model,DEFINABLE,DEFINABLE,12.283,8.299,1
random_magma_n32_k2_definable_eq_i19.model,DEFINABLE,DEFINABLE,11.175,7.892,1
random_magma_n32_k2_definable_eq_i2.model,DEFINABLE,DEFINABLE,10.974,7.837,1
random_magma_n32_k2_definable_eq_i20.model,DEFINABLE,DEFINABLE,11.396,8.206,1
random_magma_n32_k2_definable_eq_i21.model,DEFINABLE,DEFINABLE,11.325,7.957,1
random_magma_n32_k2_definable_eq_i22.model,DEFINABLE,DEFINABLE,11.477,8.189,1
random_magma_n32_k2_definable_eq_i23.model,DEFINABLE,DEFINABLE,11.376,7.931,1
random_magma_n32_k2_definable_eq_i24.model,DEFINABLE,DEFINABLE,11.790,8.190,1
random_magma_n32_k2_definable_eq_i25.model,DEFINABLE,DEFINABLE,11.712,8.063,1
random_magma_n32_k2_definable_eq_i26.model,DEFINABLE,DEFINABLE,11.794,8.349,1
random_magma_n32_k2_definable_eq_i27.model,DEFINABLE,DEFINABLE,11.504,8.139,1
random_magma_n32_k2_definable_eq_i28.model,DEFINABLE,DEFINABLE,11.776,8.389,1
random_magma_n32_k2_definable_eq_i29.model,DEFINABLE,DEFINABLE,11.412,8.041,1
random_magma_n32_k2_definable_eq_i3.model,DEFINABLE,DEFINABLE,11.646,8.239,1
random_magma_n32_k2_definable_eq_i4.model,DEFINABLE,DEFINABLE,11.817,8.099,1
random_magma_n32_k2_definable_eq_i5.model,DEFINABLE,DEFINABLE,11.674,8.297,1
random_magma_n32_k2_definable_eq_i6.model,DEFINABLE,DEFINABLE,12.015,8.271,1
random_magma_n32_k2_definable_eq_i7.model,DEFINABLE,DEFINABLE,11.796,8.180,1
random_magma_n32_k2_definable_eq_i8.model,DEFINABLE,DEFINABLE,12.083,8.328,1
random_magma_n32_k2_definable_eq_i9.model,DEFINABLE,DEFINABLE,11.190,7.579,1
random_magma_n32_k2_nondef_mix_i0.model,DEFINABLE,DEFINABLE,398.300,347.352,1
random_magma_n32_k2_nondef_mix_i1.model,DEFINABLE,DEFINABLE,388.797,344.663,1
random_magma_n32_k2_nondef_mix_i10.model,DEFINABLE,DEFINABLE,391.975,343.575,1
random_magma_n32_k2_nondef_mix_i11.model,DEFINABLE,DEFINABLE,396.929,347.155,1
random_magma_n32_k2_nondef_mix_i12.model,DEFINABLE,DEFINABLE,397.407,320.549,1
random_magma_n32_k2_nondef_mix_i13.model,DEFINABLE,DEFINABLE,399.435,348.194,1
random_magma_n32_k2_nondef_mix_i14.model,NOT_DEFINABLE,NOT_DEFINABLE,9.407,339.709,1
random_magma_n32_k2_nondef_mix_i15.model,DEFINABLE,DEFINABLE,395.798,349.083,1
random_magma_n32_k2_nondef_mix_i16.model,DEFINABLE,DEFINABLE,394.822,347.017,1
random_magma_n32_k2_nondef_mix_i17.model,NOT_DEFINABLE,NOT_DEFINABLE,9.943,318.403,1
random_magma_n32_k2_nondef_mix_i18.model,DEFINABLE,DEFINABLE,396.238,348.286,1
random_magma_n32_k2_nondef_mix_i19.model,DEFINABLE,DEFINABLE,393.637,350.862,1
random_magma_n32_k2_nondef_mix_i2.model,DEFINABLE,DEFINABLE,399.823,323.824,1
random_magma_n32_k2_nondef_mix_i20.model,DEFINABLE,DEFINABLE,397.211,346.428,1
random_magma_n32_k2_nondef_mix_i21.model,DEFINABLE,DEFINABLE,393.651,323.344,1
random_magma_n32_k2_nondef_mix_i22.model,DEFINABLE,DEFINABLE,394.471,348.767,1
random_magma_n32_k2_nondef_mix_i23.model,DEFINABLE,DEFINABLE,392.486,348.952,1
random_magma_n32_k2_nondef_mix_i24.model,DEFINABLE,DEFINABLE,394.509,321.917,1
random_magma_n32_k2_nondef_mix_i25.model,DEFINABLE,DEFINABLE,389.784,348.402,1
random_magma_n32_k2_nondef_mix_i26.model,DEFINABLE,DEFINABLE,393.397,347.540,1
random_magma_n32_k2_nondef_mix_i27.model,DEFINABLE,DEFINABLE,395.290,347.455,1
random_magma_n32_k2_nondef_mix_i28.model,DEFINABLE,DEFINABLE,395.614,345.229,1
random_magma_n32_k2_nondef_mix_i29.model,DEFINABLE,DEFINABLE,394.403,347.639,1
random_magma_n32_k2_nondef_mix_i3.model,DEFINABLE,DEFINABLE,397.672,321.709,1
random_magma_n32_k2_nondef_mix_i4.model,DEFINABLE,DEFINABLE,397.001,350.971,1
random_magma_n32_k2_nondef_mix_i5.model,DEFINABLE,DEFINABLE,395.180,321.320,1
random_magma_n32_k2_nondef_mix_i6.model,DEFINABLE,DEFINABLE,399.167,323.469,1
random_magma_n32_k2_nondef_mix_i7.model,DEFINABLE,DEFINABLE,394.651,321.083,1
random_magma_n32_k2_nondef_mix_i8.model,DEFINABLE,DEFINABLE,397.661,345.841,1
random_magma_n32_k2_nondef_mix_i9.model,DEFINABLE,DEFINABLE,394.816,324.197,1
random_magma_n32_k2_random_half_i0.model,DEFINABLE,DEFINABLE,399.851,321.540,1
random_magma_n32_k2_random_half_i1.model,DEFINABLE,DEFINABLE,398.127,323.534,1
random_magma_n32_k2_random_half_i10.model,DEFINABLE,DEFINABLE,393.329,348.953,1
random_magma_n32_k2_random_half_i11.model,DEFINABLE,DEFINABLE,391.801,348.307,1
random_magma_n32_k2_random_half_i12.model,DEFINABLE,DEFINABLE,397.682,347.637,1
random_magma_n32_k2_random_half_i13.model,DEFINABLE,DEFINABLE,392.456,346.225,1
random_magma_n32_k2_random_half_i14.model,DEFINABLE,DEFINABLE,401.609,346.243,1
random_magma_n32_k2_random_half_i15.model,DEFINABLE,DEFINABLE,397.404,346.756,1
random_magma_n32_k2_random_half_i16.model,DEFINABLE,DEFINABLE,395.075,321.334,1
random_magma_n32_k2_random_half_i17.model,NOT_DEFINABLE,NOT_DEFINABLE,10.082,342.855,1
random_magma_n32_k2_random_half_i18.model,DEFINABLE,DEFINABLE,400.546,324.582,1
random_magma_n32_k2_random_half_i19.model,DEFINABLE,DEFINABLE,392.875,348.341,1
random_magma_n32_k2_random_half_i2.model,DEFINABLE,DEFINABLE,391.231,348.647,1
random_magma_n32_k2_random_half_i20.model,DEFINABLE,DEFINABLE,398.752,347.616,1
random_magma_n32_k2_random_half_i21.model,NOT_DEFINABLE,NOT_DEFINABLE,2.751,336.754,1
random_magma_n32_k2_random_half_i22.model,DEFINABLE,DEFINABLE,397.198,325.209,1
random_magma_n32_k2_random_half_i23.model,DEFINABLE,DEFINABLE,398.215,325.306,1
random_magma_n32_k2_random_half_i24.model,DEFINABLE,DEFINABLE,402.074,319.571,1
random_magma_n32_k2_random_half_i25.model,DEFINABLE,DEFINABLE,399.158,323.179,1
random_magma_n32_k2_random_half_i26.model,DEFINABLE,DEFINABLE,394.580,320.302,1
random_magma_n32_k2_random_half_i27.model,DEFINABLE,DEFINABLE,392.353,349.051,1
random_magma_n32_k2_random_half_i28.model,DEFINABLE,DEFINABLE,398.064,322.566,1
random_magma_n32_k2_random_half_i29.model,DEFINABLE,DEFINABLE,395.334,321.536,1
random_magma_n32_k2_random_half_i3.model,DEFINABLE,DEFINABLE,396.702,341.761,1
random_magma_n32_k2_random_half_i4.model,DEFINABLE,DEFINABLE,398.158,323.810,1
random_magma_n32_k2_random_half_i5.model,DEFINABLE,DEFINABLE,392.221,345.086,1
random_magma_n32_k2_random_half_i6.model,DEFINABLE,DEFINABLE,400.206,322.480,1
random_magma_n32_k2_random_half_i7.model,DEFINABLE,DEFINABLE,394.734,324.004,1
random_magma_n32_k2_random_half_i8.model,DEFINABLE,DEFINABLE,395.094,353.356,1
random_magma_n32_k2_random_half_i9.model,DEFINABLE,DEFINABLE,394.956,348.575,1
random_magma_n4_k1_definable_eq_i0.model,DEFINABLE,DEFINABLE,0.467,0.075,1
random_magma_n4_k1_definable_eq_i1.model,DEFINABLE,DEFINABLE,0.507,0.060,1
random_magma_n4_k1_definable_eq_i10.model,DEFINABLE,DEFINABLE,0.469,0.081,1
random_magma_n4_k1_definable_eq_i11.model,NOT_DEFINABLE,NOT_DEFINABLE,0.213,0.045,1
random_magma_n4_k1_definable_eq_i12.model,DEFINABLE,DEFINABLE,0.537,0.062,1
random_magma_n4_k1_definable_eq_i13.model,NOT_DEFINABLE,NOT_DEFINABLE,0.163,0.050,1
random_magma_n4_k1_definable_eq_i14.model,DEFINABLE,DEFINABLE,0.435,0.062,1
random_magma_n4_k1_definable_eq_i15.model,NOT_DEFINABLE,NOT_DEFINABLE,0.127,0.048,1
random_magma_n4_k1_definable_eq_i16.model,NOT_DEFINABLE,NOT_DEFINABLE,0.133,0.077,1
random_magma_n4_k1_definable_eq_i17.model,DEFINABLE,DEFINABLE,0.328,0.076,1
random_magma_n4_k1_definable_eq_i18.model,DEFINABLE,DEFINABLE,0.458,0.061,1
random_magma_n4_k1_definable_eq_i19.model,NOT_DEFINABLE,NOT_DEFINABLE,0.167,0.066,1
random_magma_n4_k1_definable_eq_i2.model,DEFINABLE,DEFINABLE,0.476,0.057,1
random_magma_n4_k1_definable_eq_i20.model,DEFINABLE,DEFINABLE,0.398,0.076,1
random_magma_n4_k1_definable_eq_i21.model,NOT_DEFINABLE,NOT_DEFINABLE,0.143,0.045,1
random_magma_n4_k1_definable_eq_i22.model,DEFINABLE,DEFINABLE,0.432,0.069,1
random_magma_n4_k1_definable_eq_i23.model,DEFINABLE,DEFINABLE,0.356,0.074,1
random_magma_n4_k1_definable_eq_i24.model,DEFINABLE,DEFINABLE,0.405,0.062,1
random_magma_n4_k1_definable_eq_i25.model,NOT_DEFINABLE,NOT_DEFINABLE,0.184,0.091,1
random_magma_n4_k1_definable_eq_i26.model,DEFINABLE,DEFINABLE,0.485,0.092,1
random_magma_n4_k1_definable_eq_i27.model,DEFINABLE,DEFINABLE,0.344,0.055,1
random_magma_n4_k1_definable_eq_i28.model,DEFINABLE,DEFINABLE,0.396,0.075,1
random_magma_n4_k1_definable_eq_i29.model,DEFINABLE,DEFINABLE,0.484,0.078,1
random_magma_n4_k1_definable_eq_i3.model,DEFINABLE,DEFINABLE,0.353,0.091,1
random_magma_n4_k1_definable_eq_i4.model,DEFINABLE,DEFINABLE,0.393,0.067,1
random_magma_n4_k1_definable_eq_i5.model,DEFINABLE,DEFINABLE,0.393,0.077,1
random_magma_n4_k1_definable_eq_i6.model,DEFINABLE,DEFINABLE,0.429,0.110,1
random_magma_n4_k1_definable_eq_i7.model,DEFINABLE,DEFINABLE,0.319,0.078,1
random_magma_n4_k1_definable_eq_i8.model,DEFINABLE,DEFINABLE,0.454,0.086,1
random_magma_n4_k1_definable_eq_i9.model,DEFINABLE,DEFINABLE,0.411,0.080,1
random_magma_n4_k1_nondef_mix_i0.model,NOT_DEFINABLE,NOT_DEFINABLE,0.223,0.080,1
random_magma_n4_k1_nondef_mix_i1.model,DEFINABLE,DEFINABLE,0.501,0.081,1
random_magma_n4_k1_nondef_mix_i10.model,DEFINABLE,DEFINABLE,0.418,0.083,1
random_magma_n4_k1_nondef_mix_i11.model,DEFINABLE,DEFINABLE,0.489,0.075,1
random_magma_n4_k1_nondef_mix_i12.model,DEFINABLE,DEFINABLE,0.429,0.092,1
random_magma_n4_k1_nondef_mix_i13.model,DEFINABLE,DEFINABLE,0.425,0.067,1
random_magma_n4_k1_nondef_mix_i14.model,NOT_DEFINABLE,NOT_DEFINABLE,0.216,0.080,1
random_magma_n4_k1_nondef_mix_i15.model,DEFINABLE,DEFINABLE,0.475,0.086,1
random_magma_n4_k1_nondef_mix_i16.model,NOT_DEFINABLE,NOT_DEFINABLE,0.196,0.049,1
random_magma_n4_k1_nondef_mix_i17.model,DEFINABLE,DEFINABLE,0.387,0.076,1
random_magma_n4_k1_nondef_mix_i18.model,DEFINABLE,DEFINABLE,0.443,0.080,1
random_magma_n4_k1_nondef_mix_i19.model,DEFINABLE,DEFINABLE,0.529,0.083,1
random_magma_n4_k1_nondef_mix_i2.model,DEFINABLE,DEFINABLE,0.385,0.083,1
random_magma_n4_k1_nondef_mix_i20.model,NOT_DEFINABLE,NOT_DEFINABLE,0.218,0.070,1
random_magma_n4_k1_nondef_mix_i21.model,NOT_DEFINABLE,NOT_DEFINABLE,0.190,0.057,1
random_magma_n4_k1_nondef_mix_i22.model,DEFINABLE,DEFINABLE,0.397,0.083,1
random_magma_n4_k1_nondef_mix_i23.model,DEFINABLE,DEFINABLE,0.342,0.074,1
random_magma_n4_k1_nondef_mix_i24.model,DEFINABLE,DEFINABLE,0.445,0.084,1
random_magma_n4_k1_nondef_mix_i25.model,NOT_DEFINABLE,NOT_DEFINABLE,0.128,0.049,1
random_magma_n4_k1_nondef_mix_i26.model,DEFINABLE,DEFINABLE,0.392,0.077,1
random_magma_n4_k1_nondef_mix_i27.model,DEFINABLE,DEFINABLE,0.423,0.060,1
random_magma_n4_k1_nondef_mix_i28.model,DEFINABLE,DEFINABLE,0.429,0.094,1
random_magma_n4_k1_nondef_mix_i29.model,DEFINABLE,DEFINABLE,0.394,0.062,1
random_magma_n4_k1_nondef_mix_i3.model,DEFINABLE,DEFINABLE,0.459,0.069,1
random_magma_n4_k1_nondef_mix_i4.model,DEFINABLE,DEFINABLE,0.438,0.081,1
random_magma_n4_k1_nondef_mix_i5.model,DEFINABLE,DEFINABLE,0.452,0.058,1
random_magma_n4_k1_nondef_mix_i6.model,DEFINABLE,DEFINABLE,0.391,0.059,1
random_magma_n4_k1_nondef_mix_i7.model,NOT_DEFINABLE,NOT_DEFINABLE,0.185,0.085,1
random_magma_n4_k1_nondef_mix_i8.model,NOT_DEFINABLE,NOT_DEFINABLE,0.160,0.059,1
random_magma_n4_k1_nondef_mix_i9.model,DEFINABLE,DEFINABLE,0.381,0.081,1
random_magma_n4_k1_random_half_i0.model,DEFINABLE,DEFINABLE,0.320,0.073,1
random_magma_n4_k1_random_half_i1.model,DEFINABLE,DEFINABLE,0.401,0.084,1
random_magma_n4_k1_random_half_i10.model,DEFINABLE,DEFINABLE,0.387,0.093,1
random_magma_n4_k1_random_half_i11.model,DEFINABLE,DEFINABLE,0.365,0.091,1
random_magma_n4_k1_random_half_i12.model,DEFINABLE,DEFINABLE,0.306,0.064,1
random_magma_n4_k1_random_half_i13.model,DEFINABLE,DEFINABLE,0.399,0.076,1
random_magma_n4_k1_random_half_i14.model,DEFINABLE,DEFINABLE,0.376,0.087,1
random_magma_n4_k1_random_half_i15.model,DEFINABLE,DEFINABLE,0.340,0.081,1
random_magma_n4_k1_random_half_i16.model,DEFINABLE,DEFINABLE,0.385,0.066,1
random_magma_n4_k1_random_half_i17.model,DEFINABLE,DEFINABLE,0.376,0.076,1
random_magma_n4_k1_random_half_i18.model,DEFINABLE,DEFINABLE,0.380,0.076,1
random_magma_n4_k1_random_half_i19.model,DEFINABLE,DEFINABLE,0.404,0.081,1
random_magma_n4_k1_random_half_i2.model,DEFINABLE,DEFINABLE,0.440,0.066,1
random_magma_n4_k1_random_half_i20.model,DEFINABLE,DEFINABLE,0.486,0.072,1
random_magma_n4_k1_random_half_i21.model,DEFINABLE,DEFINABLE,0.409,0.082,1
random_magma_n4_k1_random_half_i22.model,DEFINABLE,DEFINABLE,0.412,0.064,1
random_magma_n4_k1_random_half_i23.model,DEFINABLE,DEFINABLE,0.237,0.140,1
random_magma_n4_k1_random_half_i24.model,DEFINABLE,DEFINABLE,0.434,0.062,1
random_magma_n4_k1_random_half_i25.model,NOT_DEFINABLE,NOT_DEFINABLE,0.129,0.052,1
random_magma_n4_k1_random_half_i26.model,DEFINABLE,DEFINABLE,0.429,0.083,1
random_magma_n4_k1_random_half_i27.model,NOT_DEFINABLE,NOT_DEFINABLE,0.134,0.077,1
random_magma_n4_k1_random_half_i28.model,DEFINABLE,DEFINABLE,0.385,0.082,1
random_magma_n4_k1_random_half_i29.model,DEFINABLE,DEFINABLE,0.355,0.078,1
random_magma_n4_k1_random_half_i3.model,DEFINABLE,DEFINABLE,0.330,0.060,1
random_magma_n4_k1_random_half_i4.model,DEFINABLE,DEFINABLE,0.401,0.130,1
random_magma_n4_k1_random_half_i5.model,DEFINABLE,DEFINABLE,0.457,0.056,1
random_magma_n4_k1_random_half_i6.model,DEFINABLE,DEFINABLE,0.474,0.086,1
random_magma_n4_k1_random_half_i7.model,DEFINABLE,DEFINABLE,0.443,0.056,1
random_magma_n4_k1_random_half_i8.model,DEFINABLE,DEFINABLE,0.503,0.083,1
random_magma_n4_k1_random_half_i9.model,DEFINABLE,DEFINABLE,0.416,0.063,1
random_magma_n4_k2_definable_eq_i0.model,DEFINABLE,DEFINABLE,0.244,0.065,1
random_magma_n4_k2_definable_eq_i1.model,DEFINABLE,DEFINABLE,0.186,0.072,1
random_magma_n4_k2_definable_eq_i10.model,DEFINABLE,DEFINABLE,0.204,0.064,1
random_magma_n4_k2_definable_eq_i11.model,DEFINABLE,DEFINABLE,0.241,0.062,1
random_magma_n4_k2_definable_eq_i12.model,DEFINABLE,DEFINABLE,0.230,0.079,1
random_magma_n4_k2_definable_eq_i13.model,DEFINABLE,DEFINABLE,0.227,0.092,1
random_magma_n4_k2_definable_eq_i14.model,DEFINABLE,DEFINABLE,0.208,0.096,1
random_magma_n4_k2_definable_eq_i15.model,DEFINABLE,DEFINABLE,0.208,0.082,1
random_magma_n4_k2_definable_eq_i16.model,DEFINABLE,DEFINABLE,0.218,0.086,1
random_magma_n4_k2_definable_eq_i17.model,DEFINABLE,DEFINABLE,0.217,0.064,1
random_magma_n4_k2_definable_eq_i18.model,DEFINABLE,DEFINABLE,0.182,0.063,1
random_magma_n4_k2_definable_eq_i19.model,DEFINABLE,DEFINABLE,0.232,0.067,1
random_magma_n4_k2_definable_eq_i2.model,DEFINABLE,DEFINABLE,0.240,0.069,1
random_magma_n4_k2_definable_eq_i20.model,DEFINABLE,DEFINABLE,0.198,0.080,1
random_magma_n4_k2_definable_eq_i21.model,DEFINABLE,DEFINABLE,0.227,0.083,1
random_magma_n4_k2_definable_eq_i22.model,DEFINABLE,DEFINABLE,0.289,0.078,1
random_magma_n4_k2_definable_eq_i23.model,DEFINABLE,DEFINABLE,0.331,0.079,1
random_magma_n4_k2_definable_eq_i24.model,DEFINABLE,DEFINABLE,0.235,0.070,1
random_magma_n4_k2_definable_eq_i25.model,DEFINABLE,DEFINABLE,0.247,0.077,1
random_magma_n4_k2_definable_eq_i26.model,DEFINABLE,DEFINABLE,0.190,0.062,1
random_magma_n4_k2_definable_eq_i27.model,DEFINABLE,DEFINABLE,0.344,0.078,1
random_magma_n4_k2_definable_eq_i28.model,DEFINABLE,DEFINABLE,0.233,0.075,1
random_magma_n4_k2_definable_eq_i29.model,DEFINABLE,DEFINABLE,0.199,0.082,1
random_magma_n4_k2_definable_eq_i3.model,DEFINABLE,DEFINABLE,0.281,0.062,1
random_magma_n4_k2_definable_eq_i4.model,DEFINABLE,DEFINABLE,0.279,0.071,1
random_magma_n4_k2_definable_eq_i5.model,DEFINABLE,DEFINABLE,0.267,0.062,1
random_magma_n4_k2_definable_eq_i6.model,DEFINABLE,DEFINABLE,0.230,0.081,1
random_magma_n4_k2_definable_eq_i7.model,DEFINABLE,DEFINABLE,0.276,0.076,1
random_magma_n4_k2_definable_eq_i8.model,DEFINABLE,DEFINABLE,0.233,0.070,1
random_magma_n4_k2_definable_eq_i9.model,DEFINABLE,DEFINABLE,0.218,0.066,1
random_magma_n4_k2_nondef_mix_i0.model,DEFINABLE,DEFINABLE,0.809,0.159,1
random_magma_n4_k2_nondef_mix_i1.model,DEFINABLE,DEFINABLE,0.881,0.183,1
random_magma_n4_k2_nondef_mix_i10.model,DEFINABLE,DEFINABLE,0.803,0.156,1
random_magma_n4_k2_nondef_mix_i11.model,DEFINABLE,DEFINABLE,0.733,0.165,1
random_magma_n4_k2_nondef_mix_i12.model,DEFINABLE,DEFINABLE,0.794,0.150,1
random_magma_n4_k2_nondef_mix_i13.model,DEFINABLE,DEFINABLE,0.830,0.173,1
random_magma_n4_k2_nondef_mix_i14.model,DEFINABLE,DEFINABLE,0.832,0.171,1
random_magma_n4_k2_nondef_mix_i15.model,DEFINABLE,DEFINABLE,0.795,0.165,1
random_magma_n4_k2_nondef_mix_i16.model,NOT_DEFINABLE,NOT_DEFINABLE,0.129,0.138,1
random_magma_n4_k2_nondef_mix_i17.model,DEFINABLE,DEFINABLE,0.766,0.177,1
random_magma_n4_k2_nondef_mix_i18.model,NOT_DEFINABLE,NOT_DEFINABLE,0.297,0.146,1
random_magma_n4_k2_nondef_mix_i19.model,DEFINABLE,DEFINABLE,2.473,0.167,1
random_magma_n4_k2_nondef_mix_i2.model,DEFINABLE,DEFINABLE,0.913,0.161,1
random_magma_n4_k2_nondef_mix_i20.model,NOT_DEFINABLE,NOT_DEFINABLE,0.125,0.149,1
random_magma_n4_k2_nondef_mix_i21.model,DEFINABLE,DEFINABLE,0.683,0.140,1
random_magma_n4_k2_nondef_mix_i22.model,DEFINABLE,DEFINABLE,0.708,0.165,1
random_magma_n4_k2_nondef_mix_i23.model,DEFINABLE,DEFINABLE,0.843,0.159,1
random_magma_n4_k2_nondef_mix_i24.model,DEFINABLE,DEFINABLE,0.707,0.191,1
random_magma_n4_k2_nondef_mix_i25.model,DEFINABLE,DEFINABLE,0.844,0.167,1
random_magma_n4_k2_nondef_mix_i26.model,DEFINABLE,DEFINABLE,0.945,0.160,1
random_magma_n4_k2_nondef_mix_i27.model,DEFINABLE,DEFINABLE,0.753,0.191,1
random_magma_n4_k2_nondef_mix_i28.model,DEFINABLE,DEFINABLE,0.785,0.194,1
random_magma_n4_k2_nondef_mix_i29.model,DEFINABLE,DEFINABLE,0.856,0.166,1
random_magma_n4_k2_nondef_mix_i3.model,DEFINABLE,DEFINABLE,0.871,0.144,1
random_magma_n4_k2_nondef_mix_i4.model,DEFINABLE,DEFINABLE,0.754,0.155,1
random_magma_n4_k2_nondef_mix_i5.model,NOT_DEFINABLE,NOT_DEFINABLE,0.216,0.165,1
random_magma_n4_k2_nondef_mix_i6.model,DEFINABLE,DEFINABLE,0.702,0.183,1
random_magma_n4_k2_nondef_mix_i7.model,NOT_DEFINABLE,NOT_DEFINABLE,0.142,0.150,1
random_magma_n4_k2_nondef_mix_i8.model,NOT_DEFINABLE,NOT_DEFINABLE,0.139,0.101,1
random_magma_n4_k2_nondef_mix_i9.model,DEFINABLE,DEFINABLE,0.923,0.177,1
random_magma_n4_k2_random_half_i0.model,DEFINABLE,DEFINABLE,0.724,0.190,1
random_magma_n4_k2_random_half_i1.model,NOT_DEFINABLE,NOT_DEFINABLE,0.593,0.110,1
random_magma_n4_k2_random_half_i10.model,NOT_DEFINABLE,NOT_DEFINABLE,0.210,0.163,1
random_magma_n4_k2_random_half_i11.model,DEFINABLE,DEFINABLE,0.821,0.171,1
random_magma_n4_k2_random_half_i12.model,DEFINABLE,DEFINABLE,0.757,0.175,1
random_magma_n4_k2_random_half_i13.model,DEFINABLE,DEFINABLE,0.746,0.169,1
random_magma_n4_k2_random_half_i14.model,DEFINABLE,DEFINABLE,0.869,0.159,1
random_magma_n4_k2_random_half_i15.model,DEFINABLE,DEFINABLE,0.784,0.168,1
random_magma_n4_k2_random_half_i16.model,DEFINABLE,DEFINABLE,0.659,0.160,1
random_magma_n4_k2_random_half_i17.model,NOT_DEFINABLE,NOT_DEFINABLE,0.147,0.160,1
random_magma_n4_k2_random_half_i18.model,NOT_DEFINABLE,NOT_DEFINABLE,0.421,0.077,1
random_magma_n4_k2_random_half_i19.model,DEFINABLE,DEFINABLE,0.707,0.177,1
random_magma_n4_k2_random_half_i2.model,NOT_DEFINABLE,NOT_DEFINABLE,0.143,0.156,1
random_magma_n4_k2_random_half_i20.model,DEFINABLE,DEFINABLE,2.303,0.176,1
random_magma_n4_k2_random_half_i21.model,DEFINABLE,DEFINABLE,0.728,0.202,1
random_magma_n4_k2_random_half_i22.model,DEFINABLE,DEFINABLE,0.792,0.170,1
random_magma_n4_k2_random_half_i23.model,NOT_DEFINABLE,NOT_DEFINABLE,0.127,0.139,1
random_magma_n4_k2_random_half_i24.model,DEFINABLE,DEFINABLE,2.418,0.157,1
random_magma_n4_k2_random_half_i25.model,DEFINABLE,DEFINABLE,0.797,0.156,1
random_magma_n4_k2_random_half_i26.model,NOT_DEFINABLE,NOT_DEFINABLE,0.163,0.181,1
random_magma_n4_k2_random_half_i27.model,DEFINABLE,DEFINABLE,0.882,0.180,1
random_magma_n4_k2_random_half_i28.model,DEFINABLE,DEFINABLE,0.908,0.162,1
random_magma_n4_k2_random_half_i29.model,DEFINABLE,DEFINABLE,0.904,0.166,1
random_magma_n4_k2_random_half_i3.model,DEFINABLE,DEFINABLE,0.819,0.168,1
random_magma_n4_k2_random_half_i4.model,DEFINABLE,DEFINABLE,0.881,0.156,1
random_magma_n4_k2_random_half_i5.model,NOT_DEFINABLE,NOT_DEFINABLE,0.134,0.144,1
random_magma_n4_k2_random_half_i6.model,NOT_DEFINABLE,NOT_DEFINABLE,0.163,0.177,1
random_magma_n4_k2_random_half_i7.model,DEFINABLE,DEFINABLE,0.932,0.150,1
random_magma_n4_k2_random_half_i8.model,DEFINABLE,DEFINABLE,0.806,0.147,1
random_magma_n4_k2_random_half_i9.model,DEFINABLE,DEFINABLE,0.811,0.156,1
random_magma_n64_k1_definable_eq_i0.model,DEFINABLE,DEFINABLE,155.846,64.323,1
random_magma_n64_k1_definable_eq_i1.model,DEFINABLE,DEFINABLE,160.697,65.816,1
random_magma_n64_k1_definable_eq_i10.model,DEFINABLE,DEFINABLE,155.953,63.076,1
random_magma_n64_k1_definable_eq_i11.model,DEFINABLE,DEFINABLE,163.594,65.064,1
random_magma_n64_k1_definable_eq_i12.model,DEFINABLE,DEFINABLE,162.093,65.177,1
random_magma_n64_k1_definable_eq_i13.model,DEFINABLE,DEFINABLE,161.088,65.730,1
random_magma_n64_k1_definable_eq_i14.model,DEFINABLE,DEFINABLE,156.503,62.403,1
random_magma_n64_k1_definable_eq_i15.model,DEFINABLE,DEFINABLE,157.688,62.890,1
random_magma_n64_k1_definable_eq_i16.model,DEFINABLE,DEFINABLE,162.654,66.100,1
random_magma_n64_k1_definable_eq_i17.model,DEFINABLE,DEFINABLE,163.621,65.092,1
random_magma_n64_k1_definable_eq_i18.model,DEFINABLE,DEFINABLE,162.799,65.656,1
random_magma_n64_k1_definable_eq_i19.model,DEFINABLE,DEFINABLE,160.024,66.419,1
random_magma_n64_k1_definable_eq_i2.model,DEFINABLE,DEFINABLE,166.127,66.321,1
random_magma_n64_k1_definable_eq_i20.model,DEFINABLE,DEFINABLE,153.816,62.461,1
random_magma_n64_k1_definable_eq_i21.model,DEFINABLE,DEFINABLE,158.660,62.848,1
random_magma_n64_k1_definable_eq_i22.model,DEFINABLE,DEFINABLE,157.347,66.478,1
random_magma_n64_k1_definable_eq_i23.model,DEFINABLE,DEFINABLE,159.229,65.601,1
random_magma_n64_k1_definable_eq_i24.model,DEFINABLE,DEFINABLE,159.334,66.666,1
random_magma_n64_k1_definable_eq_i25.model,DEFINABLE,DEFINABLE,160.986,65.775,1
random_magma_n64_k1_definable_eq_i26.model,DEFINABLE,DEFINABLE,151.742,60.339,1
random_magma_n64_k1_definable_eq_i27.model,DEFINABLE,DEFINABLE,162.502,64.123,1
random_magma_n64_k1_definable_eq_i28.model,DEFINABLE,DEFINABLE,161.928,65.676,1
random_magma_n64_k1_definable_eq_i29.model,DEFINABLE,DEFINABLE,158.726,64.434,1
random_magma_n64_k1_definable_eq_i3.model,DEFINABLE,DEFINABLE,165.306,65.463,1
random_magma_n64_k1_definable_eq_i4.model,DEFINABLE,DEFINABLE,166.179,66.785,1
random_magma_n64_k1_definable_eq_i5.model,DEFINABLE,DEFINABLE,161.036,65.415,1
random_magma_n64_k1_definable_eq_i6.model,DEFINABLE,DEFINABLE,163.076,67.577,1
random_magma_n64_k1_definable_eq_i7.model,DEFINABLE,DEFINABLE,155.445,63.897,1
random_magma_n64_k1_definable_eq_i8.model,DEFINABLE,DEFINABLE,158.798,65.202,1
random_magma_n64_k1_definable_eq_i9.model,DEFINABLE,DEFINABLE,157.353,64.191,1
random_magma_n64_k1_nondef_mix_i0.model,DEFINABLE,DEFINABLE,161.048,64.480,1
random_magma_n64_k1_nondef_mix_i1.model,DEFINABLE,DEFINABLE,160.886,65.501,1
random_magma_n64_k1_nondef_mix_i10.model,DEFINABLE,DEFINABLE,160.795,64.688,1
random_magma_n64_k1_nondef_mix_i11.model,DEFINABLE,DEFINABLE,157.592,63.147,1
random_magma_n64_k1_nondef_mix_i12.model,DEFINABLE,DEFINABLE,161.985,64.165,1
random_magma_n64_k1_nondef_mix_i13.model,DEFINABLE,DEFINABLE,160.828,65.590,1
random_magma_n64_k1_nondef_mix_i14.model,NOT_DEFINABLE,NOT_DEFINABLE,70.377,49.030,1
random_magma_n64_k1_nondef_mix_i15.model,DEFINABLE,DEFINABLE,155.067,66.353,1
random_magma_n64_k1_nondef_mix_i16.model,DEFINABLE,DEFINABLE,162.285,64.132,1
random_magma_n64_k1_nondef_mix_i17.model,DEFINABLE,DEFINABLE,163.011,64.199,1
random_magma_n64_k1_nondef_mix_i18.model,DEFINABLE,DEFINABLE,163.221,65.468,1
random_magma_n64_k1_nondef_mix_i19.model,DEFINABLE,DEFINABLE,161.156,63.976,1
random_magma_n64_k1_nondef_mix_i2.model,DEFINABLE,DEFINABLE,162.488,65.999,1
random_magma_n64_k1_nondef_mix_i20.model,DEFINABLE,DEFINABLE,159.569,63.934,1
random_magma_n64_k1_nondef_mix_i21.model,DEFINABLE,DEFINABLE,160.707,65.699,1
random_magma_n64_k1_nondef_mix_i22.model,DEFINABLE,DEFINABLE,162.881,65.996,1
random_magma_n64_k1_nondef_mix_i23.model,DEFINABLE,DEFINABLE,161.962,66.698,1
random_magma_n64_k1_nondef_mix_i24.model,DEFINABLE,DEFINABLE,161.679,63.363,1
random_magma_n64_k1_nondef_mix_i25.model,DEFINABLE,DEFINABLE,154.722,62.812,1
random_magma_n64_k1_nondef_mix_i26.model,DEFINABLE,DEFINABLE,155.919,63.780,1
random_magma_n64_k1_nondef_mix_i27.model,DEFINABLE,DEFINABLE,159.646,66.869,1
random_magma_n64_k1_nondef_mix_i28.model,DEFINABLE,DEFINABLE,160.779,63.533,1
random_magma_n64_k1_nondef_mix_i29.model,DEFINABLE,DEFINABLE,161.090,65.477,1
random_magma_n64_k1_nondef_mix_i3.model,DEFINABLE,DEFINABLE,163.115,64.971,1
random_magma_n64_k1_nondef_mix_i4.model,DEFINABLE,DEFINABLE,161.641,65.704,1
random_magma_n64_k1_nondef_mix_i5.model,DEFINABLE,DEFINABLE,152.811,61.721,1
random_magma_n64_k1_nondef_mix_i6.model,DEFINABLE,DEFINABLE,161.753,67.341,1
random_magma_n64_k1_nondef_mix_i7.model,DEFINABLE,DEFINABLE,163.517,65.891,1
random_magma_n64_k1_nondef_mix_i8.model,DEFINABLE,DEFINABLE,167.568,65.830,1
random_magma_n64_k1_nondef_mix_i9.model,DEFINABLE,DEFINABLE,164.517,66.706,1
random_magma_n64_k1_random_half_i0.model,DEFINABLE,DEFINABLE,160.648,66.267,1
random_magma_n64_k1_random_half_i1.model,DEFINABLE,DEFINABLE,158.105,63.610,1
random_magma_n64_k1_random_half_i10.model,DEFINABLE,DEFINABLE,163.673,69.067,1
random_magma_n64_k1_random_half_i11.model,DEFINABLE,DEFINABLE,163.246,65.718,1
random_magma_n64_k1_random_half_i12.model,DEFINABLE,DEFINABLE,163.610,64.354,1
random_magma_n64_k1_random_half_i13.model,DEFINABLE,DEFINABLE,163.450,64.647,1
random_magma_n64_k1_random_half_i14.model,DEFINABLE,DEFINABLE,162.566,64.920,1
random_magma_n64_k1_random_half_i15.model,DEFINABLE,DEFINABLE,163.567,65.548,1
random_magma_n64_k1_random_half_i16.model,DEFINABLE,DEFINABLE,163.977,66.372,1
random_magma_n64_k1_random_half_i17.model,DEFINABLE,DEFINABLE,162.237,64.703,1
random_magma_n64_k1_random_half_i18.model,DEFINABLE,DEFINABLE,164.802,66.168,1
random_magma_n64_k1_random_half_i19.model,DEFINABLE,DEFINABLE,161.297,64.615,1
random_magma_n64_k1_random_half_i2.model,DEFINABLE,DEFINABLE,156.064,63.868,1
random_magma_n64_k1_random_half_i20.model,DEFINABLE,DEFINABLE,161.686,68.026,1
random_magma_n64_k1_random_half_i21.model,DEFINABLE,DEFINABLE,153.626,63.660,1
random_magma_n64_k1_random_half_i22.model,DEFINABLE,DEFINABLE,155.119,64.873,1
random_magma_n64_k1_random_half_i23.model,DEFINABLE,DEFINABLE,162.003,64.685,1
random_magma_n64_k1_random_half_i24.model,DEFINABLE,DEFINABLE,163.954,64.812,1
random_magma_n64_k1_random_half_i25.model,DEFINABLE,DEFINABLE,163.011,67.702,1
random_magma_n64_k1_random_half_i26.model,NOT_DEFINABLE,NOT_DEFINABLE,75.104,53.286,1
random_magma_n64_k1_random_half_i27.model,DEFINABLE,DEFINABLE,156.966,62.869,1
random_magma_n64_k1_random_half_i28.model,DEFINABLE,DEFINABLE,157.629,64.548,1
random_magma_n64_k1_random_half_i29.model,DEFINABLE,DEFINABLE,163.214,64.411,1
random_magma_n64_k1_random_half_i3.model,DEFINABLE,DEFINABLE,154.469,64.377,1
random_magma_n64_k1_random_half_i4.model,DEFINABLE,DEFINABLE,165.952,65.486,1
random_magma_n64_k1_random_half_i5.model,NOT_DEFINABLE,NOT_DEFINABLE,86.069,59.539,1
random_magma_n64_k1_random_half_i6.model,DEFINABLE,DEFINABLE,160.341,65.927,1
random_magma_n64_k1_random_half_i7.model,DEFINABLE,DEFINABLE,163.932,66.281,1
random_magma_n64_k1_random_half_i8.model,DEFINABLE,DEFINABLE,157.525,63.815,1
random_magma_n64_k1_random_half_i9.model,DEFINABLE,DEFINABLE,161.097,65.137,1
random_magma_n64_k2_definable_eq_i0.model,DEFINABLE,DEFINABLE,89.552,65.265,1
random_magma_n64_k2_definable_eq_i1.model,DEFINABLE,DEFINABLE,91.902,64.007,1
random_magma_n64_k2_definable_eq_i10.model,DEFINABLE,DEFINABLE,86.770,61.925,1
random_magma_n64_k2_definable_eq_i11.model,DEFINABLE,DEFINABLE,90.743,64.385,1
random_magma_n64_k2_definable_eq_i12.model,DEFINABLE,DEFINABLE,92.370,66.039,1
random_magma_n64_k2_definable_eq_i13.model,DEFINABLE,DEFINABLE,91.417,65.139,1
random_magma_n64_k2_definable_eq_i14.model,DEFINABLE,DEFINABLE,91.546,65.620,1
random_magma_n64_k2_definable_eq_i15.model,DEFINABLE,DEFINABLE,92.656,65.961,1
random_magma_n64_k2_definable_eq_i16.model,DEFINABLE,DEFINABLE,91.634,64.558,1
random_magma_n64_k2_definable_eq_i17.model,DEFINABLE,DEFINABLE,89.735,62.180,1
random_magma_n64_k2_definable_eq_i18.model,DEFINABLE,DEFINABLE,91.313,64.445,1
random_magma_n64_k2_definable_eq_i19.model,DEFINABLE,DEFINABLE,92.275,65.164,1
random_magma_n64_k2_definable_eq_i2.model,DEFINABLE,DEFINABLE,92.073,67.395,1
random_magma_n64_k2_definable_eq_i20.model,DEFINABLE,DEFINABLE,89.152,62.539,1
random_magma_n64_k2_definable_eq_i21.model,DEFINABLE,DEFINABLE,89.320,63.392,1
random_magma_n64_k2_definable_eq_i22.model,DEFINABLE,DEFINABLE,93.269,65.196,1
random_magma_n64_k2_definable_eq_i23.model,DEFINABLE,DEFINABLE,93.625,65.027,1
random_magma_n64_k2_definable_eq_i24.model,DEFINABLE,DEFINABLE,91.770,67.662,1
random_magma_n64_k2_definable_eq_i25.model,DEFINABLE,DEFINABLE,93.340,64.102,1
random_magma_n64_k2_definable_eq_i26.model,DEFINABLE,DEFINABLE,91.294,64.202,1
random_magma_n64_k2_definable_eq_i27.model,DEFINABLE,DEFINABLE,87.100,60.588,1
random_magma_n64_k2_definable_eq_i28.model,DEFINABLE,DEFINABLE,87.840,64.462,1
random_magma_n64_k2_definable_eq_i29.model,DEFINABLE,DEFINABLE,95.012,65.148,1
random_magma_n64_k2_definable_eq_i3.model,DEFINABLE,DEFINABLE,89.197,63.614,1
random_magma_n64_k2_definable_eq_i4.model,DEFINABLE,DEFINABLE,90.994,63.665,1
random_magma_n64_k2_definable_eq_i5.model,DEFINABLE,DEFINABLE,89.236,63.655,1
random_magma_n64_k2_definable_eq_i6.model,DEFINABLE,DEFINABLE,89.804,63.841,1
random_magma_n64_k2_definable_eq_i7.model,DEFINABLE,DEFINABLE,92.461,66.257,1
random_magma_n64_k2_definable_eq_i8.model,DEFINABLE,DEFINABLE,90.951,63.458,1
random_magma_n64_k2_definable_eq_i9.model,DEFINABLE,DEFINABLE,93.359,65.861,1
random_magma_n64_k2_nondef_mix_i0.model,DEFINABLE,DEFINABLE,6484.856,6539.576,1
random_magma_n64_k2_nondef_mix_i1.model,DEFINABLE,DEFINABLE,6402.902,6421.579,1
random_magma_n64_k2_nondef_mix_i10.model,DEFINABLE,DEFINABLE,6491.222,5926.329,1
random_magma_n64_k2_nondef_mix_i11.model,DEFINABLE,DEFINABLE,6422.122,6323.230,1
random_magma_n64_k2_nondef_mix_i12.model,DEFINABLE,DEFINABLE,6467.477,5921.361,1
random_magma_n64_k2_nondef_mix_i13.model,DEFINABLE,DEFINABLE,6420.201,6302.707,1
random_magma_n64_k2_nondef_mix_i14.model,DEFINABLE,DEFINABLE,6453.501,6282.692,1
random_magma_n64_k2_nondef_mix_i15.model,NOT_DEFINABLE,NOT_DEFINABLE,21.193,6195.540,1
random_magma_n64_k2_nondef_mix_i16.model,DEFINABLE,DEFINABLE,6460.696,5900.355,1
random_magma_n64_k2_nondef_mix_i17.model,DEFINABLE,DEFINABLE,6404.531,5966.290,1
random_magma_n64_k2_nondef_mix_i18.model,DEFINABLE,DEFINABLE,6427.725,5854.780,1
random_magma_n64_k2_nondef_mix_i19.model,DEFINABLE,DEFINABLE,6471.990,5898.901,1
random_magma_n64_k2_nondef_mix_i2.model,DEFINABLE,DEFINABLE,6463.432,6338.809,1
random_magma_n64_k2_nondef_mix_i20.model,DEFINABLE,DEFINABLE,6426.508,5962.648,1
random_magma_n64_k2_nondef_mix_i21.model,DEFINABLE,DEFINABLE,6420.965,5931.200,1
random_magma_n64_k2_nondef_mix_i22.model,DEFINABLE,DEFINABLE,6439.793,6309.936,1
random_magma_n64_k2_nondef_mix_i23.model,NOT_DEFINABLE,NOT_DEFINABLE,89.013,6331.265,1
random_magma_n64_k2_nondef_mix_i24.model,NOT_DEFINABLE,NOT_DEFINABLE,63.955,6288.696,1
random_magma_n64_k2_nondef_mix_i25.model,DEFINABLE,DEFINABLE,6442.524,5911.580,1
random_magma_n64_k2_nondef_mix_i26.model,DEFINABLE,DEFINABLE,6472.288,6400.397,1
random_magma_n64_k2_nondef_mix_i27.model,DEFINABLE,DEFINABLE,6441.877,5866.888,1
random_magma_n64_k2_nondef_mix_i28.model,DEFINABLE,DEFINABLE,6471.245,6302.619,1
random_magma_n64_k2_nondef_mix_i29.model,DEFINABLE,DEFINABLE,6515.167,6357.248,1
random_magma_n64_k2_nondef_mix_i3.model,DEFINABLE,DEFINABLE,6464.778,6359.518,1
random_magma_n64_k2_nondef_mix_i4.model,NOT_DEFINABLE,NOT_DEFINABLE,73.919,6269.330,1
random_magma_n64_k2_nondef_mix_i5.model,DEFINABLE,DEFINABLE,6454.889,6402.887,1
random_magma_n64_k2_nondef_mix_i6.model,DEFINABLE,DEFINABLE,6459.606,6393.631,1
random_magma_n64_k2_nondef_mix_i7.model,DEFINABLE,DEFINABLE,6444.129,6288.397,1
random_magma_n64_k2_nondef_mix_i8.model,DEFINABLE,DEFINABLE,6444.370,6310.210,1
random_magma_n64_k2_nondef_mix_i9.model,NOT_DEFINABLE,NOT_DEFINABLE,88.935,6298.213,1
random_magma_n64_k2_random_half_i0.model,DEFINABLE,DEFINABLE,6399.987,5937.749,1
random_magma_n64_k2_random_half_i1.model,DEFINABLE,DEFINABLE,6464.860,5937.623,1
random_magma_n64_k2_random_half_i10.model,DEFINABLE,DEFINABLE,6549.330,6073.614,1
random_magma_n64_k2_random_half_i11.model,DEFINABLE,DEFINABLE,6480.039,5876.116,1
random_magma_n64_k2_random_half_i12.model,DEFINABLE,DEFINABLE,6429.346,6344.752,1
random_magma_n64_k2_random_half_i13.model,DEFINABLE,DEFINABLE,6447.536,5928.988,1
random_magma_n64_k2_random_half_i14.model,DEFINABLE,DEFINABLE,6425.158,5939.496,1
random_magma_n64_k2_random_half_i15.model,DEFINABLE,DEFINABLE,6451.571,6319.672,1
random_magma_n64_k2_random_half_i16.model,DEFINABLE,DEFINABLE,6450.908,6322.187,1
random_magma_n64_k2_random_half_i17.model,DEFINABLE,DEFINABLE,6417.907,6338.637,1
random_magma_n64_k2_random_half_i18.model,DEFINABLE,DEFINABLE,6392.849,6326.869,1
random_magma_n64_k2_random_half_i19.model,DEFINABLE,DEFINABLE,6390.454,6352.661,1
random_magma_n64_k2_random_half_i2.model,DEFINABLE,DEFINABLE,6403.673,6347.685,1
random_magma_n64_k2_random_half_i20.model,DEFINABLE,DEFINABLE,6411.287,5917.713,1
random_magma_n64_k2_random_half_i21.model,DEFINABLE,DEFINABLE,6448.498,6320.771,1
random_magma_n64_k2_random_half_i22.model,DEFINABLE,DEFINABLE,6456.589,6360.370,1
random_magma_n64_k2_random_half_i23.model,DEFINABLE,DEFINABLE,6454.027,6316.426,1
random_magma_n64_k2_random_half_i24.model,NOT_DEFINABLE,NOT_DEFINABLE,76.744,6279.755,1
random_magma_n64_k2_random_half_i25.model,NOT_DEFINABLE,NOT_DEFINABLE,42.589,6251.680,1
random_magma_n64_k2_random_half_i26.model,DEFINABLE,DEFINABLE,6433.143,6375.707,1
random_magma_n64_k2_random_half_i27.model,DEFINABLE,DEFINABLE,6441.817,6419.927,1
random_magma_n64_k2_random_half_i28.model,DEFINABLE,DEFINABLE,6475.641,6461.025,1
random_magma_n64_k2_random_half_i29.model,DEFINABLE,DEFINABLE,6455.508,6009.908,1
random_magma_n64_k2_random_half_i3.model,DEFINABLE,DEFINABLE,6440.921,6009.310,1
random_magma_n64_k2_random_half_i4.model,DEFINABLE,DEFINABLE,6453.541,6018.066,1
random_magma_n64_k2_random_half_i5.model,DEFINABLE,DEFINABLE,6439.968,6427.164,1
random_magma_n64_k2_random_half_i6.model,DEFINABLE,DEFINABLE,6440.999,6009.270,1
random_magma_n64_k2_random_half_i7.model,NOT_DEFINABLE,NOT_DEFINABLE,44.678,6299.810,1
random_magma_n64_k2_random_half_i8.model,NOT_DEFINABLE,NOT_DEFINABLE,17.624,6305.103,1
random_magma_n64_k2_random_half_i9.model,DEFINABLE,DEFINABLE,6438.667,5974.337,1
random_magma_n8_k1_definable_eq_i0.model,DEFINABLE,DEFINABLE,0.937,0.196,1
random_magma_n8_k1_definable_eq_i1.model,DEFINABLE,DEFINABLE,0.875,0.232,1
random_magma_n8_k1_definable_eq_i10.model,DEFINABLE,DEFINABLE,0.659,0.163,1
random_magma_n8_k1_definable_eq_i11.model,DEFINABLE,DEFINABLE,0.810,0.184,1
random_magma_n8_k1_definable_eq_i12.model,DEFINABLE,DEFINABLE,0.850,0.189,1
random_magma_n8_k1_definable_eq_i13.model,DEFINABLE,DEFINABLE,0.844,0.223,1
random_magma_n8_k1_definable_eq_i14.model,DEFINABLE,DEFINABLE,0.710,0.191,1
random_magma_n8_k1_definable_eq_i15.model,DEFINABLE,DEFINABLE,0.820,0.229,1
random_magma_n8_k1_definable_eq_i16.model,NOT_DEFINABLE,NOT_DEFINABLE,0.316,0.187,1
random_magma_n8_k1_definable_eq_i17.model,DEFINABLE,DEFINABLE,0.621,0.178,1
random_magma_n8_k1_definable_eq_i18.model,DEFINABLE,DEFINABLE,0.858,0.212,1
random_magma_n8_k1_definable_eq_i19.model,DEFINABLE,DEFINABLE,0.683,0.165,1
random_magma_n8_k1_definable_eq_i2.model,DEFINABLE,DEFINABLE,0.768,0.189,1
random_magma_n8_k1_definable_eq_i20.model,DEFINABLE,DEFINABLE,0.651,0.171,1
random_magma_n8_k1_definable_eq_i21.model,DEFINABLE,DEFINABLE,0.670,0.186,1
random_magma_n8_k1_definable_eq_i22.model,DEFINABLE,DEFINABLE,0.811,0.195,1
random_magma_n8_k1_definable_eq_i23.model,DEFINABLE,DEFINABLE,0.665,0.166,1
random_magma_n8_k1_definable_eq_i24.model,DEFINABLE,DEFINABLE,0.786,0.184,1
random_magma_n8_k1_definable_eq_i25.model,DEFINABLE,DEFINABLE,0.711,0.163,1
random_magma_n8_k1_definable_eq_i26.model,DEFINABLE,DEFINABLE,0.711,0.217,1
random_magma_n8_k1_definable_eq_i27.model,DEFINABLE,DEFINABLE,0.732,0.189,1
random_magma_n8_k1_definable_eq_i28.model,DEFINABLE,DEFINABLE,0.676,0.184,1
random_magma_n8_k1_definable_eq_i29.model,DEFINABLE,DEFINABLE,0.745,0.182,1
random_magma_n8_k1_definable_eq_i3.model,DEFINABLE,DEFINABLE,0.745,0.211,1
random_magma_n8_k1_definable_eq_i4.model,DEFINABLE,DEFINABLE,0.762,0.188,1
random_magma_n8_k1_definable_eq_i5.model,DEFINABLE,DEFINABLE,0.766,0.196,1
random_magma_n8_k1_definable_eq_i6.model,NOT_DEFINABLE,NOT_DEFINABLE,0.250,0.087,1
random_magma_n8_k1_definable_eq_i7.model,DEFINABLE,DEFINABLE,0.722,0.194,1
random_magma_n8_k1_definable_eq_i8.model,DEFINABLE,DEFINABLE,0.842,0.184,1
random_magma_n8_k1_definable_eq_i9.model,DEFINABLE,DEFINABLE,0.757,0.189,1
random_magma_n8_k1_nondef_mix_i0.model,DEFINABLE,DEFINABLE,0.763,0.201,1
random_magma_n8_k1_nondef_mix_i1.model,DEFINABLE,DEFINABLE,0.700,0.200,1
random_magma_n8_k1_nondef_mix_i10.model,DEFINABLE,DEFINABLE,0.608,0.157,1
random_magma_n8_k1_nondef_mix_i11.model,DEFINABLE,DEFINABLE,0.739,0.198,1
random_magma_n8_k1_nondef_mix_i12.model,DEFINABLE,DEFINABLE,0.795,0.205,1
random_magma_n8_k1_nondef_mix_i13.model,DEFINABLE,DEFINABLE,0.831,0.244,1
random_magma_n8_k1_nondef_mix_i14.model,NOT_DEFINABLE,NOT_DEFINABLE,0.278,0.198,1
random_magma_n8_k1_nondef_mix_i15.model,NOT_DEFINABLE,NOT_DEFINABLE,0.323,0.120,1
random_magma_n8_k1_nondef_mix_i16.model,DEFINABLE,DEFINABLE,0.768,0.180,1
random_magma_n8_k1_nondef_mix_i17.model,NOT_DEFINABLE,NOT_DEFINABLE,0.248,0.165,1
random_magma_n8_k1_nondef_mix_i18.model,NOT_DEFINABLE,NOT_DEFINABLE,0.140,0.048,1
random_magma_n8_k1_nondef_mix_i19.model,DEFINABLE,DEFINABLE,0.755,0.181,1
random_magma_n8_k1_nondef_mix_i2.model,DEFINABLE,DEFINABLE,0.786,0.202,1
random_magma_n8_k1_nondef_mix_i20.model,DEFINABLE,DEFINABLE,0.832,0.276,1
random_magma_n8_k1_nondef_mix_i21.model,DEFINABLE,DEFINABLE,0.817,0.182,1
random_magma_n8_k1_nondef_mix_i22.model,DEFINABLE,DEFINABLE,0.697,0.167,1
random_magma_n8_k1_nondef_mix_i23.model,DEFINABLE,DEFINABLE,0.743,0.189,1
random_magma_n8_k1_nondef_mix_i24.model,DEFINABLE,DEFINABLE,0.735,0.200,1
random_magma_n8_k1_nondef_mix_i25.model,DEFINABLE,DEFINABLE,0.851,0.204,1
random_magma_n8_k1_nondef_mix_i26.model,NOT_DEFINABLE,NOT_DEFINABLE,0.331,0.195,1
random_magma_n8_k1_nondef_mix_i27.model,DEFINABLE,DEFINABLE,0.770,0.196,1
random_magma_n8_k1_nondef_mix_i28.model,DEFINABLE,DEFINABLE,0.794,0.193,1
random_magma_n8_k1_nondef_mix_i29.model,DEFINABLE,DEFINABLE,0.817,0.211,1
random_magma_n8_k1_nondef_mix_i3.model,DEFINABLE,DEFINABLE,0.728,0.213,1
random_magma_n8_k1_nondef_mix_i4.model,DEFINABLE,DEFINABLE,0.851,0.217,1
random_magma_n8_k1_nondef_mix_i5.model,DEFINABLE,DEFINABLE,0.758,0.216,1
random_magma_n8_k1_nondef_mix_i6.model,DEFINABLE,DEFINABLE,0.659,0.203,1
random_magma_n8_k1_nondef_mix_i7.model,DEFINABLE,DEFINABLE,0.862,0.224,1
random_magma_n8_k1_nondef_mix_i8.model,DEFINABLE,DEFINABLE,0.825,0.199,1
random_magma_n8_k1_nondef_mix_i9.model,DEFINABLE,DEFINABLE,0.870,0.240,1
random_magma_n8_k1_random_half_i0.model,DEFINABLE,DEFINABLE,0.885,0.192,1
random_magma_n8_k1_random_half_i1.model,NOT_DEFINABLE,NOT_DEFINABLE,0.240,0.117,1
random_magma_n8_k1_random_half_i10.model,DEFINABLE,DEFINABLE,0.776,0.199,1
random_magma_n8_k1_random_half_i11.model,NOT_DEFINABLE,NOT_DEFINABLE,0.296,0.151,1
random_magma_n8_k1_random_half_i12.model,NOT_DEFINABLE,NOT_DEFINABLE,0.323,0.156,1
random_magma_n8_k1_random_half_i13.model,DEFINABLE,DEFINABLE,0.776,0.186,1
random_magma_n8_k1_random_half_i14.model,DEFINABLE,DEFINABLE,0.735,0.191,1
random_magma_n8_k1_random_half_i15.model,DEFINABLE,DEFINABLE,0.790,0.186,1
random_magma_n8_k1_random_half_i16.model,DEFINABLE,DEFINABLE,0.669,0.160,1
random_magma_n8_k1_random_half_i17.model,DEFINABLE,DEFINABLE,0.769,0.187,1
random_magma_n8_k1_random_half_i18.model,DEFINABLE,DEFINABLE,0.742,0.184,1
random_magma_n8_k1_random_half_i19.model,DEFINABLE,DEFINABLE,0.706,0.187,1
random_magma_n8_k1_random_half_i2.model,DEFINABLE,DEFINABLE,0.799,0.209,1
random_magma_n8_k1_random_half_i20.model,NOT_DEFINABLE,NOT_DEFINABLE,0.482,0.120,1
random_magma_n8_k1_random_half_i21.model,DEFINABLE,DEFINABLE,0.624,0.181,1
random_magma_n8_k1_random_half_i22.model,DEFINABLE,DEFINABLE,0.843,0.209,1
random_magma_n8_k1_random_half_i23.model,NOT_DEFINABLE,NOT_DEFINABLE,0.185,0.098,1
random_magma_n8_k1_random_half_i24.model,DEFINABLE,DEFINABLE,0.678,0.159,1
random_magma_n8_k1_random_half_i25.model,DEFINABLE,DEFINABLE,0.675,0.180,1
random_magma_n8_k1_random_half_i26.model,DEFINABLE,DEFINABLE,1.001,0.201,1
random_magma_n8_k1_random_half_i27.model,DEFINABLE,DEFINABLE,0.925,0.226,1
random_magma_n8_k1_random_half_i28.model,DEFINABLE,DEFINABLE,0.847,0.202,1
random_magma_n8_k1_random_half_i29.model,DEFINABLE,DEFINABLE,0.918,0.188,1
random_magma_n8_k1_random_half_i3.model,DEFINABLE,DEFINABLE,0.773,0.211,1
random_magma_n8_k1_random_half_i4.model,NOT_DEFINABLE,NOT_DEFINABLE,0.235,0.124,1
random_magma_n8_k1_random_half_i5.model,DEFINABLE,DEFINABLE,0.785,0.210,1
random_magma_n8_k1_random_half_i6.model,DEFINABLE,DEFINABLE,0.774,0.212,1
random_magma_n8_k1_random_half_i7.model,DEFINABLE,DEFINABLE,0.709,0.175,1
random_magma_n8_k1_random_half_i8.model,NOT_DEFINABLE,NOT_DEFINABLE,0.321,0.160,1
random_magma_n8_k1_random_half_i9.model,DEFINABLE,DEFINABLE,0.969,0.211,1
random_magma_n8_k2_definable_eq_i0.model,DEFINABLE,DEFINABLE,0.397,0.176,1
random_magma_n8_k2_definable_eq_i1.model,DEFINABLE,DEFINABLE,0.437,0.208,1
random_magma_n8_k2_definable_eq_i10.model,DEFINABLE,DEFINABLE,0.372,0.205,1
random_magma_n8_k2_definable_eq_i11.model,DEFINABLE,DEFINABLE,0.441,0.207,1
random_magma_n8_k2_definable_eq_i12.model,DEFINABLE,DEFINABLE,0.445,0.176,1
random_magma_n8_k2_definable_eq_i13.model,DEFINABLE,DEFINABLE,0.397,0.211,1
random_magma_n8_k2_definable_eq_i14.model,DEFINABLE,DEFINABLE,0.448,0.156,1
random_magma_n8_k2_definable_eq_i15.model,DEFINABLE,DEFINABLE,0.363,0.185,1
random_magma_n8_k2_definable_eq_i16.model,DEFINABLE,DEFINABLE,0.390,0.199,1
random_magma_n8_k2_definable_eq_i17.model,DEFINABLE,DEFINABLE,0.471,0.190,1
random_magma_n8_k2_definable_eq_i18.model,DEFINABLE,DEFINABLE,0.451,0.205,1
random_magma_n8_k2_definable_eq_i19.model,DEFINABLE,DEFINABLE,0.403,0.181,1
random_magma_n8_k2_definable_eq_i2.model,DEFINABLE,DEFINABLE,0.359,0.164,1
random_magma_n8_k2_definable_eq_i20.model,DEFINABLE,DEFINABLE,0.409,0.191,1
random_magma_n8_k2_definable_eq_i21.model,DEFINABLE,DEFINABLE,0.347,0.199,1
random_magma_n8_k2_definable_eq_i22.model,DEFINABLE,DEFINABLE,0.406,0.207,1
random_magma_n8_k2_definable_eq_i23.model,DEFINABLE,DEFINABLE,0.547,0.205,1
random_magma_n8_k2_definable_eq_i24.model,DEFINABLE,DEFINABLE,0.437,0.194,1
random_magma_n8_k2_definable_eq_i25.model,DEFINABLE,DEFINABLE,0.285,0.158,1
random_magma_n8_k2_definable_eq_i26.model,DEFINABLE,DEFINABLE,0.487,0.179,1
random_magma_n8_k2_definable_eq_i27.model,DEFINABLE,DEFINABLE,0.394,0.168,1
random_magma_n8_k2_definable_eq_i28.model,DEFINABLE,DEFINABLE,0.384,0.197,1
random_magma_n8_k2_definable_eq_i29.model,DEFINABLE,DEFINABLE,0.415,0.217,1
random_magma_n8_k2_definable_eq_i3.model,DEFINABLE,DEFINABLE,0.380,0.182,1
random_magma_n8_k2_definable_eq_i4.model,DEFINABLE,DEFINABLE,0.424,0.209,1
random_magma_n8_k2_definable_eq_i5.model,DEFINABLE,DEFINABLE,0.536,0.198,1
random_magma_n8_k2_definable_eq_i6.model,DEFINABLE,DEFINABLE,0.394,0.167,1
random_magma_n8_k2_definable_eq_i7.model,DEFINABLE,DEFINABLE,0.418,0.196,1
random_magma_n8_k2_definable_eq_i8.model,DEFINABLE,DEFINABLE,0.417,0.204,1
random_magma_n8_k2_definable_eq_i9.model,DEFINABLE,DEFINABLE,0.423,0.185,1
random_magma_n8_k2_nondef_mix_i0.model,DEFINABLE,DEFINABLE,4.344,1.245,1
random_magma_n8_k2_nondef_mix_i1.model,DEFINABLE,DEFINABLE,4.605,1.348,1
random_magma_n8_k2_nondef_mix_i10.model,NOT_DEFINABLE,NOT_DEFINABLE,0.200,0.866,1
random_magma_n8_k2_nondef_mix_i11.model,NOT_DEFINABLE,NOT_DEFINABLE,0.511,0.113,1
random_magma_n8_k2_nondef_mix_i12.model,DEFINABLE,DEFINABLE,4.284,1.199,1
random_magma_n8_k2_nondef_mix_i13.model,DEFINABLE,DEFINABLE,4.450,1.249,1
random_magma_n8_k2_nondef_mix_i14.model,DEFINABLE,DEFINABLE,4.290,1.267,1
random_magma_n8_k2_nondef_mix_i15.model,DEFINABLE,DEFINABLE,4.359,1.258,1
random_magma_n8_k2_nondef_mix_i16.model,NOT_DEFINABLE,NOT_DEFINABLE,0.216,1.267,1
random_magma_n8_k2_nondef_mix_i17.model,DEFINABLE,DEFINABLE,4.403,1.243,1
random_magma_n8_k2_nondef_mix_i18.model,DEFINABLE,DEFINABLE,4.629,1.336,1
random_magma_n8_k2_nondef_mix_i19.model,DEFINABLE,DEFINABLE,4.540,1.328,1
random_magma_n8_k2_nondef_mix_i2.model,DEFINABLE,DEFINABLE,4.182,1.292,1
random_magma_n8_k2_nondef_mix_i20.model,DEFINABLE,DEFINABLE,4.312,1.283,1
random_magma_n8_k2_nondef_mix_i21.model,DEFINABLE,DEFINABLE,4.197,1.297,1
random_magma_n8_k2_nondef_mix_i22.model,DEFINABLE,DEFINABLE,4.221,1.248,1
random_magma_n8_k2_nondef_mix_i23.model,DEFINABLE,DEFINABLE,4.332,1.309,1
random_magma_n8_k2_nondef_mix_i24.model,DEFINABLE,DEFINABLE,4.419,1.243,1
random_magma_n8_k2_nondef_mix_i25.model,DEFINABLE,DEFINABLE,4.366,1.285,1
random_magma_n8_k2_nondef_mix_i26.model,DEFINABLE,DEFINABLE,4.371,1.263,1
random_magma_n8_k2_nondef_mix_i27.model,DEFINABLE,DEFINABLE,4.753,1.315,1
random_magma_n8_k2_nondef_mix_i28.model,NOT_DEFINABLE,NOT_DEFINABLE,0.303,1.296,1
random_magma_n8_k2_nondef_mix_i29.model,DEFINABLE,DEFINABLE,4.508,1.349,1
random_magma_n8_k2_nondef_mix_i3.model,DEFINABLE,DEFINABLE,4.275,1.384,1
random_magma_n8_k2_nondef_mix_i4.model,DEFINABLE,DEFINABLE,4.180,1.289,1
random_magma_n8_k2_nondef_mix_i5.model,DEFINABLE,DEFINABLE,4.406,1.283,1
random_magma_n8_k2_nondef_mix_i6.model,DEFINABLE,DEFINABLE,4.357,1.269,1
random_magma_n8_k2_nondef_mix_i7.model,DEFINABLE,DEFINABLE,4.558,1.308,1
random_magma_n8_k2_nondef_mix_i8.model,DEFINABLE,DEFINABLE,4.232,1.371,1
random_magma_n8_k2_nondef_mix_i9.model,DEFINABLE,DEFINABLE,4.345,1.252,1
random_magma_n8_k2_random_half_i0.model,DEFINABLE,DEFINABLE,4.360,1.278,1
random_magma_n8_k2_random_half_i1.model,NOT_DEFINABLE,NOT_DEFINABLE,0.201,1.294,1
random_magma_n8_k2_random_half_i10.model,DEFINABLE,DEFINABLE,4.845,1.368,1
random_magma_n8_k2_random_half_i11.model,DEFINABLE,DEFINABLE,4.256,1.220,1
random_magma_n8_k2_random_half_i12.model,DEFINABLE,DEFINABLE,4.624,1.343,1
random_magma_n8_k2_random_half_i13.model,DEFINABLE,DEFINABLE,3.991,1.195,1
random_magma_n8_k2_random_half_i14.model,DEFINABLE,DEFINABLE,4.619,1.363,1
random_magma_n8_k2_random_half_i15.model,DEFINABLE,DEFINABLE,4.420,1.275,1
random_magma_n8_k2_random_half_i16.model,DEFINABLE,DEFINABLE,4.377,1.329,1
random_magma_n8_k2_random_half_i17.model,DEFINABLE,DEFINABLE,4.536,1.377,1
random_magma_n8_k2_random_half_i18.model,DEFINABLE,DEFINABLE,4.359,1.264,1
random_magma_n8_k2_random_half_i19.model,DEFINABLE,DEFINABLE,4.394,1.323,1
random_magma_n8_k2_random_half_i2.model,DEFINABLE,DEFINABLE,4.451,1.318,1
random_magma_n8_k2_random_half_i20.model,DEFINABLE,DEFINABLE,4.327,1.304,1
random_magma_n8_k2_random_half_i21.model,DEFINABLE,DEFINABLE,4.422,1.318,1
random_magma_n8_k2_random_half_i22.model,DEFINABLE,DEFINABLE,4.370,1.375,1
random_magma_n8_k2_random_half_i23.model,NOT_DEFINABLE,NOT_DEFINABLE,0.243,1.258,1
random_magma_n8_k2_random_half_i24.model,NOT_DEFINABLE,NOT_DEFINABLE,0.161,1.227,1
random_magma_n8_k2_random_half_i25.model,DEFINABLE,DEFINABLE,4.507,1.322,1
random_magma_n8_k2_random_half_i26.model,NOT_DEFINABLE,NOT_DEFINABLE,0.347,1.222,1
random_magma_n8_k2_random_half_i27.model,DEFINABLE,DEFINABLE,4.369,1.292,1
random_magma_n8_k2_random_half_i28.model,DEFINABLE,DEFINABLE,4.156,1.287,1
random_magma_n8_k2_random_half_i29.model,DEFINABLE,DEFINABLE,4.295,1.266,1
random_magma_n8_k2_random_half_i3.model,DEFINABLE,DEFINABLE,3.968,1.198,1
random_magma_n8_k2_random_half_i4.model,DEFINABLE,DEFINABLE,5.994,1.302,1
random_magma_n8_k2_random_half_i5.model,DEFINABLE,DEFINABLE,4.592,1.428,1
random_magma_n8_k2_random_half_i6.model,DEFINABLE,DEFINABLE,4.284,1.316,1
random_magma_n8_k2_random_half_i7.model,NOT_DEFINABLE,NOT_DEFINABLE,0.233,1.310,1
random_magma_n8_k2_random_half_i8.model,DEFINABLE,DEFINABLE,4.193,1.292,1
random_magma_n8_k2_random_half_i9.model,DEFINABLE,DEFINABLE,4.214,1.284,1
